yarn run v1.22.22
$ concurrently "nodemon" "nodemon -x python3 genTypes.py"
[0] [33m[nodemon] 3.1.11[39m
[0] [33m[nodemon] to restart at any time, enter `rs`[39m
[0] [33m[nodemon] watching path(s): src/**/* ../../shared/**/*[39m
[0] [33m[nodemon] watching extensions: ts[39m
[0] [32m[nodemon] starting `ts-node src/index.ts`[39m
[1] [33m[nodemon] 3.1.11[39m
[1] [33m[nodemon] to restart at any time, enter `rs`[39m
[1] [33m[nodemon] watching path(s): src/**/* ../../shared/**/*[39m
[1] [33m[nodemon] watching extensions: ts[39m
[1] [32m[nodemon] starting `python3 genTypes.py`[39m
[0] Loading environment variables...
[0] [2026-04-19T00:54:23.078Z][WARN][@clickhouse/client][Config] "host" is deprecated. Use "url" instead.
[0] [2026-04-19T00:54:23.078Z][WARN][@clickhouse/client][Config] "host" is deprecated. Use "url" instead.
[1] npm warn Unknown env config "version-git-tag". This will stop working in the next major version of npm. See `npm help npmrc` for supported config options.
[1] npm warn Unknown env config "argv". This will stop working in the next major version of npm. See `npm help npmrc` for supported config options.
[1] npm warn Unknown env config "version-commit-hooks". This will stop working in the next major version of npm. See `npm help npmrc` for supported config options.
[1] npm warn Unknown env config "cache-folder". This will stop working in the next major version of npm. See `npm help npmrc` for supported config options.
[1] npm warn Unknown env config "version-git-message". This will stop working in the next major version of npm. See `npm help npmrc` for supported config options.
[1] npm warn Unknown env config "version-tag-prefix". This will stop working in the next major version of npm. See `npm help npmrc` for supported config options.
[0] [33m⚠️  Warning: @helicone/prompts package is deprecated and will no longer receive updates.[0m
[0] Server is running on http://localhost:8585
[0] Slack configuration incomplete, Slack features disabled
[0] 2026-04-19T00:54:25.760Z - GET /health
[0] 401 Unauthorized: No authorization header for path: /health
[0] GET /health 401 67 - 1.466 ms
[1] The type Object is discouraged. Please consider using an interface such as:
[1]           export interface IStringToStringDictionary {
[1]             [key: string]: string;
[1]           }
[1]           // or
[1]           export interface IRecordOfAny {
[1]             [key: string]: any;
[1]           }
[1]         
[1] The type Object is discouraged. Please consider using an interface such as:
[1]           export interface IStringToStringDictionary {
[1]             [key: string]: string;
[1]           }
[1]           // or
[1]           export interface IRecordOfAny {
[1]             [key: string]: any;
[1]           }
[1]         
[1] npm warn Unknown env config "version-git-tag". This will stop working in the next major version of npm. See `npm help npmrc` for supported config options.
[1] npm warn Unknown env config "argv". This will stop working in the next major version of npm. See `npm help npmrc` for supported config options.
[1] npm warn Unknown env config "version-commit-hooks". This will stop working in the next major version of npm. See `npm help npmrc` for supported config options.
[1] npm warn Unknown env config "cache-folder". This will stop working in the next major version of npm. See `npm help npmrc` for supported config options.
[1] npm warn Unknown env config "version-git-message". This will stop working in the next major version of npm. See `npm help npmrc` for supported config options.
[1] npm warn Unknown env config "version-tag-prefix". This will stop working in the next major version of npm. See `npm help npmrc` for supported config options.
[1] The type Object is discouraged. Please consider using an interface such as:
[1]           export interface IStringToStringDictionary {
[1]             [key: string]: string;
[1]           }
[1]           // or
[1]           export interface IRecordOfAny {
[1]             [key: string]: any;
[1]           }
[1]         
[1] npm warn Unknown env config "version-git-tag". This will stop working in the next major version of npm. See `npm help npmrc` for supported config options.
[1] npm warn Unknown env config "argv". This will stop working in the next major version of npm. See `npm help npmrc` for supported config options.
[1] npm warn Unknown env config "version-commit-hooks". This will stop working in the next major version of npm. See `npm help npmrc` for supported config options.
[1] npm warn Unknown env config "cache-folder". This will stop working in the next major version of npm. See `npm help npmrc` for supported config options.
[1] npm warn Unknown env config "version-git-message". This will stop working in the next major version of npm. See `npm help npmrc` for supported config options.
[1] npm warn Unknown env config "version-tag-prefix". This will stop working in the next major version of npm. See `npm help npmrc` for supported config options.
[1] ✨ openapi-typescript 6.7.6
[1] 🚀 /Users/jack/typescript/helicone/valhalla/jawn/src/tsoa-build/public/swagger.json → file:///Users/jack/typescript/helicone/web/lib/clients/jawnTypes/public.ts [52ms]
[1] npm warn Unknown env config "version-git-tag". This will stop working in the next major version of npm. See `npm help npmrc` for supported config options.
[1] npm warn Unknown env config "argv". This will stop working in the next major version of npm. See `npm help npmrc` for supported config options.
[1] npm warn Unknown env config "version-commit-hooks". This will stop working in the next major version of npm. See `npm help npmrc` for supported config options.
[1] npm warn Unknown env config "cache-folder". This will stop working in the next major version of npm. See `npm help npmrc` for supported config options.
[1] npm warn Unknown env config "version-git-message". This will stop working in the next major version of npm. See `npm help npmrc` for supported config options.
[1] npm warn Unknown env config "version-tag-prefix". This will stop working in the next major version of npm. See `npm help npmrc` for supported config options.
[1] ✨ openapi-typescript 6.7.6
[1] 🚀 /Users/jack/typescript/helicone/valhalla/jawn/src/tsoa-build/public/swagger.json → file:///Users/jack/typescript/helicone/bifrost/lib/clients/jawnTypes/public.ts [41ms]
[1] npm warn Unknown env config "version-git-tag". This will stop working in the next major version of npm. See `npm help npmrc` for supported config options.
[1] npm warn Unknown env config "argv". This will stop working in the next major version of npm. See `npm help npmrc` for supported config options.
[1] npm warn Unknown env config "version-commit-hooks". This will stop working in the next major version of npm. See `npm help npmrc` for supported config options.
[1] npm warn Unknown env config "cache-folder". This will stop working in the next major version of npm. See `npm help npmrc` for supported config options.
[1] npm warn Unknown env config "version-git-message". This will stop working in the next major version of npm. See `npm help npmrc` for supported config options.
[1] npm warn Unknown env config "version-tag-prefix". This will stop working in the next major version of npm. See `npm help npmrc` for supported config options.
[1] ✨ openapi-typescript 6.7.6
[1] 🚀 /Users/jack/typescript/helicone/valhalla/jawn/src/tsoa-build/public/swagger.json → file:///Users/jack/typescript/helicone/helicone-mcp/src/types/public.ts [230ms]
[1] npm warn Unknown env config "version-git-tag". This will stop working in the next major version of npm. See `npm help npmrc` for supported config options.
[1] npm warn Unknown env config "argv". This will stop working in the next major version of npm. See `npm help npmrc` for supported config options.
[1] npm warn Unknown env config "version-commit-hooks". This will stop working in the next major version of npm. See `npm help npmrc` for supported config options.
[1] npm warn Unknown env config "cache-folder". This will stop working in the next major version of npm. See `npm help npmrc` for supported config options.
[1] npm warn Unknown env config "version-git-message". This will stop working in the next major version of npm. See `npm help npmrc` for supported config options.
[1] npm warn Unknown env config "version-tag-prefix". This will stop working in the next major version of npm. See `npm help npmrc` for supported config options.
[1] ✨ openapi-typescript 6.7.6
[1] 🚀 /Users/jack/typescript/helicone/valhalla/jawn/src/tsoa-build/private/swagger.json → file:///Users/jack/typescript/helicone/web/lib/clients/jawnTypes/private.ts [79ms]
[1] npm warn Unknown env config "version-git-tag". This will stop working in the next major version of npm. See `npm help npmrc` for supported config options.
[1] npm warn Unknown env config "argv". This will stop working in the next major version of npm. See `npm help npmrc` for supported config options.
[1] npm warn Unknown env config "version-commit-hooks". This will stop working in the next major version of npm. See `npm help npmrc` for supported config options.
[1] npm warn Unknown env config "cache-folder". This will stop working in the next major version of npm. See `npm help npmrc` for supported config options.
[1] npm warn Unknown env config "version-git-message". This will stop working in the next major version of npm. See `npm help npmrc` for supported config options.
[1] npm warn Unknown env config "version-tag-prefix". This will stop working in the next major version of npm. See `npm help npmrc` for supported config options.
[1] ✨ openapi-typescript 6.7.6
[1] 🚀 /Users/jack/typescript/helicone/valhalla/jawn/src/tsoa-build/private/swagger.json → file:///Users/jack/typescript/helicone/bifrost/lib/clients/jawnTypes/private.ts [289ms]
[1] [32m[nodemon] clean exit - waiting for changes before restart[39m
[0] 2026-04-19T00:54:34.027Z - OPTIONS /v1/organization/setup-demo
[0] 2026-04-19T00:54:34.028Z - POST /v1/organization/setup-demo
[0] 2026-04-19T00:54:34.037Z - POST /v1/organization/setup-demo
[0] Session not found for token starting with: 45QPhy7JWU
[0] 401 Unauthorized: Invalid or expired session for path: /v1/organization/setup-demo
[0] Session not found for token starting with: 45QPhy7JWU
[0] 401 Unauthorized: Invalid or expired session for path: /v1/organization/setup-demo
[0] POST /v1/organization/setup-demo 401 70 - 9.889 ms
[0] 2026-04-19T00:54:34.957Z - OPTIONS /v1/organization
[0] 2026-04-19T00:54:34.958Z - GET /v1/organization
[0] Session not found for token starting with: 45QPhy7JWU
[0] 2026-04-19T00:54:35.967Z - GET /v1/organization
[0] Session not found for token starting with: 45QPhy7JWU
[0] 2026-04-19T00:54:36.978Z - GET /v1/organization
[0] Session not found for token starting with: 45QPhy7JWU
[0] 2026-04-19T00:54:37.783Z - OPTIONS /v1/metrics/country
[0] 2026-04-19T00:54:37.789Z - OPTIONS /v1/providers
[0] 2026-04-19T00:54:37.790Z - POST /v1/metrics/country
[0] 2026-04-19T00:54:37.790Z - OPTIONS /v1/dashboard/scores/query
[0] 2026-04-19T00:54:37.791Z - OPTIONS /v1/metrics/tokensOverTime
[0] 2026-04-19T00:54:37.791Z - OPTIONS /v1/metrics/quantiles
[0] 2026-04-19T00:54:37.792Z - OPTIONS /v1/metrics/requestOverTime
[0] 2026-04-19T00:54:37.792Z - OPTIONS /v1/metrics/errorOverTime
[0] 2026-04-19T00:54:37.792Z - OPTIONS /v1/request/count/query
[0] 2026-04-19T00:54:37.792Z - OPTIONS /v1/metrics/costOverTime
[0] 2026-04-19T00:54:37.793Z - OPTIONS /v1/metrics/requestStatusOverTime
[0] 2026-04-19T00:54:37.793Z - OPTIONS /v1/request/count/query
[0] 2026-04-19T00:54:37.793Z - OPTIONS /v1/metrics/timeToFirstToken
[0] 2026-04-19T00:54:37.794Z - OPTIONS /v1/metrics/latencyOverTime
[0] 2026-04-19T00:54:37.794Z - OPTIONS /v1/metrics/usersOverTime
[0] 2026-04-19T00:54:37.794Z - OPTIONS /v1/metrics/models
[0] 2026-04-19T00:54:37.795Z - OPTIONS /v1/metrics/totalRequests
[0] 2026-04-19T00:54:37.796Z - OPTIONS /v1/metrics/averageLatency
[0] 2026-04-19T00:54:37.797Z - OPTIONS /v1/metrics/threatsOverTime
[0] 2026-04-19T00:54:37.798Z - OPTIONS /v1/metrics/totalCost
[0] Session not found for token starting with: 45QPhy7JWU
[0] 401 Unauthorized: Invalid or expired session for path: /v1/metrics/country
[0] POST /v1/metrics/country 401 70 - 8.086 ms
[0] 2026-04-19T00:54:37.798Z - POST /v1/providers
[0] 2026-04-19T00:54:37.800Z - OPTIONS /v1/metrics/averageTimeToFirstToken
[0] 2026-04-19T00:54:37.801Z - OPTIONS /v1/metrics/totalThreats
[0] 2026-04-19T00:54:37.801Z - OPTIONS /v1/agent/threads
[0] 2026-04-19T00:54:37.801Z - OPTIONS /v1/alert-banner
[0] 2026-04-19T00:54:37.801Z - OPTIONS /v1/metrics/averageTokensPerRequest
[0] 2026-04-19T00:54:37.801Z - OPTIONS /v1/metrics/activeUsers
[0] 2026-04-19T00:54:37.802Z - POST /v1/metrics/errorOverTime
[0] 2026-04-19T00:54:37.803Z - POST /v1/dashboard/scores/query
[0] 2026-04-19T00:54:37.805Z - OPTIONS /v1/agent/thread/3a72b692-8e97-40c8-9456-d176251609b3
[0] Session not found for token starting with: 45QPhy7JWU
[0] 401 Unauthorized: Invalid or expired session for path: /v1/providers
[0] POST /v1/providers 401 70 - 6.220 ms
[0] 2026-04-19T00:54:37.806Z - POST /v1/metrics/tokensOverTime
[0] Session not found for token starting with: 45QPhy7JWU
[0] 401 Unauthorized: Invalid or expired session for path: /v1/metrics/errorOverTime
[0] POST /v1/metrics/errorOverTime 401 70 - 4.360 ms
[0] 2026-04-19T00:54:37.808Z - POST /v1/request/count/query
[0] 2026-04-19T00:54:37.808Z - POST /v1/metrics/quantiles
[0] 2026-04-19T00:54:37.809Z - POST /v1/metrics/costOverTime
[0] 2026-04-19T00:54:37.811Z - POST /v1/metrics/requestOverTime
[0] Session not found for token starting with: 45QPhy7JWU
[0] 401 Unauthorized: Invalid or expired session for path: /v1/metrics/tokensOverTime
[0] POST /v1/metrics/tokensOverTime 401 70 - 11.763 ms
[0] Session not found for token starting with: 45QPhy7JWU
[0] 401 Unauthorized: Invalid or expired session for path: /v1/request/count/query
[0] POST /v1/request/count/query 401 70 - 11.769 ms
[0] 2026-04-19T00:54:37.821Z - POST /v1/metrics/requestStatusOverTime
[0] 2026-04-19T00:54:37.823Z - POST /v1/request/count/query
[0] Session not found for token starting with: 45QPhy7JWU
[0] 401 Unauthorized: Invalid or expired session for path: /v1/metrics/requestStatusOverTime
[0] POST /v1/metrics/requestStatusOverTime 401 70 - 10.545 ms
[0] Session not found for token starting with: 45QPhy7JWU
[0] 401 Unauthorized: Invalid or expired session for path: /v1/request/count/query
[0] POST /v1/request/count/query 401 70 - 6.962 ms
[0] 2026-04-19T00:54:37.833Z - POST /v1/metrics/timeToFirstToken
[0] 2026-04-19T00:54:37.834Z - POST /v1/metrics/latencyOverTime
[0] Session not found for token starting with: 45QPhy7JWU
[0] 401 Unauthorized: Invalid or expired session for path: /v1/metrics/latencyOverTime
[0] POST /v1/metrics/latencyOverTime 401 70 - 6.644 ms
[0] Session not found for token starting with: 45QPhy7JWU
[0] 401 Unauthorized: Invalid or expired session for path: /v1/metrics/timeToFirstToken
[0] POST /v1/metrics/timeToFirstToken 401 70 - 8.181 ms
[0] 2026-04-19T00:54:37.843Z - POST /v1/metrics/usersOverTime
[0] 2026-04-19T00:54:37.843Z - POST /v1/metrics/models
[0] Session not found for token starting with: 45QPhy7JWU
[0] 401 Unauthorized: Invalid or expired session for path: /v1/metrics/models
[0] POST /v1/metrics/models 401 70 - 2.190 ms
[0] Session not found for token starting with: 45QPhy7JWU
[0] 401 Unauthorized: Invalid or expired session for path: /v1/metrics/usersOverTime
[0] POST /v1/metrics/usersOverTime 401 70 - 3.519 ms
[0] 2026-04-19T00:54:37.848Z - POST /v1/metrics/totalRequests
[0] Session not found for token starting with: 45QPhy7JWU
[0] 401 Unauthorized: Invalid or expired session for path: /v1/dashboard/scores/query
[0] POST /v1/dashboard/scores/query 401 70 - 45.377 ms
[0] 2026-04-19T00:54:37.849Z - POST /v1/metrics/averageLatency
[0] Session not found for token starting with: 45QPhy7JWU
[0] 401 Unauthorized: Invalid or expired session for path: /v1/metrics/requestOverTime
[0] POST /v1/metrics/requestOverTime 401 70 - 38.597 ms
[0] Session not found for token starting with: 45QPhy7JWU
[0] 401 Unauthorized: Invalid or expired session for path: /v1/metrics/quantiles
[0] POST /v1/metrics/quantiles 401 70 - 41.693 ms
[0] Session not found for token starting with: 45QPhy7JWU
[0] 401 Unauthorized: Invalid or expired session for path: /v1/metrics/costOverTime
[0] POST /v1/metrics/costOverTime 401 70 - 39.307 ms
[0] Session not found for token starting with: 45QPhy7JWU
[0] 401 Unauthorized: Invalid or expired session for path: /v1/metrics/totalRequests
[0] POST /v1/metrics/totalRequests 401 70 - 2.370 ms
[0] 2026-04-19T00:54:37.851Z - POST /v1/metrics/threatsOverTime
[0] 2026-04-19T00:54:37.851Z - POST /v1/metrics/totalCost
[0] Session not found for token starting with: 45QPhy7JWU
[0] 401 Unauthorized: Invalid or expired session for path: /v1/metrics/averageLatency
[0] POST /v1/metrics/averageLatency 401 70 - 1.390 ms
[0] 2026-04-19T00:54:37.851Z - POST /v1/metrics/averageTimeToFirstToken
[0] 2026-04-19T00:54:37.852Z - POST /v1/metrics/totalThreats
[0] Session not found for token starting with: 45QPhy7JWU
[0] 401 Unauthorized: Invalid or expired session for path: /v1/metrics/threatsOverTime
[0] POST /v1/metrics/threatsOverTime 401 70 - 2.144 ms
[0] 2026-04-19T00:54:37.854Z - GET /v1/agent/threads
[0] Session not found for token starting with: 45QPhy7JWU
[0] 401 Unauthorized: Invalid or expired session for path: /v1/metrics/totalCost
[0] POST /v1/metrics/totalCost 401 70 - 4.070 ms
[0] 2026-04-19T00:54:37.856Z - GET /v1/alert-banner
[0] Session not found for token starting with: 45QPhy7JWU
[0] 401 Unauthorized: Invalid or expired session for path: /v1/metrics/totalThreats
[0] POST /v1/metrics/totalThreats 401 70 - 6.434 ms
[0] Session not found for token starting with: 45QPhy7JWU
[0] 401 Unauthorized: Invalid or expired session for path: /v1/metrics/averageTimeToFirstToken
[0] POST /v1/metrics/averageTimeToFirstToken 401 70 - 7.290 ms
[0] 2026-04-19T00:54:37.859Z - POST /v1/metrics/averageTokensPerRequest
[0] 2026-04-19T00:54:37.860Z - POST /v1/metrics/activeUsers
[0] 2026-04-19T00:54:37.861Z - GET /v1/agent/thread/3a72b692-8e97-40c8-9456-d176251609b3
[0] Session not found for token starting with: 45QPhy7JWU
[0] 401 Unauthorized: Invalid or expired session for path: /v1/alert-banner
[0] GET /v1/alert-banner 401 70 - 6.244 ms
[0] Session not found for token starting with: 45QPhy7JWU
[0] 401 Unauthorized: Invalid or expired session for path: /v1/agent/threads
[0] GET /v1/agent/threads 401 70 - 8.113 ms
[0] Session not found for token starting with: 45QPhy7JWU
[0] 401 Unauthorized: Invalid or expired session for path: /v1/metrics/averageTokensPerRequest
[0] POST /v1/metrics/averageTokensPerRequest 401 70 - 3.406 ms
[0] Session not found for token starting with: 45QPhy7JWU
[0] 401 Unauthorized: Invalid or expired session for path: /v1/metrics/activeUsers
[0] POST /v1/metrics/activeUsers 401 70 - 3.007 ms
[0] Session not found for token starting with: 45QPhy7JWU
[0] 401 Unauthorized: Invalid or expired session for path: /v1/agent/thread/3a72b692-8e97-40c8-9456-d176251609b3
[0] GET /v1/agent/thread/3a72b692-8e97-40c8-9456-d176251609b3 401 70 - 12.189 ms
[0] 2026-04-19T00:54:37.984Z - GET /v1/organization
[0] Session not found for token starting with: 45QPhy7JWU
[0] 2026-04-19T00:54:38.839Z - POST /v1/metrics/country
[0] Session not found for token starting with: 45QPhy7JWU
[0] 401 Unauthorized: Invalid or expired session for path: /v1/metrics/country
[0] POST /v1/metrics/country 401 70 - 0.963 ms
[0] 2026-04-19T00:54:38.845Z - POST /v1/metrics/errorOverTime
[0] 2026-04-19T00:54:38.849Z - POST /v1/metrics/tokensOverTime
[0] 2026-04-19T00:54:38.849Z - POST /v1/request/count/query
[0] 2026-04-19T00:54:38.850Z - POST /v1/metrics/requestStatusOverTime
[0] 2026-04-19T00:54:38.850Z - POST /v1/request/count/query
[0] Session not found for token starting with: 45QPhy7JWU
[0] 401 Unauthorized: Invalid or expired session for path: /v1/metrics/errorOverTime
[0] POST /v1/metrics/errorOverTime 401 70 - 4.654 ms
[0] Session not found for token starting with: 45QPhy7JWU
[0] 401 Unauthorized: Invalid or expired session for path: /v1/request/count/query
[0] POST /v1/request/count/query 401 70 - 3.416 ms
[0] Session not found for token starting with: 45QPhy7JWU
[0] 401 Unauthorized: Invalid or expired session for path: /v1/metrics/tokensOverTime
[0] POST /v1/metrics/tokensOverTime 401 70 - 4.615 ms
[0] Session not found for token starting with: 45QPhy7JWU
[0] 401 Unauthorized: Invalid or expired session for path: /v1/metrics/requestStatusOverTime
[0] POST /v1/metrics/requestStatusOverTime 401 70 - 6.215 ms
[0] Session not found for token starting with: 45QPhy7JWU
[0] 401 Unauthorized: Invalid or expired session for path: /v1/request/count/query
[0] POST /v1/request/count/query 401 70 - 6.644 ms
[0] 2026-04-19T00:54:38.871Z - POST /v1/metrics/latencyOverTime
[0] 2026-04-19T00:54:38.872Z - POST /v1/metrics/timeToFirstToken
[0] Session not found for token starting with: 45QPhy7JWU
[0] 401 Unauthorized: Invalid or expired session for path: /v1/metrics/latencyOverTime
[0] POST /v1/metrics/latencyOverTime 401 70 - 2.688 ms
[0] 2026-04-19T00:54:38.875Z - POST /v1/metrics/models
[0] 2026-04-19T00:54:38.875Z - POST /v1/metrics/usersOverTime
[0] 2026-04-19T00:54:38.876Z - POST /v1/metrics/requestOverTime
[0] 2026-04-19T00:54:38.876Z - POST /v1/metrics/quantiles
[0] Session not found for token starting with: 45QPhy7JWU
[0] 401 Unauthorized: Invalid or expired session for path: /v1/metrics/timeToFirstToken
[0] POST /v1/metrics/timeToFirstToken 401 70 - 3.216 ms
[0] 2026-04-19T00:54:38.876Z - POST /v1/metrics/costOverTime
[0] Session not found for token starting with: 45QPhy7JWU
[0] 401 Unauthorized: Invalid or expired session for path: /v1/metrics/models
[0] POST /v1/metrics/models 401 70 - 2.579 ms
[0] 2026-04-19T00:54:38.878Z - POST /v1/metrics/totalRequests
[0] Session not found for token starting with: 45QPhy7JWU
[0] 401 Unauthorized: Invalid or expired session for path: /v1/metrics/requestOverTime
[0] POST /v1/metrics/requestOverTime 401 70 - 3.480 ms
[0] Session not found for token starting with: 45QPhy7JWU
[0] 401 Unauthorized: Invalid or expired session for path: /v1/metrics/usersOverTime
[0] POST /v1/metrics/usersOverTime 401 70 - 3.933 ms
[0] Session not found for token starting with: 45QPhy7JWU
[0] 401 Unauthorized: Invalid or expired session for path: /v1/metrics/costOverTime
[0] POST /v1/metrics/costOverTime 401 70 - 3.425 ms
[0] Session not found for token starting with: 45QPhy7JWU
[0] 401 Unauthorized: Invalid or expired session for path: /v1/metrics/quantiles
[0] POST /v1/metrics/quantiles 401 70 - 4.852 ms
[0] 2026-04-19T00:54:38.881Z - POST /v1/metrics/averageLatency
[0] 2026-04-19T00:54:38.882Z - POST /v1/metrics/threatsOverTime
[0] Session not found for token starting with: 45QPhy7JWU
[0] 401 Unauthorized: Invalid or expired session for path: /v1/metrics/totalRequests
[0] POST /v1/metrics/totalRequests 401 70 - 4.213 ms
[0] 2026-04-19T00:54:38.883Z - POST /v1/metrics/totalCost
[0] 2026-04-19T00:54:38.883Z - POST /v1/metrics/totalThreats
[0] 2026-04-19T00:54:38.883Z - POST /v1/metrics/averageTimeToFirstToken
[0] Session not found for token starting with: 45QPhy7JWU
[0] 401 Unauthorized: Invalid or expired session for path: /v1/metrics/averageLatency
[0] POST /v1/metrics/averageLatency 401 70 - 2.508 ms
[0] 2026-04-19T00:54:38.884Z - GET /v1/alert-banner
[0] Session not found for token starting with: 45QPhy7JWU
[0] 401 Unauthorized: Invalid or expired session for path: /v1/metrics/averageTimeToFirstToken
[0] POST /v1/metrics/averageTimeToFirstToken 401 70 - 1.421 ms
[0] Session not found for token starting with: 45QPhy7JWU
[0] 401 Unauthorized: Invalid or expired session for path: /v1/metrics/totalThreats
[0] POST /v1/metrics/totalThreats 401 70 - 1.726 ms
[0] Session not found for token starting with: 45QPhy7JWU
[0] 401 Unauthorized: Invalid or expired session for path: /v1/metrics/threatsOverTime
[0] POST /v1/metrics/threatsOverTime 401 70 - 7.128 ms
[0] 2026-04-19T00:54:38.890Z - POST /v1/metrics/averageTokensPerRequest
[0] Session not found for token starting with: 45QPhy7JWU
[0] 401 Unauthorized: Invalid or expired session for path: /v1/metrics/totalCost
[0] POST /v1/metrics/totalCost 401 70 - 7.235 ms
[0] 2026-04-19T00:54:38.891Z - GET /v1/agent/threads
[0] Session not found for token starting with: 45QPhy7JWU
[0] 401 Unauthorized: Invalid or expired session for path: /v1/alert-banner
[0] GET /v1/alert-banner 401 70 - 6.950 ms
[0] 2026-04-19T00:54:38.891Z - POST /v1/metrics/activeUsers
[0] 2026-04-19T00:54:38.892Z - GET /v1/agent/thread/3a72b692-8e97-40c8-9456-d176251609b3
[0] Session not found for token starting with: 45QPhy7JWU
[0] 401 Unauthorized: Invalid or expired session for path: /v1/metrics/averageTokensPerRequest
[0] POST /v1/metrics/averageTokensPerRequest 401 70 - 2.028 ms
[0] Session not found for token starting with: 45QPhy7JWU
[0] 401 Unauthorized: Invalid or expired session for path: /v1/agent/thread/3a72b692-8e97-40c8-9456-d176251609b3
[0] GET /v1/agent/thread/3a72b692-8e97-40c8-9456-d176251609b3 401 70 - 1.154 ms
[0] Session not found for token starting with: 45QPhy7JWU
[0] 401 Unauthorized: Invalid or expired session for path: /v1/metrics/activeUsers
[0] POST /v1/metrics/activeUsers 401 70 - 1.951 ms
[0] Session not found for token starting with: 45QPhy7JWU
[0] 401 Unauthorized: Invalid or expired session for path: /v1/agent/threads
[0] GET /v1/agent/threads 401 70 - 3.119 ms
[0] 2026-04-19T00:54:38.994Z - GET /v1/organization
[0] Session not found for token starting with: 45QPhy7JWU
[0] 2026-04-19T00:54:39.999Z - OPTIONS /v1/organization
[0] 2026-04-19T00:54:40.000Z - GET /v1/organization
[0] Session not found for token starting with: 45QPhy7JWU
[0] 2026-04-19T00:54:40.847Z - POST /v1/metrics/country
[0] Session not found for token starting with: 45QPhy7JWU
[0] 401 Unauthorized: Invalid or expired session for path: /v1/metrics/country
[0] POST /v1/metrics/country 401 70 - 1.096 ms
[0] 2026-04-19T00:54:40.857Z - POST /v1/metrics/errorOverTime
[0] 2026-04-19T00:54:40.857Z - POST /v1/request/count/query
[0] 2026-04-19T00:54:40.858Z - POST /v1/metrics/tokensOverTime
[0] Session not found for token starting with: 45QPhy7JWU
[0] 401 Unauthorized: Invalid or expired session for path: /v1/metrics/errorOverTime
[0] POST /v1/metrics/errorOverTime 401 70 - 1.684 ms
[0] 2026-04-19T00:54:40.859Z - POST /v1/metrics/requestStatusOverTime
[0] 2026-04-19T00:54:40.859Z - POST /v1/request/count/query
[0] Session not found for token starting with: 45QPhy7JWU
[0] 401 Unauthorized: Invalid or expired session for path: /v1/request/count/query
[0] POST /v1/request/count/query 401 70 - 2.478 ms
[0] Session not found for token starting with: 45QPhy7JWU
[0] 401 Unauthorized: Invalid or expired session for path: /v1/metrics/tokensOverTime
[0] POST /v1/metrics/tokensOverTime 401 70 - 2.297 ms
[0] Session not found for token starting with: 45QPhy7JWU
[0] 401 Unauthorized: Invalid or expired session for path: /v1/request/count/query
[0] POST /v1/request/count/query 401 70 - 1.387 ms
[0] Session not found for token starting with: 45QPhy7JWU
[0] 401 Unauthorized: Invalid or expired session for path: /v1/metrics/requestStatusOverTime
[0] POST /v1/metrics/requestStatusOverTime 401 70 - 2.334 ms
[0] 2026-04-19T00:54:40.876Z - POST /v1/metrics/latencyOverTime
[0] Session not found for token starting with: 45QPhy7JWU
[0] 401 Unauthorized: Invalid or expired session for path: /v1/metrics/latencyOverTime
[0] POST /v1/metrics/latencyOverTime 401 70 - 1.240 ms
[0] 2026-04-19T00:54:40.879Z - POST /v1/metrics/timeToFirstToken
[0] Session not found for token starting with: 45QPhy7JWU
[0] 401 Unauthorized: Invalid or expired session for path: /v1/metrics/timeToFirstToken
[0] POST /v1/metrics/timeToFirstToken 401 70 - 1.405 ms
[0] 2026-04-19T00:54:40.880Z - POST /v1/metrics/models
[0] 2026-04-19T00:54:40.882Z - POST /v1/metrics/requestOverTime
[0] 2026-04-19T00:54:40.882Z - POST /v1/metrics/usersOverTime
[0] Session not found for token starting with: 45QPhy7JWU
[0] 401 Unauthorized: Invalid or expired session for path: /v1/metrics/models
[0] POST /v1/metrics/models 401 70 - 2.336 ms
[0] 2026-04-19T00:54:40.884Z - POST /v1/metrics/costOverTime
[0] 2026-04-19T00:54:40.884Z - POST /v1/metrics/quantiles
[0] Session not found for token starting with: 45QPhy7JWU
[0] 401 Unauthorized: Invalid or expired session for path: /v1/metrics/requestOverTime
[0] POST /v1/metrics/requestOverTime 401 70 - 2.880 ms
[0] Session not found for token starting with: 45QPhy7JWU
[0] 401 Unauthorized: Invalid or expired session for path: /v1/metrics/usersOverTime
[0] POST /v1/metrics/usersOverTime 401 70 - 3.008 ms
[0] 2026-04-19T00:54:40.886Z - POST /v1/metrics/totalRequests
[0] Session not found for token starting with: 45QPhy7JWU
[0] 401 Unauthorized: Invalid or expired session for path: /v1/metrics/quantiles
[0] POST /v1/metrics/quantiles 401 70 - 2.829 ms
[0] Session not found for token starting with: 45QPhy7JWU
[0] 401 Unauthorized: Invalid or expired session for path: /v1/metrics/costOverTime
[0] POST /v1/metrics/costOverTime 401 70 - 3.328 ms
[0] Session not found for token starting with: 45QPhy7JWU
[0] 401 Unauthorized: Invalid or expired session for path: /v1/metrics/totalRequests
[0] POST /v1/metrics/totalRequests 401 70 - 1.640 ms
[0] 2026-04-19T00:54:40.890Z - POST /v1/metrics/averageLatency
[0] 2026-04-19T00:54:40.890Z - POST /v1/metrics/averageTimeToFirstToken
[0] 2026-04-19T00:54:40.890Z - POST /v1/metrics/totalThreats
[0] Session not found for token starting with: 45QPhy7JWU
[0] 401 Unauthorized: Invalid or expired session for path: /v1/metrics/averageLatency
[0] POST /v1/metrics/averageLatency 401 70 - 1.372 ms
[0] Session not found for token starting with: 45QPhy7JWU
[0] 401 Unauthorized: Invalid or expired session for path: /v1/metrics/totalThreats
[0] POST /v1/metrics/totalThreats 401 70 - 1.472 ms
[0] Session not found for token starting with: 45QPhy7JWU
[0] 401 Unauthorized: Invalid or expired session for path: /v1/metrics/averageTimeToFirstToken
[0] POST /v1/metrics/averageTimeToFirstToken 401 70 - 2.028 ms
[0] 2026-04-19T00:54:40.893Z - POST /v1/metrics/threatsOverTime
[0] 2026-04-19T00:54:40.893Z - POST /v1/metrics/totalCost
[0] 2026-04-19T00:54:40.893Z - GET /v1/alert-banner
[0] 2026-04-19T00:54:40.894Z - POST /v1/metrics/averageTokensPerRequest
[0] Session not found for token starting with: 45QPhy7JWU
[0] 401 Unauthorized: Invalid or expired session for path: /v1/metrics/totalCost
[0] POST /v1/metrics/totalCost 401 70 - 1.432 ms
[0] Session not found for token starting with: 45QPhy7JWU
[0] 401 Unauthorized: Invalid or expired session for path: /v1/metrics/threatsOverTime
[0] POST /v1/metrics/threatsOverTime 401 70 - 1.925 ms
[0] Session not found for token starting with: 45QPhy7JWU
[0] 401 Unauthorized: Invalid or expired session for path: /v1/alert-banner
[0] GET /v1/alert-banner 401 70 - 1.274 ms
[0] Session not found for token starting with: 45QPhy7JWU
[0] 401 Unauthorized: Invalid or expired session for path: /v1/metrics/averageTokensPerRequest
[0] POST /v1/metrics/averageTokensPerRequest 401 70 - 1.156 ms
[0] 2026-04-19T00:54:40.895Z - GET /v1/agent/thread/3a72b692-8e97-40c8-9456-d176251609b3
[0] 2026-04-19T00:54:40.896Z - POST /v1/metrics/activeUsers
[0] 2026-04-19T00:54:40.897Z - GET /v1/agent/threads
[0] Session not found for token starting with: 45QPhy7JWU
[0] 401 Unauthorized: Invalid or expired session for path: /v1/agent/thread/3a72b692-8e97-40c8-9456-d176251609b3
[0] GET /v1/agent/thread/3a72b692-8e97-40c8-9456-d176251609b3 401 70 - 2.024 ms
[0] Session not found for token starting with: 45QPhy7JWU
[0] 401 Unauthorized: Invalid or expired session for path: /v1/metrics/activeUsers
[0] POST /v1/metrics/activeUsers 401 70 - 1.689 ms
[0] Session not found for token starting with: 45QPhy7JWU
[0] 401 Unauthorized: Invalid or expired session for path: /v1/agent/threads
[0] GET /v1/agent/threads 401 70 - 1.674 ms
[0] 2026-04-19T00:54:41.011Z - GET /v1/organization
[0] Session not found for token starting with: 45QPhy7JWU
[0] 2026-04-19T00:54:42.015Z - GET /v1/organization
[0] Session not found for token starting with: 45QPhy7JWU
[0] 2026-04-19T00:54:43.020Z - GET /v1/organization
[0] Session not found for token starting with: 45QPhy7JWU
[0] 2026-04-19T00:54:44.025Z - GET /v1/organization
[0] Session not found for token starting with: 45QPhy7JWU
[0] 2026-04-19T00:54:44.854Z - OPTIONS /v1/metrics/country
[0] 2026-04-19T00:54:44.856Z - POST /v1/metrics/country
[0] Session not found for token starting with: 45QPhy7JWU
[0] 401 Unauthorized: Invalid or expired session for path: /v1/metrics/country
[0] POST /v1/metrics/country 401 70 - 1.212 ms
[0] 2026-04-19T00:54:44.863Z - OPTIONS /v1/metrics/errorOverTime
[0] 2026-04-19T00:54:44.864Z - POST /v1/metrics/errorOverTime
[0] 2026-04-19T00:54:44.865Z - OPTIONS /v1/request/count/query
[0] 2026-04-19T00:54:44.865Z - OPTIONS /v1/metrics/tokensOverTime
[0] 2026-04-19T00:54:44.865Z - POST /v1/request/count/query
[0] 2026-04-19T00:54:44.866Z - OPTIONS /v1/request/count/query
[0] 2026-04-19T00:54:44.866Z - POST /v1/metrics/tokensOverTime
[0] 2026-04-19T00:54:44.866Z - POST /v1/request/count/query
[0] 2026-04-19T00:54:44.866Z - OPTIONS /v1/metrics/requestStatusOverTime
[0] Session not found for token starting with: 45QPhy7JWU
[0] 401 Unauthorized: Invalid or expired session for path: /v1/metrics/errorOverTime
[0] POST /v1/metrics/errorOverTime 401 70 - 2.262 ms
[0] Session not found for token starting with: 45QPhy7JWU
[0] 401 Unauthorized: Invalid or expired session for path: /v1/request/count/query
[0] POST /v1/request/count/query 401 70 - 1.433 ms
[0] 2026-04-19T00:54:44.867Z - POST /v1/metrics/requestStatusOverTime
[0] Session not found for token starting with: 45QPhy7JWU
[0] 401 Unauthorized: Invalid or expired session for path: /v1/metrics/tokensOverTime
[0] POST /v1/metrics/tokensOverTime 401 70 - 1.532 ms
[0] Session not found for token starting with: 45QPhy7JWU
[0] 401 Unauthorized: Invalid or expired session for path: /v1/request/count/query
[0] POST /v1/request/count/query 401 70 - 1.624 ms
[0] Session not found for token starting with: 45QPhy7JWU
[0] 401 Unauthorized: Invalid or expired session for path: /v1/metrics/requestStatusOverTime
[0] POST /v1/metrics/requestStatusOverTime 401 70 - 1.025 ms
[0] 2026-04-19T00:54:44.887Z - OPTIONS /v1/metrics/latencyOverTime
[0] 2026-04-19T00:54:44.889Z - OPTIONS /v1/metrics/timeToFirstToken
[0] 2026-04-19T00:54:44.890Z - OPTIONS /v1/metrics/models
[0] 2026-04-19T00:54:44.891Z - POST /v1/metrics/latencyOverTime
[0] 2026-04-19T00:54:44.891Z - POST /v1/metrics/timeToFirstToken
[0] 2026-04-19T00:54:44.891Z - POST /v1/metrics/models
[0] Session not found for token starting with: 45QPhy7JWU
[0] 401 Unauthorized: Invalid or expired session for path: /v1/metrics/latencyOverTime
[0] POST /v1/metrics/latencyOverTime 401 70 - 1.275 ms
[0] Session not found for token starting with: 45QPhy7JWU
[0] 401 Unauthorized: Invalid or expired session for path: /v1/metrics/timeToFirstToken
[0] POST /v1/metrics/timeToFirstToken 401 70 - 1.327 ms
[0] Session not found for token starting with: 45QPhy7JWU
[0] 401 Unauthorized: Invalid or expired session for path: /v1/metrics/models
[0] POST /v1/metrics/models 401 70 - 1.338 ms
[0] 2026-04-19T00:54:44.906Z - OPTIONS /v1/metrics/requestOverTime
[0] 2026-04-19T00:54:44.906Z - OPTIONS /v1/metrics/usersOverTime
[0] 2026-04-19T00:54:44.906Z - OPTIONS /v1/metrics/quantiles
[0] 2026-04-19T00:54:44.907Z - OPTIONS /v1/metrics/costOverTime
[0] 2026-04-19T00:54:44.907Z - OPTIONS /v1/metrics/totalRequests
[0] 2026-04-19T00:54:44.907Z - OPTIONS /v1/metrics/averageTimeToFirstToken
[0] 2026-04-19T00:54:44.907Z - OPTIONS /v1/metrics/totalThreats
[0] 2026-04-19T00:54:44.907Z - POST /v1/metrics/requestOverTime
[0] 2026-04-19T00:54:44.908Z - POST /v1/metrics/usersOverTime
[0] 2026-04-19T00:54:44.908Z - OPTIONS /v1/metrics/averageLatency
[0] 2026-04-19T00:54:44.908Z - OPTIONS /v1/metrics/averageTokensPerRequest
[0] 2026-04-19T00:54:44.908Z - OPTIONS /v1/agent/thread/3a72b692-8e97-40c8-9456-d176251609b3
[0] 2026-04-19T00:54:44.908Z - OPTIONS /v1/metrics/activeUsers
[0] 2026-04-19T00:54:44.909Z - OPTIONS /v1/metrics/totalCost
[0] 2026-04-19T00:54:44.909Z - OPTIONS /v1/metrics/threatsOverTime
[0] 2026-04-19T00:54:44.909Z - POST /v1/metrics/quantiles
[0] 2026-04-19T00:54:44.909Z - OPTIONS /v1/alert-banner
[0] 2026-04-19T00:54:44.909Z - POST /v1/metrics/costOverTime
[0] 2026-04-19T00:54:44.909Z - POST /v1/metrics/totalRequests
[0] 2026-04-19T00:54:44.910Z - POST /v1/metrics/averageTimeToFirstToken
[0] 2026-04-19T00:54:44.910Z - OPTIONS /v1/agent/threads
[0] Session not found for token starting with: 45QPhy7JWU
[0] 401 Unauthorized: Invalid or expired session for path: /v1/metrics/usersOverTime
[0] POST /v1/metrics/usersOverTime 401 70 - 2.548 ms
[0] Session not found for token starting with: 45QPhy7JWU
[0] 401 Unauthorized: Invalid or expired session for path: /v1/metrics/requestOverTime
[0] POST /v1/metrics/requestOverTime 401 70 - 2.816 ms
[0] 2026-04-19T00:54:44.911Z - POST /v1/metrics/totalThreats
[0] Session not found for token starting with: 45QPhy7JWU
[0] 401 Unauthorized: Invalid or expired session for path: /v1/metrics/totalRequests
[0] POST /v1/metrics/totalRequests 401 70 - 1.576 ms
[0] Session not found for token starting with: 45QPhy7JWU
[0] 401 Unauthorized: Invalid or expired session for path: /v1/metrics/costOverTime
[0] POST /v1/metrics/costOverTime 401 70 - 1.924 ms
[0] Session not found for token starting with: 45QPhy7JWU
[0] 401 Unauthorized: Invalid or expired session for path: /v1/metrics/quantiles
[0] POST /v1/metrics/quantiles 401 70 - 2.334 ms
[0] Session not found for token starting with: 45QPhy7JWU
[0] 401 Unauthorized: Invalid or expired session for path: /v1/metrics/averageTimeToFirstToken
[0] POST /v1/metrics/averageTimeToFirstToken 401 70 - 1.679 ms
[0] 2026-04-19T00:54:44.912Z - POST /v1/metrics/averageLatency
[0] 2026-04-19T00:54:44.912Z - POST /v1/metrics/averageTokensPerRequest
[0] 2026-04-19T00:54:44.912Z - GET /v1/agent/thread/3a72b692-8e97-40c8-9456-d176251609b3
[0] 2026-04-19T00:54:44.912Z - POST /v1/metrics/activeUsers
[0] 2026-04-19T00:54:44.913Z - POST /v1/metrics/totalCost
[0] Session not found for token starting with: 45QPhy7JWU
[0] 401 Unauthorized: Invalid or expired session for path: /v1/metrics/totalThreats
[0] POST /v1/metrics/totalThreats 401 70 - 1.776 ms
[0] Session not found for token starting with: 45QPhy7JWU
[0] 401 Unauthorized: Invalid or expired session for path: /v1/metrics/averageTokensPerRequest
[0] POST /v1/metrics/averageTokensPerRequest 401 70 - 0.920 ms
[0] Session not found for token starting with: 45QPhy7JWU
[0] 401 Unauthorized: Invalid or expired session for path: /v1/metrics/averageLatency
[0] POST /v1/metrics/averageLatency 401 70 - 1.139 ms
[0] Session not found for token starting with: 45QPhy7JWU
[0] 401 Unauthorized: Invalid or expired session for path: /v1/agent/thread/3a72b692-8e97-40c8-9456-d176251609b3
[0] GET /v1/agent/thread/3a72b692-8e97-40c8-9456-d176251609b3 401 70 - 0.927 ms
[0] 2026-04-19T00:54:44.913Z - POST /v1/metrics/threatsOverTime
[0] 2026-04-19T00:54:44.913Z - GET /v1/alert-banner
[0] Session not found for token starting with: 45QPhy7JWU
[0] 401 Unauthorized: Invalid or expired session for path: /v1/metrics/activeUsers
[0] POST /v1/metrics/activeUsers 401 70 - 1.102 ms
[0] 2026-04-19T00:54:44.914Z - GET /v1/agent/threads
[0] Session not found for token starting with: 45QPhy7JWU
[0] 401 Unauthorized: Invalid or expired session for path: /v1/metrics/totalCost
[0] POST /v1/metrics/totalCost 401 70 - 1.354 ms
[0] Session not found for token starting with: 45QPhy7JWU
[0] 401 Unauthorized: Invalid or expired session for path: /v1/metrics/threatsOverTime
[0] POST /v1/metrics/threatsOverTime 401 70 - 0.806 ms
[0] Session not found for token starting with: 45QPhy7JWU
[0] 401 Unauthorized: Invalid or expired session for path: /v1/alert-banner
[0] GET /v1/alert-banner 401 70 - 1.113 ms
[0] Session not found for token starting with: 45QPhy7JWU
[0] 401 Unauthorized: Invalid or expired session for path: /v1/agent/threads
[0] GET /v1/agent/threads 401 70 - 1.020 ms
[0] 2026-04-19T00:54:45.030Z - OPTIONS /v1/organization
[0] 2026-04-19T00:54:45.031Z - GET /v1/organization
[0] Session not found for token starting with: 45QPhy7JWU
[0] 2026-04-19T00:54:46.037Z - GET /v1/organization
[0] Session not found for token starting with: 45QPhy7JWU
[0] 2026-04-19T00:54:47.060Z - GET /v1/organization
[0] Session not found for token starting with: 45QPhy7JWU
[0] 2026-04-19T00:54:48.067Z - GET /v1/organization
[0] Session not found for token starting with: 45QPhy7JWU
[0] 2026-04-19T00:54:49.075Z - GET /v1/organization
[0] Session not found for token starting with: 45QPhy7JWU
[0] 2026-04-19T00:54:50.084Z - OPTIONS /v1/organization
[0] 2026-04-19T00:54:50.086Z - GET /v1/organization
[0] Session not found for token starting with: 45QPhy7JWU
[0] 2026-04-19T00:54:51.095Z - GET /v1/organization
[0] Session not found for token starting with: 45QPhy7JWU
[0] 2026-04-19T00:54:52.101Z - GET /v1/organization
[0] Session not found for token starting with: 45QPhy7JWU
[0] 2026-04-19T00:54:53.107Z - GET /v1/organization
[0] Session not found for token starting with: 45QPhy7JWU
[0] 2026-04-19T00:54:54.114Z - GET /v1/organization
[0] Session not found for token starting with: 45QPhy7JWU
[0] 2026-04-19T00:54:55.120Z - OPTIONS /v1/organization
[0] 2026-04-19T00:54:55.121Z - GET /v1/organization
[0] Session not found for token starting with: 45QPhy7JWU
[0] 2026-04-19T00:54:56.127Z - GET /v1/organization
[0] Session not found for token starting with: 45QPhy7JWU
[0] 2026-04-19T00:54:57.136Z - GET /v1/organization
[0] Session not found for token starting with: 45QPhy7JWU
[0] 2026-04-19T00:54:58.142Z - GET /v1/organization
[0] Session not found for token starting with: 45QPhy7JWU
[0] 2026-04-19T00:54:59.151Z - GET /v1/organization
[0] Session not found for token starting with: 45QPhy7JWU
[0] 2026-04-19T00:55:00.157Z - OPTIONS /v1/organization
[0] 2026-04-19T00:55:00.158Z - GET /v1/organization
[0] Session not found for token starting with: 45QPhy7JWU
[0] 2026-04-19T00:55:01.164Z - GET /v1/organization
[0] Session not found for token starting with: 45QPhy7JWU
[0] 2026-04-19T00:55:02.170Z - GET /v1/organization
[0] Session not found for token starting with: 45QPhy7JWU
[0] 2026-04-19T00:55:03.177Z - GET /v1/organization
[0] Session not found for token starting with: 45QPhy7JWU
[0] 2026-04-19T00:55:04.183Z - GET /v1/organization
[0] Session not found for token starting with: 45QPhy7JWU
[0] 2026-04-19T00:55:05.188Z - OPTIONS /v1/organization
[0] 2026-04-19T00:55:05.189Z - GET /v1/organization
[0] Session not found for token starting with: 45QPhy7JWU
[0] 2026-04-19T00:55:06.197Z - GET /v1/organization
[0] Session not found for token starting with: 45QPhy7JWU
[0] 2026-04-19T00:55:07.204Z - GET /v1/organization
[0] Session not found for token starting with: 45QPhy7JWU
[0] 2026-04-19T00:55:08.211Z - GET /v1/organization
[0] Session not found for token starting with: 45QPhy7JWU
[0] 2026-04-19T00:55:09.218Z - GET /v1/organization
[0] Session not found for token starting with: 45QPhy7JWU
[0] 2026-04-19T00:55:10.224Z - OPTIONS /v1/organization
[0] 2026-04-19T00:55:10.225Z - GET /v1/organization
[0] Session not found for token starting with: 45QPhy7JWU
[0] 2026-04-19T00:55:11.233Z - GET /v1/organization
[0] Session not found for token starting with: 45QPhy7JWU
[0] 2026-04-19T00:55:12.242Z - GET /v1/organization
[0] Session not found for token starting with: 45QPhy7JWU
[0] 2026-04-19T00:55:13.252Z - GET /v1/organization
[0] Session not found for token starting with: 45QPhy7JWU
[0] 2026-04-19T00:55:14.262Z - GET /v1/organization
[0] Session not found for token starting with: 45QPhy7JWU
[0] 2026-04-19T00:55:15.270Z - OPTIONS /v1/organization
[0] 2026-04-19T00:55:15.272Z - GET /v1/organization
[0] Session not found for token starting with: 45QPhy7JWU
[0] 2026-04-19T00:55:16.279Z - GET /v1/organization
[0] Session not found for token starting with: 45QPhy7JWU
[0] 2026-04-19T00:55:17.285Z - GET /v1/organization
[0] Session not found for token starting with: 45QPhy7JWU
[0] 2026-04-19T00:55:18.290Z - GET /v1/organization
[0] Session not found for token starting with: 45QPhy7JWU
[0] 2026-04-19T00:55:19.297Z - GET /v1/organization
[0] Session not found for token starting with: 45QPhy7JWU
[0] 2026-04-19T00:55:20.304Z - OPTIONS /v1/organization
[0] 2026-04-19T00:55:20.306Z - GET /v1/organization
[0] Session not found for token starting with: 45QPhy7JWU
[0] 2026-04-19T00:55:21.312Z - GET /v1/organization
[0] Session not found for token starting with: 45QPhy7JWU
[0] 2026-04-19T00:55:22.319Z - GET /v1/organization
[0] Session not found for token starting with: 45QPhy7JWU
[0] 2026-04-19T00:55:23.326Z - GET /v1/organization
[0] Session not found for token starting with: 45QPhy7JWU
[0] 2026-04-19T00:55:24.334Z - GET /v1/organization
[0] Session not found for token starting with: 45QPhy7JWU
[0] 2026-04-19T00:55:25.339Z - OPTIONS /v1/organization
[0] 2026-04-19T00:55:25.341Z - GET /v1/organization
[0] Session not found for token starting with: 45QPhy7JWU
[0] 2026-04-19T00:55:26.354Z - GET /v1/organization
[0] Session not found for token starting with: 45QPhy7JWU
[0] 2026-04-19T00:55:27.362Z - GET /v1/organization
[0] Session not found for token starting with: 45QPhy7JWU
[0] 2026-04-19T00:55:28.369Z - GET /v1/organization
[0] Session not found for token starting with: 45QPhy7JWU
[0] 2026-04-19T00:55:29.377Z - GET /v1/organization
[0] Session not found for token starting with: 45QPhy7JWU
[0] 2026-04-19T00:55:30.384Z - OPTIONS /v1/organization
[0] 2026-04-19T00:55:30.385Z - GET /v1/organization
[0] Session not found for token starting with: 45QPhy7JWU
[0] 2026-04-19T00:55:31.390Z - GET /v1/organization
[0] Session not found for token starting with: 45QPhy7JWU
[0] 2026-04-19T00:55:32.398Z - GET /v1/organization
[0] Session not found for token starting with: 45QPhy7JWU
[0] 2026-04-19T00:55:33.403Z - GET /v1/organization
[0] Session not found for token starting with: 45QPhy7JWU
[0] 2026-04-19T00:55:34.409Z - GET /v1/organization
[0] Session not found for token starting with: 45QPhy7JWU
[0] 2026-04-19T00:55:35.415Z - OPTIONS /v1/organization
[0] 2026-04-19T00:55:35.417Z - GET /v1/organization
[0] Session not found for token starting with: 45QPhy7JWU
[0] 2026-04-19T00:55:36.423Z - GET /v1/organization
[0] Session not found for token starting with: 45QPhy7JWU
[0] 2026-04-19T00:55:37.429Z - GET /v1/organization
[0] Session not found for token starting with: 45QPhy7JWU
[0] 2026-04-19T00:55:38.438Z - GET /v1/organization
[0] Session not found for token starting with: 45QPhy7JWU
[0] 2026-04-19T00:55:39.444Z - GET /v1/organization
[0] Session not found for token starting with: 45QPhy7JWU
[0] 2026-04-19T00:55:40.451Z - OPTIONS /v1/organization
[0] 2026-04-19T00:55:40.453Z - GET /v1/organization
[0] Session not found for token starting with: 45QPhy7JWU
[0] 2026-04-19T00:55:41.460Z - GET /v1/organization
[0] Session not found for token starting with: 45QPhy7JWU
[0] 2026-04-19T00:55:42.470Z - GET /v1/organization
[0] Session not found for token starting with: 45QPhy7JWU
[0] 2026-04-19T00:55:43.476Z - GET /v1/organization
[0] Session not found for token starting with: 45QPhy7JWU
[0] 2026-04-19T00:55:44.482Z - GET /v1/organization
[0] Session not found for token starting with: 45QPhy7JWU
[0] 2026-04-19T00:55:45.489Z - OPTIONS /v1/organization
[0] 2026-04-19T00:55:45.491Z - GET /v1/organization
[0] Session not found for token starting with: 45QPhy7JWU
[0] 2026-04-19T00:55:46.498Z - GET /v1/organization
[0] Session not found for token starting with: 45QPhy7JWU
[0] 2026-04-19T00:55:47.504Z - GET /v1/organization
[0] Session not found for token starting with: 45QPhy7JWU
[0] 2026-04-19T00:55:48.511Z - GET /v1/organization
[0] Session not found for token starting with: 45QPhy7JWU
[0] 2026-04-19T00:55:49.519Z - GET /v1/organization
[0] Session not found for token starting with: 45QPhy7JWU
[0] 2026-04-19T00:55:50.527Z - OPTIONS /v1/organization
[0] 2026-04-19T00:55:50.529Z - GET /v1/organization
[0] Session not found for token starting with: 45QPhy7JWU
[0] 2026-04-19T00:55:51.536Z - GET /v1/organization
[0] Session not found for token starting with: 45QPhy7JWU
[0] 2026-04-19T00:55:52.542Z - GET /v1/organization
[0] Session not found for token starting with: 45QPhy7JWU
[0] 2026-04-19T00:55:53.549Z - GET /v1/organization
[0] Session not found for token starting with: 45QPhy7JWU
[0] 2026-04-19T00:55:54.556Z - GET /v1/organization
[0] Session not found for token starting with: 45QPhy7JWU
[0] 2026-04-19T00:55:55.564Z - OPTIONS /v1/organization
[0] 2026-04-19T00:55:55.566Z - GET /v1/organization
[0] Session not found for token starting with: 45QPhy7JWU
[0] 2026-04-19T00:55:56.572Z - GET /v1/organization
[0] Session not found for token starting with: 45QPhy7JWU
[0] 2026-04-19T00:55:57.580Z - GET /v1/organization
[0] Session not found for token starting with: 45QPhy7JWU
[0] 2026-04-19T00:55:58.588Z - GET /v1/organization
[0] Session not found for token starting with: 45QPhy7JWU
[0] 2026-04-19T00:55:59.594Z - GET /v1/organization
[0] Session not found for token starting with: 45QPhy7JWU
[0] 2026-04-19T00:56:00.601Z - OPTIONS /v1/organization
[0] 2026-04-19T00:56:00.602Z - GET /v1/organization
[0] Session not found for token starting with: 45QPhy7JWU
[0] 2026-04-19T00:56:01.609Z - GET /v1/organization
[0] Session not found for token starting with: 45QPhy7JWU
[0] 2026-04-19T00:56:02.615Z - GET /v1/organization
[0] Session not found for token starting with: 45QPhy7JWU
[0] 2026-04-19T00:56:03.622Z - GET /v1/organization
[0] Session not found for token starting with: 45QPhy7JWU
[0] 2026-04-19T00:56:04.629Z - GET /v1/organization
[0] Session not found for token starting with: 45QPhy7JWU
[0] 2026-04-19T00:56:05.634Z - OPTIONS /v1/organization
[0] 2026-04-19T00:56:05.635Z - GET /v1/organization
[0] Session not found for token starting with: 45QPhy7JWU
[0] 2026-04-19T00:56:06.641Z - GET /v1/organization
[0] Session not found for token starting with: 45QPhy7JWU
[0] 2026-04-19T00:56:07.648Z - GET /v1/organization
[0] Session not found for token starting with: 45QPhy7JWU
[0] 2026-04-19T00:56:08.655Z - GET /v1/organization
[0] Session not found for token starting with: 45QPhy7JWU
[0] 2026-04-19T00:56:09.663Z - GET /v1/organization
[0] Session not found for token starting with: 45QPhy7JWU
[0] 2026-04-19T00:56:10.671Z - OPTIONS /v1/organization
[0] 2026-04-19T00:56:10.673Z - GET /v1/organization
[0] Session not found for token starting with: 45QPhy7JWU
[0] 2026-04-19T00:56:11.680Z - GET /v1/organization
[0] Session not found for token starting with: 45QPhy7JWU
[0] 2026-04-19T00:56:12.686Z - GET /v1/organization
[0] Session not found for token starting with: 45QPhy7JWU
[0] 2026-04-19T00:56:13.694Z - GET /v1/organization
[0] Session not found for token starting with: 45QPhy7JWU
[0] 2026-04-19T00:56:14.700Z - GET /v1/organization
[0] Session not found for token starting with: 45QPhy7JWU
[0] 2026-04-19T00:56:15.706Z - OPTIONS /v1/organization
[0] 2026-04-19T00:56:15.707Z - GET /v1/organization
[0] Session not found for token starting with: 45QPhy7JWU
[0] 2026-04-19T00:56:16.714Z - GET /v1/organization
[0] Session not found for token starting with: 45QPhy7JWU
[0] 2026-04-19T00:56:17.723Z - GET /v1/organization
[0] Session not found for token starting with: 45QPhy7JWU
[0] 2026-04-19T00:56:18.730Z - GET /v1/organization
[0] Session not found for token starting with: 45QPhy7JWU
[0] 2026-04-19T00:56:19.736Z - GET /v1/organization
[0] Session not found for token starting with: 45QPhy7JWU
[0] 2026-04-19T00:56:20.743Z - OPTIONS /v1/organization
[0] 2026-04-19T00:56:20.744Z - GET /v1/organization
[0] Session not found for token starting with: 45QPhy7JWU
[0] 2026-04-19T00:56:21.751Z - GET /v1/organization
[0] Session not found for token starting with: 45QPhy7JWU
[0] 2026-04-19T00:56:22.758Z - GET /v1/organization
[0] Session not found for token starting with: 45QPhy7JWU
[0] 2026-04-19T00:56:23.763Z - GET /v1/organization
[0] Session not found for token starting with: 45QPhy7JWU
[0] 2026-04-19T00:56:24.769Z - GET /v1/organization
[0] Session not found for token starting with: 45QPhy7JWU
[0] 2026-04-19T00:56:25.775Z - OPTIONS /v1/organization
[0] 2026-04-19T00:56:25.776Z - GET /v1/organization
[0] Session not found for token starting with: 45QPhy7JWU
[0] 2026-04-19T00:56:26.784Z - GET /v1/organization
[0] Session not found for token starting with: 45QPhy7JWU
[0] 2026-04-19T00:56:27.797Z - GET /v1/organization
[0] Session not found for token starting with: 45QPhy7JWU
[0] 2026-04-19T00:56:28.809Z - GET /v1/organization
[0] Session not found for token starting with: 45QPhy7JWU
[0] 2026-04-19T00:56:29.815Z - GET /v1/organization
[0] Session not found for token starting with: 45QPhy7JWU
[0] 2026-04-19T00:56:30.822Z - OPTIONS /v1/organization
[0] 2026-04-19T00:56:30.823Z - GET /v1/organization
[0] Session not found for token starting with: 45QPhy7JWU
[0] 2026-04-19T00:56:31.830Z - GET /v1/organization
[0] Session not found for token starting with: 45QPhy7JWU
[0] 2026-04-19T00:56:32.837Z - GET /v1/organization
[0] Session not found for token starting with: 45QPhy7JWU
[0] 2026-04-19T00:56:33.843Z - GET /v1/organization
[0] Session not found for token starting with: 45QPhy7JWU
[0] 2026-04-19T00:56:34.851Z - GET /v1/organization
[0] Session not found for token starting with: 45QPhy7JWU
[0] 2026-04-19T00:56:35.857Z - OPTIONS /v1/organization
[0] 2026-04-19T00:56:35.859Z - GET /v1/organization
[0] Session not found for token starting with: 45QPhy7JWU
[0] 2026-04-19T00:56:36.871Z - GET /v1/organization
[0] Session not found for token starting with: 45QPhy7JWU
[0] 2026-04-19T00:56:37.877Z - GET /v1/organization
[0] Session not found for token starting with: 45QPhy7JWU
[0] 2026-04-19T00:56:38.883Z - GET /v1/organization
[0] Session not found for token starting with: 45QPhy7JWU
[0] 2026-04-19T00:56:39.891Z - GET /v1/organization
[0] Session not found for token starting with: 45QPhy7JWU
[0] 2026-04-19T00:56:40.897Z - OPTIONS /v1/organization
[0] 2026-04-19T00:56:40.898Z - GET /v1/organization
[0] Session not found for token starting with: 45QPhy7JWU
[0] 2026-04-19T00:56:41.905Z - GET /v1/organization
[0] Session not found for token starting with: 45QPhy7JWU
[0] 2026-04-19T00:56:42.912Z - GET /v1/organization
[0] Session not found for token starting with: 45QPhy7JWU
[0] 2026-04-19T00:56:43.919Z - GET /v1/organization
[0] Session not found for token starting with: 45QPhy7JWU
[0] 2026-04-19T00:56:44.925Z - GET /v1/organization
[0] Session not found for token starting with: 45QPhy7JWU
[0] 2026-04-19T00:56:45.930Z - OPTIONS /v1/organization
[0] 2026-04-19T00:56:45.932Z - GET /v1/organization
[0] Session not found for token starting with: 45QPhy7JWU
[0] 2026-04-19T00:56:46.937Z - GET /v1/organization
[0] Session not found for token starting with: 45QPhy7JWU
[0] 2026-04-19T00:56:47.946Z - GET /v1/organization
[0] Session not found for token starting with: 45QPhy7JWU
[0] 2026-04-19T00:56:48.953Z - GET /v1/organization
[0] Session not found for token starting with: 45QPhy7JWU
[0] 2026-04-19T00:56:49.960Z - GET /v1/organization
[0] Session not found for token starting with: 45QPhy7JWU
[0] 2026-04-19T00:56:50.971Z - OPTIONS /v1/organization
[0] 2026-04-19T00:56:50.973Z - GET /v1/organization
[0] Session not found for token starting with: 45QPhy7JWU
[0] 2026-04-19T00:56:51.980Z - GET /v1/organization
[0] Session not found for token starting with: 45QPhy7JWU
[0] 2026-04-19T00:56:52.987Z - GET /v1/organization
[0] Session not found for token starting with: 45QPhy7JWU
[0] 2026-04-19T00:56:53.993Z - GET /v1/organization
[0] Session not found for token starting with: 45QPhy7JWU
[0] 2026-04-19T00:56:55.001Z - GET /v1/organization
[0] Session not found for token starting with: 45QPhy7JWU
[0] 2026-04-19T00:56:56.007Z - OPTIONS /v1/organization
[0] 2026-04-19T00:56:56.008Z - GET /v1/organization
[0] Session not found for token starting with: 45QPhy7JWU
[0] 2026-04-19T00:56:57.017Z - GET /v1/organization
[0] Session not found for token starting with: 45QPhy7JWU
[0] 2026-04-19T00:56:58.024Z - GET /v1/organization
[0] Session not found for token starting with: 45QPhy7JWU
[0] 2026-04-19T00:56:59.030Z - GET /v1/organization
[0] Session not found for token starting with: 45QPhy7JWU
[0] 2026-04-19T00:57:00.036Z - GET /v1/organization
[0] Session not found for token starting with: 45QPhy7JWU
[0] 2026-04-19T00:57:01.042Z - OPTIONS /v1/organization
[0] 2026-04-19T00:57:01.043Z - GET /v1/organization
[0] Session not found for token starting with: 45QPhy7JWU
[0] 2026-04-19T00:57:02.051Z - GET /v1/organization
[0] Session not found for token starting with: 45QPhy7JWU
[0] 2026-04-19T00:57:03.056Z - GET /v1/organization
[0] Session not found for token starting with: 45QPhy7JWU
[0] 2026-04-19T00:57:04.063Z - GET /v1/organization
[0] Session not found for token starting with: 45QPhy7JWU
[0] 2026-04-19T00:57:05.070Z - GET /v1/organization
[0] Session not found for token starting with: 45QPhy7JWU
[0] 2026-04-19T00:57:06.078Z - OPTIONS /v1/organization
[0] 2026-04-19T00:57:06.080Z - GET /v1/organization
[0] Session not found for token starting with: 45QPhy7JWU
[0] 2026-04-19T00:57:07.088Z - GET /v1/organization
[0] Session not found for token starting with: 45QPhy7JWU
[0] 2026-04-19T00:57:08.096Z - GET /v1/organization
[0] Session not found for token starting with: 45QPhy7JWU
[0] 2026-04-19T00:57:09.104Z - GET /v1/organization
[0] Session not found for token starting with: 45QPhy7JWU
[0] 2026-04-19T00:57:10.112Z - GET /v1/organization
[0] Session not found for token starting with: 45QPhy7JWU
[0] 2026-04-19T00:57:11.119Z - OPTIONS /v1/organization
[0] 2026-04-19T00:57:11.120Z - GET /v1/organization
[0] Session not found for token starting with: 45QPhy7JWU
[0] 2026-04-19T00:57:12.127Z - GET /v1/organization
[0] Session not found for token starting with: 45QPhy7JWU
[0] 2026-04-19T00:57:13.132Z - GET /v1/organization
[0] Session not found for token starting with: 45QPhy7JWU
[0] 2026-04-19T00:57:14.139Z - GET /v1/organization
[0] Session not found for token starting with: 45QPhy7JWU
[0] 2026-04-19T00:57:15.147Z - GET /v1/organization
[0] Session not found for token starting with: 45QPhy7JWU
[0] 2026-04-19T00:57:16.155Z - OPTIONS /v1/organization
[0] 2026-04-19T00:57:16.156Z - GET /v1/organization
[0] Session not found for token starting with: 45QPhy7JWU
[0] 2026-04-19T00:57:17.164Z - GET /v1/organization
[0] Session not found for token starting with: 45QPhy7JWU
[0] 2026-04-19T00:57:18.171Z - GET /v1/organization
[0] Session not found for token starting with: 45QPhy7JWU
[0] 2026-04-19T00:57:19.178Z - GET /v1/organization
[0] Session not found for token starting with: 45QPhy7JWU
[0] 2026-04-19T00:57:20.185Z - GET /v1/organization
[0] Session not found for token starting with: 45QPhy7JWU
[0] 2026-04-19T00:57:21.198Z - OPTIONS /v1/organization
[0] 2026-04-19T00:57:21.200Z - GET /v1/organization
[0] Session not found for token starting with: 45QPhy7JWU
[0] 2026-04-19T00:57:22.207Z - GET /v1/organization
[0] Session not found for token starting with: 45QPhy7JWU
[0] 2026-04-19T00:57:23.215Z - GET /v1/organization
[0] Session not found for token starting with: 45QPhy7JWU
[0] 2026-04-19T00:57:24.221Z - GET /v1/organization
[0] Session not found for token starting with: 45QPhy7JWU
[0] 2026-04-19T00:57:25.228Z - GET /v1/organization
[0] Session not found for token starting with: 45QPhy7JWU
[0] 2026-04-19T00:57:26.235Z - OPTIONS /v1/organization
[0] 2026-04-19T00:57:26.237Z - GET /v1/organization
[0] Session not found for token starting with: 45QPhy7JWU
[0] 2026-04-19T00:57:27.243Z - GET /v1/organization
[0] Session not found for token starting with: 45QPhy7JWU
[0] 2026-04-19T00:57:28.250Z - GET /v1/organization
[0] Session not found for token starting with: 45QPhy7JWU
[0] 2026-04-19T00:57:29.258Z - GET /v1/organization
[0] Session not found for token starting with: 45QPhy7JWU
[0] 2026-04-19T00:57:30.265Z - GET /v1/organization
[0] Session not found for token starting with: 45QPhy7JWU
[0] 2026-04-19T00:57:31.273Z - OPTIONS /v1/organization
[0] 2026-04-19T00:57:31.274Z - GET /v1/organization
[0] Session not found for token starting with: 45QPhy7JWU
[0] 2026-04-19T00:57:32.281Z - GET /v1/organization
[0] Session not found for token starting with: 45QPhy7JWU
[0] 2026-04-19T00:57:33.288Z - GET /v1/organization
[0] Session not found for token starting with: 45QPhy7JWU
[0] 2026-04-19T00:57:34.301Z - GET /v1/organization
[0] Session not found for token starting with: 45QPhy7JWU
[0] 2026-04-19T00:57:35.330Z - GET /v1/organization
[0] Session not found for token starting with: 45QPhy7JWU
[0] 2026-04-19T00:57:36.337Z - OPTIONS /v1/organization
[0] 2026-04-19T00:57:36.339Z - GET /v1/organization
[0] Session not found for token starting with: 45QPhy7JWU
[0] 2026-04-19T00:57:37.352Z - GET /v1/organization
[0] Session not found for token starting with: 45QPhy7JWU
[0] 2026-04-19T00:57:38.372Z - GET /v1/organization
[0] Session not found for token starting with: 45QPhy7JWU
[0] 2026-04-19T00:57:39.383Z - GET /v1/organization
[0] Session not found for token starting with: 45QPhy7JWU
[0] 2026-04-19T00:57:40.390Z - GET /v1/organization
[0] Session not found for token starting with: 45QPhy7JWU
[0] 2026-04-19T00:57:41.398Z - OPTIONS /v1/organization
[0] 2026-04-19T00:57:41.401Z - GET /v1/organization
[0] Session not found for token starting with: 45QPhy7JWU
[0] 2026-04-19T00:57:42.407Z - GET /v1/organization
[0] Session not found for token starting with: 45QPhy7JWU
[0] 2026-04-19T00:57:43.414Z - GET /v1/organization
[0] Session not found for token starting with: 45QPhy7JWU
[0] 2026-04-19T00:57:44.422Z - GET /v1/organization
[0] Session not found for token starting with: 45QPhy7JWU
[0] 2026-04-19T00:57:45.429Z - GET /v1/organization
[0] Session not found for token starting with: 45QPhy7JWU
[0] 2026-04-19T00:57:46.435Z - OPTIONS /v1/organization
[0] 2026-04-19T00:57:46.437Z - GET /v1/organization
[0] Session not found for token starting with: 45QPhy7JWU
[0] 2026-04-19T00:57:47.443Z - GET /v1/organization
[0] Session not found for token starting with: 45QPhy7JWU
[0] 2026-04-19T00:57:48.454Z - GET /v1/organization
[0] Session not found for token starting with: 45QPhy7JWU
[0] 2026-04-19T00:57:49.462Z - GET /v1/organization
[0] Session not found for token starting with: 45QPhy7JWU
[0] 2026-04-19T00:57:50.469Z - GET /v1/organization
[0] Session not found for token starting with: 45QPhy7JWU
[0] 2026-04-19T00:57:51.477Z - OPTIONS /v1/organization
[0] 2026-04-19T00:57:51.478Z - GET /v1/organization
[0] Session not found for token starting with: 45QPhy7JWU
[0] 2026-04-19T00:57:52.484Z - GET /v1/organization
[0] Session not found for token starting with: 45QPhy7JWU
[0] 2026-04-19T00:57:53.491Z - GET /v1/organization
[0] Session not found for token starting with: 45QPhy7JWU
[0] 2026-04-19T00:57:54.498Z - GET /v1/organization
[0] Session not found for token starting with: 45QPhy7JWU
[0] 2026-04-19T00:57:55.505Z - GET /v1/organization
[0] Session not found for token starting with: 45QPhy7JWU
[0] 2026-04-19T00:57:56.513Z - OPTIONS /v1/organization
[0] 2026-04-19T00:57:56.514Z - GET /v1/organization
[0] Session not found for token starting with: 45QPhy7JWU
[0] 2026-04-19T00:57:57.520Z - GET /v1/organization
[0] Session not found for token starting with: 45QPhy7JWU
[0] 2026-04-19T00:57:58.526Z - GET /v1/organization
[0] Session not found for token starting with: 45QPhy7JWU
[0] 2026-04-19T00:57:59.538Z - GET /v1/organization
[0] Session not found for token starting with: 45QPhy7JWU
[0] 2026-04-19T00:58:00.545Z - GET /v1/organization
[0] Session not found for token starting with: 45QPhy7JWU
[0] 2026-04-19T00:58:01.607Z - OPTIONS /v1/organization
[0] 2026-04-19T00:58:01.617Z - GET /v1/organization
[0] Session not found for token starting with: 45QPhy7JWU
[0] 2026-04-19T00:58:02.642Z - GET /v1/organization
[0] Session not found for token starting with: 45QPhy7JWU
[0] 2026-04-19T00:58:03.649Z - GET /v1/organization
[0] Session not found for token starting with: 45QPhy7JWU
[0] 2026-04-19T00:58:04.656Z - GET /v1/organization
[0] Session not found for token starting with: 45QPhy7JWU
[0] 2026-04-19T00:58:05.663Z - GET /v1/organization
[0] Session not found for token starting with: 45QPhy7JWU
[0] 2026-04-19T00:58:06.670Z - OPTIONS /v1/organization
[0] 2026-04-19T00:58:06.672Z - GET /v1/organization
[0] Session not found for token starting with: 45QPhy7JWU
[0] 2026-04-19T00:58:07.679Z - GET /v1/organization
[0] Session not found for token starting with: 45QPhy7JWU
[0] 2026-04-19T00:58:08.686Z - GET /v1/organization
[0] Session not found for token starting with: 45QPhy7JWU
[0] 2026-04-19T00:58:09.693Z - GET /v1/organization
[0] Session not found for token starting with: 45QPhy7JWU
[0] 2026-04-19T00:58:10.700Z - GET /v1/organization
[0] Session not found for token starting with: 45QPhy7JWU
[0] 2026-04-19T00:58:11.706Z - OPTIONS /v1/organization
[0] 2026-04-19T00:58:11.708Z - GET /v1/organization
[0] Session not found for token starting with: 45QPhy7JWU
[0] 2026-04-19T00:58:12.718Z - GET /v1/organization
[0] Session not found for token starting with: 45QPhy7JWU
[0] 2026-04-19T00:58:13.725Z - GET /v1/organization
[0] Session not found for token starting with: 45QPhy7JWU
[0] 2026-04-19T00:58:14.731Z - GET /v1/organization
[0] Session not found for token starting with: 45QPhy7JWU
[0] 2026-04-19T00:58:15.741Z - GET /v1/organization
[0] Session not found for token starting with: 45QPhy7JWU
[0] 2026-04-19T00:58:16.769Z - OPTIONS /v1/organization
[0] 2026-04-19T00:58:16.773Z - GET /v1/organization
[0] Session not found for token starting with: 45QPhy7JWU
[0] 2026-04-19T00:58:17.792Z - GET /v1/organization
[0] Session not found for token starting with: 45QPhy7JWU
[0] 2026-04-19T00:58:18.802Z - GET /v1/organization
[0] Session not found for token starting with: 45QPhy7JWU
[0] 2026-04-19T00:58:19.809Z - GET /v1/organization
[0] Session not found for token starting with: 45QPhy7JWU
[0] 2026-04-19T00:58:20.818Z - GET /v1/organization
[0] Session not found for token starting with: 45QPhy7JWU
[0] 2026-04-19T00:58:21.826Z - OPTIONS /v1/organization
[0] 2026-04-19T00:58:21.828Z - GET /v1/organization
[0] Session not found for token starting with: 45QPhy7JWU
[0] 2026-04-19T00:58:22.835Z - GET /v1/organization
[0] Session not found for token starting with: 45QPhy7JWU
[0] 2026-04-19T00:58:23.850Z - GET /v1/organization
[0] Session not found for token starting with: 45QPhy7JWU
[0] 2026-04-19T00:58:24.859Z - GET /v1/organization
[0] Session not found for token starting with: 45QPhy7JWU
[0] 2026-04-19T00:58:25.867Z - GET /v1/organization
[0] Session not found for token starting with: 45QPhy7JWU
[0] 2026-04-19T00:58:26.877Z - OPTIONS /v1/organization
[0] 2026-04-19T00:58:26.879Z - GET /v1/organization
[0] Session not found for token starting with: 45QPhy7JWU
[0] 2026-04-19T00:58:27.888Z - GET /v1/organization
[0] Session not found for token starting with: 45QPhy7JWU
[0] 2026-04-19T00:58:28.915Z - GET /v1/organization
[0] Session not found for token starting with: 45QPhy7JWU
[0] 2026-04-19T00:58:29.926Z - GET /v1/organization
[0] Session not found for token starting with: 45QPhy7JWU
[0] 2026-04-19T00:58:30.938Z - GET /v1/organization
[0] Session not found for token starting with: 45QPhy7JWU
[0] 2026-04-19T00:58:31.946Z - OPTIONS /v1/organization
[0] 2026-04-19T00:58:31.948Z - GET /v1/organization
[0] Session not found for token starting with: 45QPhy7JWU
[0] 2026-04-19T00:58:32.957Z - GET /v1/organization
[0] Session not found for token starting with: 45QPhy7JWU
[0] 2026-04-19T00:58:33.964Z - GET /v1/organization
[0] Session not found for token starting with: 45QPhy7JWU
[0] 2026-04-19T00:58:34.973Z - GET /v1/organization
[0] Session not found for token starting with: 45QPhy7JWU
[0] 2026-04-19T00:58:35.983Z - GET /v1/organization
[0] Session not found for token starting with: 45QPhy7JWU
[0] 2026-04-19T00:58:36.993Z - OPTIONS /v1/organization
[0] 2026-04-19T00:58:36.997Z - GET /v1/organization
[0] Session not found for token starting with: 45QPhy7JWU
[0] 2026-04-19T00:58:38.004Z - GET /v1/organization
[0] Session not found for token starting with: 45QPhy7JWU
[0] 2026-04-19T00:58:39.014Z - GET /v1/organization
[0] Session not found for token starting with: 45QPhy7JWU
[0] 2026-04-19T00:58:40.023Z - GET /v1/organization
[0] Session not found for token starting with: 45QPhy7JWU
[0] 2026-04-19T00:58:41.030Z - GET /v1/organization
[0] Session not found for token starting with: 45QPhy7JWU
[0] 2026-04-19T00:58:42.036Z - OPTIONS /v1/organization
[0] 2026-04-19T00:58:42.038Z - GET /v1/organization
[0] Session not found for token starting with: 45QPhy7JWU
[0] 2026-04-19T00:58:43.045Z - GET /v1/organization
[0] Session not found for token starting with: 45QPhy7JWU
[0] 2026-04-19T00:58:44.052Z - GET /v1/organization
[0] Session not found for token starting with: 45QPhy7JWU
[0] 2026-04-19T00:58:45.059Z - GET /v1/organization
[0] Session not found for token starting with: 45QPhy7JWU
[0] 2026-04-19T00:58:46.065Z - GET /v1/organization
[0] Session not found for token starting with: 45QPhy7JWU
[0] 2026-04-19T00:58:47.072Z - OPTIONS /v1/organization
[0] 2026-04-19T00:58:47.074Z - GET /v1/organization
[0] Session not found for token starting with: 45QPhy7JWU
[0] 2026-04-19T00:58:48.082Z - GET /v1/organization
[0] Session not found for token starting with: 45QPhy7JWU
[0] 2026-04-19T00:58:49.089Z - GET /v1/organization
[0] Session not found for token starting with: 45QPhy7JWU
[0] 2026-04-19T00:58:50.096Z - GET /v1/organization
[0] Session not found for token starting with: 45QPhy7JWU
[0] 2026-04-19T00:58:51.104Z - GET /v1/organization
[0] Session not found for token starting with: 45QPhy7JWU
[0] 2026-04-19T00:58:52.111Z - OPTIONS /v1/organization
[0] 2026-04-19T00:58:52.113Z - GET /v1/organization
[0] Session not found for token starting with: 45QPhy7JWU
[0] 2026-04-19T00:58:53.121Z - GET /v1/organization
[0] Session not found for token starting with: 45QPhy7JWU
[0] 2026-04-19T00:58:54.126Z - GET /v1/organization
[0] Session not found for token starting with: 45QPhy7JWU
[0] 2026-04-19T00:58:55.135Z - GET /v1/organization
[0] Session not found for token starting with: 45QPhy7JWU
[0] 2026-04-19T00:58:56.142Z - GET /v1/organization
[0] Session not found for token starting with: 45QPhy7JWU
[0] 2026-04-19T00:58:57.152Z - OPTIONS /v1/organization
[0] 2026-04-19T00:58:57.154Z - GET /v1/organization
[0] Session not found for token starting with: 45QPhy7JWU
[0] 2026-04-19T00:58:58.160Z - GET /v1/organization
[0] Session not found for token starting with: 45QPhy7JWU
[0] 2026-04-19T00:58:59.168Z - GET /v1/organization
[0] Session not found for token starting with: 45QPhy7JWU
[0] 2026-04-19T00:59:00.178Z - GET /v1/organization
[0] Session not found for token starting with: 45QPhy7JWU
[0] 2026-04-19T00:59:01.190Z - GET /v1/organization
[0] Session not found for token starting with: 45QPhy7JWU
[0] 2026-04-19T00:59:02.198Z - OPTIONS /v1/organization
[0] 2026-04-19T00:59:02.200Z - GET /v1/organization
[0] Session not found for token starting with: 45QPhy7JWU
[0] 2026-04-19T00:59:03.207Z - GET /v1/organization
[0] Session not found for token starting with: 45QPhy7JWU
[0] 2026-04-19T00:59:04.217Z - GET /v1/organization
[0] Session not found for token starting with: 45QPhy7JWU
[0] 2026-04-19T00:59:05.225Z - GET /v1/organization
[0] Session not found for token starting with: 45QPhy7JWU
[0] 2026-04-19T00:59:06.234Z - GET /v1/organization
[0] Session not found for token starting with: 45QPhy7JWU
[0] 2026-04-19T00:59:07.240Z - OPTIONS /v1/organization
[0] 2026-04-19T00:59:07.242Z - GET /v1/organization
[0] Session not found for token starting with: 45QPhy7JWU
[0] 2026-04-19T00:59:08.250Z - GET /v1/organization
[0] Session not found for token starting with: 45QPhy7JWU
[0] 2026-04-19T00:59:09.258Z - GET /v1/organization
[0] Session not found for token starting with: 45QPhy7JWU
[0] 2026-04-19T00:59:10.266Z - GET /v1/organization
[0] Session not found for token starting with: 45QPhy7JWU
[0] 2026-04-19T00:59:11.275Z - GET /v1/organization
[0] Session not found for token starting with: 45QPhy7JWU
[0] 2026-04-19T00:59:12.281Z - OPTIONS /v1/organization
[0] 2026-04-19T00:59:12.282Z - GET /v1/organization
[0] Session not found for token starting with: 45QPhy7JWU
[0] 2026-04-19T00:59:13.293Z - GET /v1/organization
[0] Session not found for token starting with: 45QPhy7JWU
[0] 2026-04-19T00:59:14.301Z - GET /v1/organization
[0] Session not found for token starting with: 45QPhy7JWU
[0] 2026-04-19T00:59:15.308Z - GET /v1/organization
[0] Session not found for token starting with: 45QPhy7JWU
[0] 2026-04-19T00:59:16.316Z - GET /v1/organization
[0] Session not found for token starting with: 45QPhy7JWU
[0] 2026-04-19T00:59:17.330Z - OPTIONS /v1/organization
[0] 2026-04-19T00:59:17.332Z - GET /v1/organization
[0] Session not found for token starting with: 45QPhy7JWU
[0] 2026-04-19T00:59:18.340Z - GET /v1/organization
[0] Session not found for token starting with: 45QPhy7JWU
[0] 2026-04-19T00:59:19.347Z - GET /v1/organization
[0] Session not found for token starting with: 45QPhy7JWU
[0] 2026-04-19T00:59:20.359Z - GET /v1/organization
[0] Session not found for token starting with: 45QPhy7JWU
[0] 2026-04-19T00:59:21.366Z - GET /v1/organization
[0] Session not found for token starting with: 45QPhy7JWU
[0] 2026-04-19T00:59:22.373Z - OPTIONS /v1/organization
[0] 2026-04-19T00:59:22.374Z - GET /v1/organization
[0] Session not found for token starting with: 45QPhy7JWU
[0] 2026-04-19T00:59:23.382Z - GET /v1/organization
[0] Session not found for token starting with: 45QPhy7JWU
[0] 2026-04-19T00:59:24.390Z - GET /v1/organization
[0] Session not found for token starting with: 45QPhy7JWU
[0] 2026-04-19T00:59:25.397Z - GET /v1/organization
[0] Session not found for token starting with: 45QPhy7JWU
[0] 2026-04-19T00:59:26.405Z - GET /v1/organization
[0] Session not found for token starting with: 45QPhy7JWU
[0] 2026-04-19T00:59:27.413Z - OPTIONS /v1/organization
[0] 2026-04-19T00:59:27.415Z - GET /v1/organization
[0] Session not found for token starting with: 45QPhy7JWU
[0] 2026-04-19T00:59:28.423Z - GET /v1/organization
[0] Session not found for token starting with: 45QPhy7JWU
[0] 2026-04-19T00:59:29.441Z - GET /v1/organization
[0] Session not found for token starting with: 45QPhy7JWU
[0] 2026-04-19T00:59:30.465Z - GET /v1/organization
[0] Session not found for token starting with: 45QPhy7JWU
[0] 2026-04-19T00:59:31.475Z - GET /v1/organization
[0] Session not found for token starting with: 45QPhy7JWU
[0] 2026-04-19T00:59:32.490Z - OPTIONS /v1/organization
[0] 2026-04-19T00:59:32.492Z - GET /v1/organization
[0] Session not found for token starting with: 45QPhy7JWU
[0] 2026-04-19T00:59:33.500Z - GET /v1/organization
[0] Session not found for token starting with: 45QPhy7JWU
[0] 2026-04-19T00:59:34.507Z - GET /v1/organization
[0] Session not found for token starting with: 45QPhy7JWU
[0] 2026-04-19T00:59:35.519Z - GET /v1/organization
[0] Session not found for token starting with: 45QPhy7JWU
[0] 2026-04-19T00:59:36.527Z - GET /v1/organization
[0] Session not found for token starting with: 45QPhy7JWU
[0] 2026-04-19T00:59:37.539Z - OPTIONS /v1/organization
[0] 2026-04-19T00:59:37.541Z - GET /v1/organization
[0] Session not found for token starting with: 45QPhy7JWU
[0] 2026-04-19T00:59:38.548Z - GET /v1/organization
[0] Session not found for token starting with: 45QPhy7JWU
[0] 2026-04-19T00:59:39.554Z - GET /v1/organization
[0] Session not found for token starting with: 45QPhy7JWU
[0] 2026-04-19T00:59:40.562Z - GET /v1/organization
[0] Session not found for token starting with: 45QPhy7JWU
[0] 2026-04-19T00:59:41.577Z - GET /v1/organization
[0] Session not found for token starting with: 45QPhy7JWU
[0] 2026-04-19T00:59:42.585Z - OPTIONS /v1/organization
[0] 2026-04-19T00:59:42.586Z - GET /v1/organization
[0] Session not found for token starting with: 45QPhy7JWU
[0] 2026-04-19T00:59:43.593Z - GET /v1/organization
[0] Session not found for token starting with: 45QPhy7JWU
[0] 2026-04-19T00:59:44.603Z - GET /v1/organization
[0] Session not found for token starting with: 45QPhy7JWU
[0] 2026-04-19T00:59:45.612Z - GET /v1/organization
[0] Session not found for token starting with: 45QPhy7JWU
[0] 2026-04-19T00:59:46.620Z - GET /v1/organization
[0] Session not found for token starting with: 45QPhy7JWU
[0] 2026-04-19T00:59:47.636Z - OPTIONS /v1/organization
[0] 2026-04-19T00:59:47.639Z - GET /v1/organization
[0] Session not found for token starting with: 45QPhy7JWU
[0] 2026-04-19T00:59:48.649Z - GET /v1/organization
[0] Session not found for token starting with: 45QPhy7JWU
[0] 2026-04-19T00:59:49.664Z - GET /v1/organization
[0] Session not found for token starting with: 45QPhy7JWU
[0] 2026-04-19T00:59:50.681Z - GET /v1/organization
[0] Session not found for token starting with: 45QPhy7JWU
[0] 2026-04-19T00:59:51.690Z - GET /v1/organization
[0] Session not found for token starting with: 45QPhy7JWU
[0] 2026-04-19T00:59:52.704Z - OPTIONS /v1/organization
[0] 2026-04-19T00:59:52.708Z - GET /v1/organization
[0] Session not found for token starting with: 45QPhy7JWU
[0] 2026-04-19T00:59:53.738Z - GET /v1/organization
[0] Session not found for token starting with: 45QPhy7JWU
[0] 2026-04-19T00:59:54.766Z - GET /v1/organization
[0] Session not found for token starting with: 45QPhy7JWU
[0] 2026-04-19T00:59:55.821Z - GET /v1/organization
[0] Session not found for token starting with: 45QPhy7JWU
[0] 2026-04-19T00:59:56.830Z - GET /v1/organization
[0] Session not found for token starting with: 45QPhy7JWU
[0] 2026-04-19T00:59:57.843Z - OPTIONS /v1/organization
[0] 2026-04-19T00:59:57.844Z - GET /v1/organization
[0] Session not found for token starting with: 45QPhy7JWU
[0] 2026-04-19T00:59:58.853Z - GET /v1/organization
[0] Session not found for token starting with: 45QPhy7JWU
[0] 2026-04-19T00:59:59.861Z - GET /v1/organization
[0] Session not found for token starting with: 45QPhy7JWU
[0] 2026-04-19T01:00:00.869Z - GET /v1/organization
[0] Session not found for token starting with: 45QPhy7JWU
[0] 2026-04-19T01:00:01.876Z - GET /v1/organization
[0] Session not found for token starting with: 45QPhy7JWU
[0] 2026-04-19T01:00:02.883Z - OPTIONS /v1/organization
[0] 2026-04-19T01:00:02.885Z - GET /v1/organization
[0] Session not found for token starting with: 45QPhy7JWU
[0] 2026-04-19T01:00:03.892Z - GET /v1/organization
[0] Session not found for token starting with: 45QPhy7JWU
[0] 2026-04-19T01:00:04.900Z - GET /v1/organization
[0] Session not found for token starting with: 45QPhy7JWU
[0] 2026-04-19T01:00:05.907Z - GET /v1/organization
[0] Session not found for token starting with: 45QPhy7JWU
[0] 2026-04-19T01:00:06.919Z - GET /v1/organization
[0] Session not found for token starting with: 45QPhy7JWU
[0] 2026-04-19T01:00:07.930Z - OPTIONS /v1/organization
[0] 2026-04-19T01:00:07.932Z - GET /v1/organization
[0] Session not found for token starting with: 45QPhy7JWU
[0] 2026-04-19T01:00:08.940Z - GET /v1/organization
[0] Session not found for token starting with: 45QPhy7JWU
[0] 2026-04-19T01:00:09.948Z - GET /v1/organization
[0] Session not found for token starting with: 45QPhy7JWU
[0] 2026-04-19T01:00:10.958Z - GET /v1/organization
[0] Session not found for token starting with: 45QPhy7JWU
[0] 2026-04-19T01:00:11.967Z - GET /v1/organization
[0] Session not found for token starting with: 45QPhy7JWU
[0] 2026-04-19T01:00:12.977Z - OPTIONS /v1/organization
[0] 2026-04-19T01:00:12.978Z - GET /v1/organization
[0] Session not found for token starting with: 45QPhy7JWU
[0] 2026-04-19T01:00:13.986Z - GET /v1/organization
[0] Session not found for token starting with: 45QPhy7JWU
[0] 2026-04-19T01:00:14.994Z - GET /v1/organization
[0] Session not found for token starting with: 45QPhy7JWU
[0] 2026-04-19T01:00:16.003Z - GET /v1/organization
[0] Session not found for token starting with: 45QPhy7JWU
[0] 2026-04-19T01:00:17.011Z - GET /v1/organization
[0] Session not found for token starting with: 45QPhy7JWU
[0] 2026-04-19T01:00:18.017Z - OPTIONS /v1/organization
[0] 2026-04-19T01:00:18.019Z - GET /v1/organization
[0] Session not found for token starting with: 45QPhy7JWU
[0] 2026-04-19T01:00:19.027Z - GET /v1/organization
[0] Session not found for token starting with: 45QPhy7JWU
[0] 2026-04-19T01:00:20.035Z - GET /v1/organization
[0] Session not found for token starting with: 45QPhy7JWU
[0] 2026-04-19T01:00:21.043Z - GET /v1/organization
[0] Session not found for token starting with: 45QPhy7JWU
[0] 2026-04-19T01:00:22.049Z - GET /v1/organization
[0] Session not found for token starting with: 45QPhy7JWU
[0] 2026-04-19T01:00:23.056Z - OPTIONS /v1/organization
[0] 2026-04-19T01:00:23.057Z - GET /v1/organization
[0] Session not found for token starting with: 45QPhy7JWU
[0] 2026-04-19T01:00:24.064Z - GET /v1/organization
[0] Session not found for token starting with: 45QPhy7JWU
[0] 2026-04-19T01:00:25.071Z - GET /v1/organization
[0] Session not found for token starting with: 45QPhy7JWU
[0] 2026-04-19T01:00:26.079Z - GET /v1/organization
[0] Session not found for token starting with: 45QPhy7JWU
[0] 2026-04-19T01:00:27.096Z - GET /v1/organization
[0] Session not found for token starting with: 45QPhy7JWU
[0] 2026-04-19T01:00:28.113Z - OPTIONS /v1/organization
[0] 2026-04-19T01:00:28.115Z - GET /v1/organization
[0] Session not found for token starting with: 45QPhy7JWU
[0] 2026-04-19T01:00:29.123Z - GET /v1/organization
[0] Session not found for token starting with: 45QPhy7JWU
[0] 2026-04-19T01:00:30.130Z - GET /v1/organization
[0] Session not found for token starting with: 45QPhy7JWU
[0] 2026-04-19T01:00:31.137Z - GET /v1/organization
[0] Session not found for token starting with: 45QPhy7JWU
[0] 2026-04-19T01:00:32.144Z - GET /v1/organization
[0] Session not found for token starting with: 45QPhy7JWU
[0] 2026-04-19T01:00:33.153Z - OPTIONS /v1/organization
[0] 2026-04-19T01:00:33.155Z - GET /v1/organization
[0] Session not found for token starting with: 45QPhy7JWU
[0] 2026-04-19T01:00:34.160Z - GET /v1/organization
[0] Session not found for token starting with: 45QPhy7JWU
[0] 2026-04-19T01:00:35.172Z - GET /v1/organization
[0] Session not found for token starting with: 45QPhy7JWU
[0] 2026-04-19T01:00:36.179Z - GET /v1/organization
[0] Session not found for token starting with: 45QPhy7JWU
[0] 2026-04-19T01:00:37.188Z - GET /v1/organization
[0] Session not found for token starting with: 45QPhy7JWU
[0] 2026-04-19T01:00:38.196Z - OPTIONS /v1/organization
[0] 2026-04-19T01:00:38.197Z - GET /v1/organization
[0] Session not found for token starting with: 45QPhy7JWU
[0] 2026-04-19T01:00:39.214Z - GET /v1/organization
[0] Session not found for token starting with: 45QPhy7JWU
[0] 2026-04-19T01:00:40.225Z - GET /v1/organization
[0] Session not found for token starting with: 45QPhy7JWU
[0] 2026-04-19T01:00:41.234Z - GET /v1/organization
[0] Session not found for token starting with: 45QPhy7JWU
[0] 2026-04-19T01:00:42.241Z - GET /v1/organization
[0] Session not found for token starting with: 45QPhy7JWU
[0] 2026-04-19T01:00:43.253Z - OPTIONS /v1/organization
[0] 2026-04-19T01:00:43.255Z - GET /v1/organization
[0] Session not found for token starting with: 45QPhy7JWU
[0] 2026-04-19T01:00:44.262Z - GET /v1/organization
[0] Session not found for token starting with: 45QPhy7JWU
[0] 2026-04-19T01:00:45.270Z - GET /v1/organization
[0] Session not found for token starting with: 45QPhy7JWU
[0] 2026-04-19T01:00:46.278Z - GET /v1/organization
[0] Session not found for token starting with: 45QPhy7JWU
[0] 2026-04-19T01:00:47.288Z - GET /v1/organization
[0] Session not found for token starting with: 45QPhy7JWU
[0] 2026-04-19T01:00:48.297Z - OPTIONS /v1/organization
[0] 2026-04-19T01:00:48.299Z - GET /v1/organization
[0] Session not found for token starting with: 45QPhy7JWU
[0] 2026-04-19T01:00:49.308Z - GET /v1/organization
[0] Session not found for token starting with: 45QPhy7JWU
[0] 2026-04-19T01:00:50.318Z - GET /v1/organization
[0] Session not found for token starting with: 45QPhy7JWU
[0] 2026-04-19T01:00:51.331Z - GET /v1/organization
[0] Session not found for token starting with: 45QPhy7JWU
[0] 2026-04-19T01:00:52.344Z - GET /v1/organization
[0] Session not found for token starting with: 45QPhy7JWU
[0] 2026-04-19T01:00:53.361Z - OPTIONS /v1/organization
[0] 2026-04-19T01:00:53.370Z - GET /v1/organization
[0] Session not found for token starting with: 45QPhy7JWU
[0] 2026-04-19T01:00:54.383Z - GET /v1/organization
[0] Session not found for token starting with: 45QPhy7JWU
[0] 2026-04-19T01:00:55.395Z - GET /v1/organization
[0] Session not found for token starting with: 45QPhy7JWU
[0] 2026-04-19T01:00:56.408Z - GET /v1/organization
[0] Session not found for token starting with: 45QPhy7JWU
[0] 2026-04-19T01:00:57.415Z - GET /v1/organization
[0] Session not found for token starting with: 45QPhy7JWU
[0] 2026-04-19T01:00:58.432Z - OPTIONS /v1/organization
[0] 2026-04-19T01:00:58.435Z - GET /v1/organization
[0] Session not found for token starting with: 45QPhy7JWU
[0] 2026-04-19T01:00:59.447Z - GET /v1/organization
[0] Session not found for token starting with: 45QPhy7JWU
[0] 2026-04-19T01:01:00.455Z - GET /v1/organization
[0] Session not found for token starting with: 45QPhy7JWU
[0] 2026-04-19T01:01:01.510Z - GET /v1/organization
[0] Session not found for token starting with: 45QPhy7JWU
[0] 2026-04-19T01:01:02.529Z - GET /v1/organization
[0] Session not found for token starting with: 45QPhy7JWU
[0] 2026-04-19T01:01:03.539Z - OPTIONS /v1/organization
[0] 2026-04-19T01:01:03.543Z - GET /v1/organization
[0] Session not found for token starting with: 45QPhy7JWU
[0] 2026-04-19T01:01:04.550Z - GET /v1/organization
[0] Session not found for token starting with: 45QPhy7JWU
[0] 2026-04-19T01:01:05.558Z - GET /v1/organization
[0] Session not found for token starting with: 45QPhy7JWU
[0] 2026-04-19T01:01:06.566Z - GET /v1/organization
[0] Session not found for token starting with: 45QPhy7JWU
[0] 2026-04-19T01:01:07.573Z - GET /v1/organization
[0] Session not found for token starting with: 45QPhy7JWU
[0] 2026-04-19T01:01:08.582Z - OPTIONS /v1/organization
[0] 2026-04-19T01:01:08.583Z - GET /v1/organization
[0] Session not found for token starting with: 45QPhy7JWU
[0] 2026-04-19T01:01:09.589Z - GET /v1/organization
[0] Session not found for token starting with: 45QPhy7JWU
[0] 2026-04-19T01:01:10.598Z - GET /v1/organization
[0] Session not found for token starting with: 45QPhy7JWU
[0] 2026-04-19T01:01:11.609Z - GET /v1/organization
[0] Session not found for token starting with: 45QPhy7JWU
[0] 2026-04-19T01:01:12.619Z - GET /v1/organization
[0] Session not found for token starting with: 45QPhy7JWU
[0] 2026-04-19T01:01:13.648Z - OPTIONS /v1/organization
[0] 2026-04-19T01:01:13.650Z - GET /v1/organization
[0] Session not found for token starting with: 45QPhy7JWU
[0] 2026-04-19T01:01:14.660Z - GET /v1/organization
[0] Session not found for token starting with: 45QPhy7JWU
[0] 2026-04-19T01:01:15.760Z - GET /v1/organization
[0] Session not found for token starting with: 45QPhy7JWU
[0] 2026-04-19T01:01:16.768Z - GET /v1/organization
[0] Session not found for token starting with: 45QPhy7JWU
[0] 2026-04-19T01:01:17.779Z - GET /v1/organization
[0] Session not found for token starting with: 45QPhy7JWU
[0] 2026-04-19T01:01:18.801Z - OPTIONS /v1/organization
[0] 2026-04-19T01:01:18.801Z - GET /v1/organization
[0] Session not found for token starting with: 45QPhy7JWU
[0] 2026-04-19T01:01:19.813Z - GET /v1/organization
[0] Session not found for token starting with: 45QPhy7JWU
[0] 2026-04-19T01:01:20.822Z - GET /v1/organization
[0] Session not found for token starting with: 45QPhy7JWU
[0] 2026-04-19T01:01:21.841Z - GET /v1/organization
[0] Session not found for token starting with: 45QPhy7JWU
[0] 2026-04-19T01:01:22.848Z - GET /v1/organization
[0] Session not found for token starting with: 45QPhy7JWU
[0] 2026-04-19T01:01:23.875Z - OPTIONS /v1/organization
[0] 2026-04-19T01:01:23.876Z - GET /v1/organization
[0] Session not found for token starting with: 45QPhy7JWU
[0] 2026-04-19T01:01:24.896Z - GET /v1/organization
[0] Session not found for token starting with: 45QPhy7JWU
[0] 2026-04-19T01:01:25.908Z - GET /v1/organization
[0] Session not found for token starting with: 45QPhy7JWU
[0] 2026-04-19T01:01:26.918Z - GET /v1/organization
[0] Session not found for token starting with: 45QPhy7JWU
[0] 2026-04-19T01:01:27.930Z - GET /v1/organization
[0] Session not found for token starting with: 45QPhy7JWU
[0] 2026-04-19T01:01:28.955Z - OPTIONS /v1/organization
[0] 2026-04-19T01:01:28.958Z - GET /v1/organization
[0] Session not found for token starting with: 45QPhy7JWU
[0] 2026-04-19T01:01:29.969Z - GET /v1/organization
[0] Session not found for token starting with: 45QPhy7JWU
[0] 2026-04-19T01:01:30.977Z - GET /v1/organization
[0] Session not found for token starting with: 45QPhy7JWU
[0] 2026-04-19T01:01:31.999Z - GET /v1/organization
[0] Session not found for token starting with: 45QPhy7JWU
[0] 2026-04-19T01:01:33.017Z - GET /v1/organization
[0] Session not found for token starting with: 45QPhy7JWU
[0] 2026-04-19T01:01:34.024Z - OPTIONS /v1/organization
[0] 2026-04-19T01:01:34.032Z - GET /v1/organization
[0] Session not found for token starting with: 45QPhy7JWU
[0] 2026-04-19T01:01:35.038Z - GET /v1/organization
[0] Session not found for token starting with: 45QPhy7JWU
[0] 2026-04-19T01:01:36.053Z - GET /v1/organization
[0] Session not found for token starting with: 45QPhy7JWU
[0] 2026-04-19T01:01:37.060Z - GET /v1/organization
[0] Session not found for token starting with: 45QPhy7JWU
[0] 2026-04-19T01:01:38.071Z - GET /v1/organization
[0] Session not found for token starting with: 45QPhy7JWU
[0] 2026-04-19T01:01:39.078Z - OPTIONS /v1/organization
[0] 2026-04-19T01:01:39.084Z - GET /v1/organization
[0] Session not found for token starting with: 45QPhy7JWU
[0] 2026-04-19T01:01:40.100Z - GET /v1/organization
[0] Session not found for token starting with: 45QPhy7JWU
[0] 2026-04-19T01:01:41.113Z - GET /v1/organization
[0] Session not found for token starting with: 45QPhy7JWU
[0] 2026-04-19T01:01:42.121Z - GET /v1/organization
[0] Session not found for token starting with: 45QPhy7JWU
[0] 2026-04-19T01:01:43.132Z - GET /v1/organization
[0] Session not found for token starting with: 45QPhy7JWU
[0] 2026-04-19T01:01:44.139Z - OPTIONS /v1/organization
[0] 2026-04-19T01:01:44.140Z - GET /v1/organization
[0] Session not found for token starting with: 45QPhy7JWU
[0] 2026-04-19T01:01:45.148Z - GET /v1/organization
[0] Session not found for token starting with: 45QPhy7JWU
[0] 2026-04-19T01:01:46.155Z - GET /v1/organization
[0] Session not found for token starting with: 45QPhy7JWU
[0] 2026-04-19T01:01:47.164Z - GET /v1/organization
[0] Session not found for token starting with: 45QPhy7JWU
[0] 2026-04-19T01:01:48.176Z - GET /v1/organization
[0] Session not found for token starting with: 45QPhy7JWU
[0] 2026-04-19T01:01:49.185Z - OPTIONS /v1/organization
[0] 2026-04-19T01:01:49.190Z - GET /v1/organization
[0] Session not found for token starting with: 45QPhy7JWU
[0] 2026-04-19T01:01:50.200Z - GET /v1/organization
[0] Session not found for token starting with: 45QPhy7JWU
[0] 2026-04-19T01:01:51.207Z - GET /v1/organization
[0] Session not found for token starting with: 45QPhy7JWU
[0] 2026-04-19T01:01:52.214Z - GET /v1/organization
[0] Session not found for token starting with: 45QPhy7JWU
[0] 2026-04-19T01:01:53.222Z - GET /v1/organization
[0] Session not found for token starting with: 45QPhy7JWU
[0] 2026-04-19T01:01:54.227Z - OPTIONS /v1/organization
[0] 2026-04-19T01:01:54.234Z - GET /v1/organization
[0] Session not found for token starting with: 45QPhy7JWU
[0] 2026-04-19T01:01:55.243Z - GET /v1/organization
[0] Session not found for token starting with: 45QPhy7JWU
[0] 2026-04-19T01:01:56.250Z - GET /v1/organization
[0] Session not found for token starting with: 45QPhy7JWU
[0] 2026-04-19T01:01:57.256Z - GET /v1/organization
[0] Session not found for token starting with: 45QPhy7JWU
[0] 2026-04-19T01:01:58.267Z - GET /v1/organization
[0] Session not found for token starting with: 45QPhy7JWU
[0] 2026-04-19T01:01:59.275Z - OPTIONS /v1/organization
[0] 2026-04-19T01:01:59.276Z - GET /v1/organization
[0] Session not found for token starting with: 45QPhy7JWU
[0] 2026-04-19T01:02:00.283Z - GET /v1/organization
[0] Session not found for token starting with: 45QPhy7JWU
[0] 2026-04-19T01:02:01.292Z - GET /v1/organization
[0] Session not found for token starting with: 45QPhy7JWU
[0] 2026-04-19T01:02:02.299Z - GET /v1/organization
[0] Session not found for token starting with: 45QPhy7JWU
[0] 2026-04-19T01:02:03.308Z - GET /v1/organization
[0] Session not found for token starting with: 45QPhy7JWU
[0] 2026-04-19T01:02:04.318Z - OPTIONS /v1/organization
[0] 2026-04-19T01:02:04.320Z - GET /v1/organization
[0] Session not found for token starting with: 45QPhy7JWU
[0] 2026-04-19T01:02:05.329Z - GET /v1/organization
[0] Session not found for token starting with: 45QPhy7JWU
[0] 2026-04-19T01:02:06.337Z - GET /v1/organization
[0] Session not found for token starting with: 45QPhy7JWU
[0] 2026-04-19T01:02:07.348Z - GET /v1/organization
[0] Session not found for token starting with: 45QPhy7JWU
[0] 2026-04-19T01:02:08.357Z - GET /v1/organization
[0] Session not found for token starting with: 45QPhy7JWU
[0] 2026-04-19T01:02:09.364Z - OPTIONS /v1/organization
[0] 2026-04-19T01:02:09.367Z - GET /v1/organization
[0] Session not found for token starting with: 45QPhy7JWU
[0] 2026-04-19T01:02:10.375Z - GET /v1/organization
[0] Session not found for token starting with: 45QPhy7JWU
[0] 2026-04-19T01:02:11.382Z - GET /v1/organization
[0] Session not found for token starting with: 45QPhy7JWU
[0] 2026-04-19T01:02:12.389Z - GET /v1/organization
[0] Session not found for token starting with: 45QPhy7JWU
[0] 2026-04-19T01:02:13.396Z - GET /v1/organization
[0] Session not found for token starting with: 45QPhy7JWU
[0] 2026-04-19T01:02:14.405Z - OPTIONS /v1/organization
[0] 2026-04-19T01:02:14.407Z - GET /v1/organization
[0] Session not found for token starting with: 45QPhy7JWU
[0] 2026-04-19T01:02:15.415Z - GET /v1/organization
[0] Session not found for token starting with: 45QPhy7JWU
[0] 2026-04-19T01:02:16.422Z - GET /v1/organization
[0] Session not found for token starting with: 45QPhy7JWU
[0] 2026-04-19T01:02:17.430Z - GET /v1/organization
[0] Session not found for token starting with: 45QPhy7JWU
[0] 2026-04-19T01:02:18.439Z - GET /v1/organization
[0] Session not found for token starting with: 45QPhy7JWU
[0] 2026-04-19T01:02:19.445Z - OPTIONS /v1/organization
[0] 2026-04-19T01:02:19.447Z - GET /v1/organization
[0] Session not found for token starting with: 45QPhy7JWU
[0] 2026-04-19T01:02:20.456Z - GET /v1/organization
[0] Session not found for token starting with: 45QPhy7JWU
[0] 2026-04-19T01:02:21.463Z - GET /v1/organization
[0] Session not found for token starting with: 45QPhy7JWU
[0] 2026-04-19T01:02:22.470Z - GET /v1/organization
[0] Session not found for token starting with: 45QPhy7JWU
[0] 2026-04-19T01:02:23.476Z - GET /v1/organization
[0] Session not found for token starting with: 45QPhy7JWU
[0] 2026-04-19T01:02:24.483Z - OPTIONS /v1/organization
[0] 2026-04-19T01:02:24.485Z - GET /v1/organization
[0] Session not found for token starting with: 45QPhy7JWU
[0] 2026-04-19T01:02:25.493Z - GET /v1/organization
[0] Session not found for token starting with: 45QPhy7JWU
[0] 2026-04-19T01:02:26.502Z - GET /v1/organization
[0] Session not found for token starting with: 45QPhy7JWU
[0] 2026-04-19T01:02:27.509Z - GET /v1/organization
[0] Session not found for token starting with: 45QPhy7JWU
[0] 2026-04-19T01:02:28.517Z - GET /v1/organization
[0] Session not found for token starting with: 45QPhy7JWU
[0] 2026-04-19T01:02:29.527Z - OPTIONS /v1/organization
[0] 2026-04-19T01:02:29.529Z - GET /v1/organization
[0] Session not found for token starting with: 45QPhy7JWU
[0] 2026-04-19T01:02:30.542Z - GET /v1/organization
[0] Session not found for token starting with: 45QPhy7JWU
[0] 2026-04-19T01:02:31.553Z - GET /v1/organization
[0] Session not found for token starting with: 45QPhy7JWU
[0] 2026-04-19T01:02:32.565Z - GET /v1/organization
[0] Session not found for token starting with: 45QPhy7JWU
[0] 2026-04-19T01:02:33.578Z - GET /v1/organization
[0] Session not found for token starting with: 45QPhy7JWU
[0] 2026-04-19T01:02:34.590Z - OPTIONS /v1/organization
[0] 2026-04-19T01:02:34.593Z - GET /v1/organization
[0] Session not found for token starting with: 45QPhy7JWU
[0] 2026-04-19T01:02:35.603Z - GET /v1/organization
[0] Session not found for token starting with: 45QPhy7JWU
[0] 2026-04-19T01:02:36.610Z - GET /v1/organization
[0] Session not found for token starting with: 45QPhy7JWU
[0] 2026-04-19T01:02:37.617Z - GET /v1/organization
[0] Session not found for token starting with: 45QPhy7JWU
[0] 2026-04-19T01:02:38.624Z - GET /v1/organization
[0] Session not found for token starting with: 45QPhy7JWU
[0] 2026-04-19T01:02:39.632Z - OPTIONS /v1/organization
[0] 2026-04-19T01:02:39.633Z - GET /v1/organization
[0] Session not found for token starting with: 45QPhy7JWU
[0] 2026-04-19T01:02:40.640Z - GET /v1/organization
[0] Session not found for token starting with: 45QPhy7JWU
[0] 2026-04-19T01:02:41.653Z - GET /v1/organization
[0] Session not found for token starting with: 45QPhy7JWU
[0] 2026-04-19T01:02:42.659Z - GET /v1/organization
[0] Session not found for token starting with: 45QPhy7JWU
[0] 2026-04-19T01:02:43.666Z - GET /v1/organization
[0] Session not found for token starting with: 45QPhy7JWU
[0] 2026-04-19T01:02:44.675Z - OPTIONS /v1/organization
[0] 2026-04-19T01:02:44.679Z - GET /v1/organization
[0] Session not found for token starting with: 45QPhy7JWU
[0] 2026-04-19T01:02:45.686Z - GET /v1/organization
[0] Session not found for token starting with: 45QPhy7JWU
[0] 2026-04-19T01:02:46.694Z - GET /v1/organization
[0] Session not found for token starting with: 45QPhy7JWU
[0] 2026-04-19T01:02:47.701Z - GET /v1/organization
[0] Session not found for token starting with: 45QPhy7JWU
[0] 2026-04-19T01:02:48.708Z - GET /v1/organization
[0] Session not found for token starting with: 45QPhy7JWU
[0] 2026-04-19T01:02:49.716Z - OPTIONS /v1/organization
[0] 2026-04-19T01:02:49.719Z - GET /v1/organization
[0] Session not found for token starting with: 45QPhy7JWU
[0] 2026-04-19T01:02:50.725Z - GET /v1/organization
[0] Session not found for token starting with: 45QPhy7JWU
[0] 2026-04-19T01:02:51.732Z - GET /v1/organization
[0] Session not found for token starting with: 45QPhy7JWU
[0] 2026-04-19T01:02:52.740Z - GET /v1/organization
[0] Session not found for token starting with: 45QPhy7JWU
[0] 2026-04-19T01:02:53.747Z - GET /v1/organization
[0] Session not found for token starting with: 45QPhy7JWU
[0] 2026-04-19T01:02:54.754Z - OPTIONS /v1/organization
[0] 2026-04-19T01:02:54.756Z - GET /v1/organization
[0] Session not found for token starting with: 45QPhy7JWU
[0] 2026-04-19T01:02:55.763Z - GET /v1/organization
[0] Session not found for token starting with: 45QPhy7JWU
[0] 2026-04-19T01:02:56.769Z - GET /v1/organization
[0] Session not found for token starting with: 45QPhy7JWU
[0] 2026-04-19T01:02:57.777Z - GET /v1/organization
[0] Session not found for token starting with: 45QPhy7JWU
[0] 2026-04-19T01:02:58.784Z - GET /v1/organization
[0] Session not found for token starting with: 45QPhy7JWU
[0] 2026-04-19T01:02:59.793Z - OPTIONS /v1/organization
[0] 2026-04-19T01:02:59.795Z - GET /v1/organization
[0] Session not found for token starting with: 45QPhy7JWU
[0] 2026-04-19T01:03:00.802Z - GET /v1/organization
[0] Session not found for token starting with: 45QPhy7JWU
[0] 2026-04-19T01:03:01.808Z - GET /v1/organization
[0] Session not found for token starting with: 45QPhy7JWU
[0] 2026-04-19T01:03:02.814Z - GET /v1/organization
[0] Session not found for token starting with: 45QPhy7JWU
[0] 2026-04-19T01:03:03.821Z - GET /v1/organization
[0] Session not found for token starting with: 45QPhy7JWU
[0] 2026-04-19T01:03:04.827Z - OPTIONS /v1/organization
[0] 2026-04-19T01:03:04.828Z - GET /v1/organization
[0] Session not found for token starting with: 45QPhy7JWU
[0] 2026-04-19T01:03:05.835Z - GET /v1/organization
[0] Session not found for token starting with: 45QPhy7JWU
[0] 2026-04-19T01:03:06.843Z - GET /v1/organization
[0] Session not found for token starting with: 45QPhy7JWU
[0] 2026-04-19T01:03:07.851Z - GET /v1/organization
[0] Session not found for token starting with: 45QPhy7JWU
[0] 2026-04-19T01:03:08.858Z - GET /v1/organization
[0] Session not found for token starting with: 45QPhy7JWU
[0] 2026-04-19T01:03:09.864Z - OPTIONS /v1/organization
[0] 2026-04-19T01:03:09.867Z - GET /v1/organization
[0] Session not found for token starting with: 45QPhy7JWU
[0] 2026-04-19T01:03:10.875Z - GET /v1/organization
[0] Session not found for token starting with: 45QPhy7JWU
[0] 2026-04-19T01:03:11.883Z - GET /v1/organization
[0] Session not found for token starting with: 45QPhy7JWU
[0] 2026-04-19T01:03:12.890Z - GET /v1/organization
[0] Session not found for token starting with: 45QPhy7JWU
[0] 2026-04-19T01:03:13.901Z - GET /v1/organization
[0] Session not found for token starting with: 45QPhy7JWU
[0] 2026-04-19T01:03:14.909Z - OPTIONS /v1/organization
[0] 2026-04-19T01:03:14.910Z - GET /v1/organization
[0] Session not found for token starting with: 45QPhy7JWU
[0] 2026-04-19T01:03:15.917Z - GET /v1/organization
[0] Session not found for token starting with: 45QPhy7JWU
[0] 2026-04-19T01:03:16.923Z - GET /v1/organization
[0] Session not found for token starting with: 45QPhy7JWU
[0] 2026-04-19T01:03:17.931Z - GET /v1/organization
[0] Session not found for token starting with: 45QPhy7JWU
[0] 2026-04-19T01:03:18.939Z - GET /v1/organization
[0] Session not found for token starting with: 45QPhy7JWU
[0] 2026-04-19T01:03:19.946Z - OPTIONS /v1/organization
[0] 2026-04-19T01:03:19.948Z - GET /v1/organization
[0] Session not found for token starting with: 45QPhy7JWU
[0] 2026-04-19T01:03:20.956Z - GET /v1/organization
[0] Session not found for token starting with: 45QPhy7JWU
[0] 2026-04-19T01:03:21.963Z - GET /v1/organization
[0] Session not found for token starting with: 45QPhy7JWU
[0] 2026-04-19T01:03:22.972Z - GET /v1/organization
[0] Session not found for token starting with: 45QPhy7JWU
[0] 2026-04-19T01:03:23.980Z - GET /v1/organization
[0] Session not found for token starting with: 45QPhy7JWU
[0] 2026-04-19T01:03:24.989Z - OPTIONS /v1/organization
[0] 2026-04-19T01:03:24.991Z - GET /v1/organization
[0] Session not found for token starting with: 45QPhy7JWU
[0] 2026-04-19T01:03:26.000Z - GET /v1/organization
[0] Session not found for token starting with: 45QPhy7JWU
[0] 2026-04-19T01:03:27.006Z - GET /v1/organization
[0] Session not found for token starting with: 45QPhy7JWU
[0] 2026-04-19T01:03:28.013Z - GET /v1/organization
[0] Session not found for token starting with: 45QPhy7JWU
[0] 2026-04-19T01:03:29.339Z - GET /v1/organization
[0] Session not found for token starting with: 45QPhy7JWU
[0] 2026-04-19T01:03:30.347Z - OPTIONS /v1/organization
[0] 2026-04-19T01:03:30.349Z - GET /v1/organization
[0] Session not found for token starting with: 45QPhy7JWU
[0] 2026-04-19T01:03:31.357Z - GET /v1/organization
[0] Session not found for token starting with: 45QPhy7JWU
[0] 2026-04-19T01:03:32.366Z - GET /v1/organization
[0] Session not found for token starting with: 45QPhy7JWU
[0] 2026-04-19T01:03:33.373Z - GET /v1/organization
[0] Session not found for token starting with: 45QPhy7JWU
[0] 2026-04-19T01:03:34.380Z - GET /v1/organization
[0] Session not found for token starting with: 45QPhy7JWU
[0] 2026-04-19T01:03:35.386Z - OPTIONS /v1/organization
[0] 2026-04-19T01:03:35.387Z - GET /v1/organization
[0] Session not found for token starting with: 45QPhy7JWU
[0] 2026-04-19T01:03:36.393Z - GET /v1/organization
[0] Session not found for token starting with: 45QPhy7JWU
[0] 2026-04-19T01:03:37.404Z - GET /v1/organization
[0] Session not found for token starting with: 45QPhy7JWU
[0] 2026-04-19T01:03:38.411Z - GET /v1/organization
[0] Session not found for token starting with: 45QPhy7JWU
[0] 2026-04-19T01:03:39.417Z - GET /v1/organization
[0] Session not found for token starting with: 45QPhy7JWU
[0] 2026-04-19T01:03:40.430Z - OPTIONS /v1/organization
[0] 2026-04-19T01:03:40.434Z - GET /v1/organization
[0] Session not found for token starting with: 45QPhy7JWU
[0] 2026-04-19T01:03:41.447Z - GET /v1/organization
[0] Session not found for token starting with: 45QPhy7JWU
[0] 2026-04-19T01:03:42.456Z - GET /v1/organization
[0] Session not found for token starting with: 45QPhy7JWU
[0] 2026-04-19T01:03:43.464Z - GET /v1/organization
[0] Session not found for token starting with: 45QPhy7JWU
[0] 2026-04-19T01:03:44.471Z - GET /v1/organization
[0] Session not found for token starting with: 45QPhy7JWU
[0] 2026-04-19T01:03:45.478Z - OPTIONS /v1/organization
[0] 2026-04-19T01:03:45.479Z - GET /v1/organization
[0] Session not found for token starting with: 45QPhy7JWU
[0] 2026-04-19T01:03:46.487Z - GET /v1/organization
[0] Session not found for token starting with: 45QPhy7JWU
[0] 2026-04-19T01:03:47.493Z - GET /v1/organization
[0] Session not found for token starting with: 45QPhy7JWU
[0] 2026-04-19T01:03:48.502Z - GET /v1/organization
[0] Session not found for token starting with: 45QPhy7JWU
[0] 2026-04-19T01:03:49.510Z - GET /v1/organization
[0] Session not found for token starting with: 45QPhy7JWU
[0] 2026-04-19T01:03:50.518Z - OPTIONS /v1/organization
[0] 2026-04-19T01:03:50.519Z - GET /v1/organization
[0] Session not found for token starting with: 45QPhy7JWU
[0] 2026-04-19T01:03:51.526Z - GET /v1/organization
[0] Session not found for token starting with: 45QPhy7JWU
[0] 2026-04-19T01:03:52.535Z - GET /v1/organization
[0] Session not found for token starting with: 45QPhy7JWU
[0] 2026-04-19T01:03:53.554Z - GET /v1/organization
[0] Session not found for token starting with: 45QPhy7JWU
[0] 2026-04-19T01:03:54.563Z - GET /v1/organization
[0] Session not found for token starting with: 45QPhy7JWU
[0] 2026-04-19T01:03:55.572Z - OPTIONS /v1/organization
[0] 2026-04-19T01:03:55.575Z - GET /v1/organization
[0] Session not found for token starting with: 45QPhy7JWU
[0] 2026-04-19T01:03:56.585Z - GET /v1/organization
[0] Session not found for token starting with: 45QPhy7JWU
[0] 2026-04-19T01:03:57.594Z - GET /v1/organization
[0] Session not found for token starting with: 45QPhy7JWU
[0] 2026-04-19T01:03:58.603Z - GET /v1/organization
[0] Session not found for token starting with: 45QPhy7JWU
[0] 2026-04-19T01:03:59.611Z - GET /v1/organization
[0] Session not found for token starting with: 45QPhy7JWU
[0] 2026-04-19T01:04:00.619Z - OPTIONS /v1/organization
[0] 2026-04-19T01:04:00.622Z - GET /v1/organization
[0] Session not found for token starting with: 45QPhy7JWU
[0] 2026-04-19T01:04:01.630Z - GET /v1/organization
[0] Session not found for token starting with: 45QPhy7JWU
[0] 2026-04-19T01:04:02.639Z - GET /v1/organization
[0] Session not found for token starting with: 45QPhy7JWU
[0] 2026-04-19T01:04:03.647Z - GET /v1/organization
[0] Session not found for token starting with: 45QPhy7JWU
[0] 2026-04-19T01:04:04.654Z - GET /v1/organization
[0] Session not found for token starting with: 45QPhy7JWU
[0] 2026-04-19T01:04:05.661Z - OPTIONS /v1/organization
[0] 2026-04-19T01:04:05.663Z - GET /v1/organization
[0] Session not found for token starting with: 45QPhy7JWU
[0] 2026-04-19T01:04:06.673Z - GET /v1/organization
[0] Session not found for token starting with: 45QPhy7JWU
[0] 2026-04-19T01:04:07.680Z - GET /v1/organization
[0] Session not found for token starting with: 45QPhy7JWU
[0] 2026-04-19T01:04:08.688Z - GET /v1/organization
[0] Session not found for token starting with: 45QPhy7JWU
[0] 2026-04-19T01:04:09.695Z - GET /v1/organization
[0] Session not found for token starting with: 45QPhy7JWU
[0] 2026-04-19T01:04:10.703Z - OPTIONS /v1/organization
[0] 2026-04-19T01:04:10.704Z - GET /v1/organization
[0] Session not found for token starting with: 45QPhy7JWU
[0] 2026-04-19T01:04:11.711Z - GET /v1/organization
[0] Session not found for token starting with: 45QPhy7JWU
[0] 2026-04-19T01:04:12.721Z - GET /v1/organization
[0] Session not found for token starting with: 45QPhy7JWU
[0] 2026-04-19T01:04:13.728Z - GET /v1/organization
[0] Session not found for token starting with: 45QPhy7JWU
[0] 2026-04-19T01:04:14.733Z - GET /v1/organization
[0] Session not found for token starting with: 45QPhy7JWU
[0] 2026-04-19T01:04:15.740Z - OPTIONS /v1/organization
[0] 2026-04-19T01:04:15.746Z - GET /v1/organization
[0] Session not found for token starting with: 45QPhy7JWU
[0] 2026-04-19T01:04:16.755Z - GET /v1/organization
[0] Session not found for token starting with: 45QPhy7JWU
[0] 2026-04-19T01:04:17.762Z - GET /v1/organization
[0] Session not found for token starting with: 45QPhy7JWU
[0] 2026-04-19T01:04:18.772Z - GET /v1/organization
[0] Session not found for token starting with: 45QPhy7JWU
[0] 2026-04-19T01:04:19.778Z - GET /v1/organization
[0] Session not found for token starting with: 45QPhy7JWU
[0] 2026-04-19T01:04:20.787Z - OPTIONS /v1/organization
[0] 2026-04-19T01:04:20.789Z - GET /v1/organization
[0] Session not found for token starting with: 45QPhy7JWU
[0] 2026-04-19T01:04:21.798Z - GET /v1/organization
[0] Session not found for token starting with: 45QPhy7JWU
[0] 2026-04-19T01:04:22.805Z - GET /v1/organization
[0] Session not found for token starting with: 45QPhy7JWU
[0] 2026-04-19T01:04:23.811Z - GET /v1/organization
[0] Session not found for token starting with: 45QPhy7JWU
[0] 2026-04-19T01:04:24.821Z - GET /v1/organization
[0] Session not found for token starting with: 45QPhy7JWU
[0] 2026-04-19T01:04:25.829Z - OPTIONS /v1/organization
[0] 2026-04-19T01:04:25.831Z - GET /v1/organization
[0] Session not found for token starting with: 45QPhy7JWU
[0] 2026-04-19T01:04:26.838Z - GET /v1/organization
[0] Session not found for token starting with: 45QPhy7JWU
[0] 2026-04-19T01:04:27.847Z - GET /v1/organization
[0] Session not found for token starting with: 45QPhy7JWU
[0] 2026-04-19T01:04:28.857Z - GET /v1/organization
[0] Session not found for token starting with: 45QPhy7JWU
[0] 2026-04-19T01:04:29.863Z - GET /v1/organization
[0] Session not found for token starting with: 45QPhy7JWU
[0] 2026-04-19T01:04:30.921Z - OPTIONS /v1/organization
[0] 2026-04-19T01:04:30.925Z - GET /v1/organization
[0] Session not found for token starting with: 45QPhy7JWU
[0] 2026-04-19T01:04:31.942Z - GET /v1/organization
[0] Session not found for token starting with: 45QPhy7JWU
[0] 2026-04-19T01:04:32.950Z - GET /v1/organization
[0] Session not found for token starting with: 45QPhy7JWU
[0] 2026-04-19T01:04:33.987Z - GET /v1/organization
[0] Session not found for token starting with: 45QPhy7JWU
[0] 2026-04-19T01:04:34.996Z - GET /v1/organization
[0] Session not found for token starting with: 45QPhy7JWU
[0] 2026-04-19T01:04:36.006Z - OPTIONS /v1/organization
[0] 2026-04-19T01:04:36.007Z - GET /v1/organization
[0] Session not found for token starting with: 45QPhy7JWU
[0] 2026-04-19T01:04:37.014Z - GET /v1/organization
[0] Session not found for token starting with: 45QPhy7JWU
[0] 2026-04-19T01:04:38.022Z - GET /v1/organization
[0] Session not found for token starting with: 45QPhy7JWU
[0] 2026-04-19T01:04:39.033Z - GET /v1/organization
[0] Session not found for token starting with: 45QPhy7JWU
[0] 2026-04-19T01:04:40.050Z - GET /v1/organization
[0] Session not found for token starting with: 45QPhy7JWU
[0] 2026-04-19T01:04:41.058Z - OPTIONS /v1/organization
[0] 2026-04-19T01:04:41.059Z - GET /v1/organization
[0] Session not found for token starting with: 45QPhy7JWU
[0] 2026-04-19T01:04:42.398Z - OPTIONS /v1/metrics/country
[0] 2026-04-19T01:04:42.399Z - OPTIONS /v1/dashboard/scores/query
[0] 2026-04-19T01:04:42.399Z - POST /v1/metrics/country
[0] 2026-04-19T01:04:42.402Z - OPTIONS /v1/request/count/query
[0] 2026-04-19T01:04:42.402Z - OPTIONS /v1/metrics/quantiles
[0] 2026-04-19T01:04:42.405Z - OPTIONS /v1/metrics/errorOverTime
[0] 2026-04-19T01:04:42.407Z - OPTIONS /v1/metrics/requestOverTime
[0] 2026-04-19T01:04:42.407Z - OPTIONS /v1/metrics/tokensOverTime
[0] 2026-04-19T01:04:42.407Z - OPTIONS /v1/request/count/query
[0] 2026-04-19T01:04:42.408Z - OPTIONS /v1/metrics/requestStatusOverTime
[0] 2026-04-19T01:04:42.409Z - OPTIONS /v1/metrics/costOverTime
[0] Session not found for token starting with: 45QPhy7JWU
[0] 401 Unauthorized: Invalid or expired session for path: /v1/metrics/country
[0] POST /v1/metrics/country 401 70 - 9.948 ms
[0] 2026-04-19T01:04:42.411Z - OPTIONS /v1/metrics/models
[0] 2026-04-19T01:04:42.413Z - OPTIONS /v1/metrics/timeToFirstToken
[0] 2026-04-19T01:04:42.413Z - OPTIONS /v1/metrics/threatsOverTime
[0] 2026-04-19T01:04:42.414Z - OPTIONS /v1/metrics/latencyOverTime
[0] 2026-04-19T01:04:42.414Z - OPTIONS /v1/metrics/usersOverTime
[0] 2026-04-19T01:04:42.414Z - POST /v1/metrics/tokensOverTime
[0] 2026-04-19T01:04:42.415Z - OPTIONS /v1/providers
[0] 2026-04-19T01:04:42.416Z - OPTIONS /v1/metrics/totalRequests
[0] 2026-04-19T01:04:42.417Z - OPTIONS /v1/metrics/averageLatency
[0] 2026-04-19T01:04:42.417Z - OPTIONS /v1/metrics/averageTokensPerRequest
[0] 2026-04-19T01:04:42.417Z - OPTIONS /v1/metrics/activeUsers
[0] 2026-04-19T01:04:42.417Z - OPTIONS /v1/metrics/totalCost
[0] 2026-04-19T01:04:42.418Z - POST /v1/dashboard/scores/query
[0] 2026-04-19T01:04:42.425Z - OPTIONS /v1/metrics/totalThreats
[0] 2026-04-19T01:04:42.425Z - OPTIONS /v1/agent/threads
[0] 2026-04-19T01:04:42.426Z - OPTIONS /v1/alert-banner
[0] 2026-04-19T01:04:42.427Z - OPTIONS /v1/organization/setup-demo
[0] 2026-04-19T01:04:42.427Z - OPTIONS /v1/metrics/averageTimeToFirstToken
[0] Session not found for token starting with: 45QPhy7JWU
[0] 401 Unauthorized: Invalid or expired session for path: /v1/metrics/tokensOverTime
[0] POST /v1/metrics/tokensOverTime 401 70 - 12.664 ms
[0] 2026-04-19T01:04:42.427Z - POST /v1/request/count/query
[0] 2026-04-19T01:04:42.429Z - POST /v1/request/count/query
[0] 2026-04-19T01:04:42.429Z - POST /v1/metrics/quantiles
[0] Session not found for token starting with: 45QPhy7JWU
[0] 401 Unauthorized: Invalid or expired session for path: /v1/request/count/query
[0] POST /v1/request/count/query 401 70 - 1.685 ms
[0] 2026-04-19T01:04:42.430Z - POST /v1/metrics/errorOverTime
[0] 2026-04-19T01:04:42.431Z - POST /v1/metrics/requestOverTime
[0] 2026-04-19T01:04:42.431Z - POST /v1/metrics/requestStatusOverTime
[0] Session not found for token starting with: 45QPhy7JWU
[0] 401 Unauthorized: Invalid or expired session for path: /v1/metrics/errorOverTime
[0] POST /v1/metrics/errorOverTime 401 70 - 2.129 ms
[0] 2026-04-19T01:04:42.433Z - POST /v1/metrics/costOverTime
[0] Session not found for token starting with: 45QPhy7JWU
[0] 401 Unauthorized: Invalid or expired session for path: /v1/metrics/costOverTime
[0] POST /v1/metrics/costOverTime 401 70 - 2.123 ms
[0] 2026-04-19T01:04:42.436Z - POST /v1/metrics/models
[0] Session not found for token starting with: 45QPhy7JWU
[0] 401 Unauthorized: Invalid or expired session for path: /v1/metrics/models
[0] POST /v1/metrics/models 401 70 - 1.728 ms
[0] 2026-04-19T01:04:42.441Z - POST /v1/metrics/timeToFirstToken
[0] Session not found for token starting with: 45QPhy7JWU
[0] 401 Unauthorized: Invalid or expired session for path: /v1/metrics/timeToFirstToken
[0] POST /v1/metrics/timeToFirstToken 401 70 - 1.141 ms
[0] 2026-04-19T01:04:42.444Z - POST /v1/metrics/threatsOverTime
[0] Session not found for token starting with: 45QPhy7JWU
[0] 401 Unauthorized: Invalid or expired session for path: /v1/metrics/threatsOverTime
[0] POST /v1/metrics/threatsOverTime 401 70 - 0.766 ms
[0] 2026-04-19T01:04:42.446Z - POST /v1/metrics/latencyOverTime
[0] Session not found for token starting with: 45QPhy7JWU
[0] 401 Unauthorized: Invalid or expired session for path: /v1/metrics/latencyOverTime
[0] POST /v1/metrics/latencyOverTime 401 70 - 0.785 ms
[0] 2026-04-19T01:04:42.448Z - POST /v1/metrics/usersOverTime
[0] Session not found for token starting with: 45QPhy7JWU
[0] 401 Unauthorized: Invalid or expired session for path: /v1/metrics/usersOverTime
[0] POST /v1/metrics/usersOverTime 401 70 - 1.223 ms
[0] 2026-04-19T01:04:42.451Z - POST /v1/providers
[0] Session not found for token starting with: 45QPhy7JWU
[0] 401 Unauthorized: Invalid or expired session for path: /v1/providers
[0] POST /v1/providers 401 70 - 1.065 ms
[0] 2026-04-19T01:04:42.453Z - POST /v1/metrics/totalRequests
[0] Session not found for token starting with: 45QPhy7JWU
[0] 401 Unauthorized: Invalid or expired session for path: /v1/metrics/totalRequests
[0] POST /v1/metrics/totalRequests 401 70 - 0.556 ms
[0] 2026-04-19T01:04:42.454Z - POST /v1/metrics/averageLatency
[0] Session not found for token starting with: 45QPhy7JWU
[0] 401 Unauthorized: Invalid or expired session for path: /v1/metrics/averageLatency
[0] POST /v1/metrics/averageLatency 401 70 - 0.708 ms
[0] 2026-04-19T01:04:42.455Z - POST /v1/metrics/averageTokensPerRequest
[0] Session not found for token starting with: 45QPhy7JWU
[0] 401 Unauthorized: Invalid or expired session for path: /v1/metrics/averageTokensPerRequest
[0] POST /v1/metrics/averageTokensPerRequest 401 70 - 0.940 ms
[0] 2026-04-19T01:04:42.457Z - POST /v1/metrics/activeUsers
[0] Session not found for token starting with: 45QPhy7JWU
[0] 401 Unauthorized: Invalid or expired session for path: /v1/metrics/activeUsers
[0] POST /v1/metrics/activeUsers 401 70 - 0.849 ms
[0] 2026-04-19T01:04:42.459Z - POST /v1/metrics/totalCost
[0] Session not found for token starting with: 45QPhy7JWU
[0] 401 Unauthorized: Invalid or expired session for path: /v1/metrics/totalCost
[0] POST /v1/metrics/totalCost 401 70 - 0.913 ms
[0] 2026-04-19T01:04:42.460Z - POST /v1/metrics/totalThreats
[0] Session not found for token starting with: 45QPhy7JWU
[0] 401 Unauthorized: Invalid or expired session for path: /v1/metrics/totalThreats
[0] POST /v1/metrics/totalThreats 401 70 - 0.637 ms
[0] 2026-04-19T01:04:42.461Z - GET /v1/agent/threads
[0] Session not found for token starting with: 45QPhy7JWU
[0] 401 Unauthorized: Invalid or expired session for path: /v1/agent/threads
[0] GET /v1/agent/threads 401 70 - 0.571 ms
[0] 2026-04-19T01:04:42.463Z - GET /v1/alert-banner
[0] Session not found for token starting with: 45QPhy7JWU
[0] 401 Unauthorized: Invalid or expired session for path: /v1/alert-banner
[0] GET /v1/alert-banner 401 70 - 1.046 ms
[0] 2026-04-19T01:04:42.465Z - POST /v1/organization/setup-demo
[0] Session not found for token starting with: 45QPhy7JWU
[0] 401 Unauthorized: Invalid or expired session for path: /v1/organization/setup-demo
[0] POST /v1/organization/setup-demo 401 70 - 2.076 ms
[0] 2026-04-19T01:04:42.468Z - POST /v1/metrics/averageTimeToFirstToken
[0] Session not found for token starting with: 45QPhy7JWU
[0] 401 Unauthorized: Invalid or expired session for path: /v1/metrics/averageTimeToFirstToken
[0] POST /v1/metrics/averageTimeToFirstToken 401 70 - 0.855 ms
[0] 2026-04-19T01:04:42.470Z - POST /v1/metrics/country
[0] Session not found for token starting with: 45QPhy7JWU
[0] 401 Unauthorized: Invalid or expired session for path: /v1/dashboard/scores/query
[0] POST /v1/dashboard/scores/query 401 70 - 52.840 ms
[0] Session not found for token starting with: 45QPhy7JWU
[0] 401 Unauthorized: Invalid or expired session for path: /v1/request/count/query
[0] POST /v1/request/count/query 401 70 - 42.041 ms
[0] Session not found for token starting with: 45QPhy7JWU
[0] 401 Unauthorized: Invalid or expired session for path: /v1/metrics/requestOverTime
[0] POST /v1/metrics/requestOverTime 401 70 - 40.498 ms
[0] Session not found for token starting with: 45QPhy7JWU
[0] 401 Unauthorized: Invalid or expired session for path: /v1/metrics/quantiles
[0] POST /v1/metrics/quantiles 401 70 - 42.075 ms
[0] Session not found for token starting with: 45QPhy7JWU
[0] 401 Unauthorized: Invalid or expired session for path: /v1/metrics/requestStatusOverTime
[0] POST /v1/metrics/requestStatusOverTime 401 70 - 39.671 ms
[0] Session not found for token starting with: 45QPhy7JWU
[0] 401 Unauthorized: Invalid or expired session for path: /v1/metrics/country
[0] POST /v1/metrics/country 401 70 - 1.117 ms
[0] 2026-04-19T01:04:42.471Z - POST /v1/dashboard/scores/query
[0] 2026-04-19T01:04:42.472Z - POST /v1/metrics/quantiles
[0] 2026-04-19T01:04:42.472Z - POST /v1/request/count/query
[0] 2026-04-19T01:04:42.473Z - POST /v1/request/count/query
[0] 2026-04-19T01:04:42.473Z - POST /v1/metrics/models
[0] 2026-04-19T01:04:42.473Z - POST /v1/providers
[0] Session not found for token starting with: 45QPhy7JWU
[0] 401 Unauthorized: Invalid or expired session for path: /v1/dashboard/scores/query
[0] POST /v1/dashboard/scores/query 401 70 - 1.773 ms
[0] Session not found for token starting with: 45QPhy7JWU
[0] 401 Unauthorized: Invalid or expired session for path: /v1/request/count/query
[0] POST /v1/request/count/query 401 70 - 1.918 ms
[0] Session not found for token starting with: 45QPhy7JWU
[0] 401 Unauthorized: Invalid or expired session for path: /v1/metrics/quantiles
[0] POST /v1/metrics/quantiles 401 70 - 2.882 ms
[0] Session not found for token starting with: 45QPhy7JWU
[0] 401 Unauthorized: Invalid or expired session for path: /v1/request/count/query
[0] POST /v1/request/count/query 401 70 - 2.608 ms
[0] 2026-04-19T01:04:42.475Z - POST /v1/metrics/tokensOverTime
[0] Session not found for token starting with: 45QPhy7JWU
[0] 401 Unauthorized: Invalid or expired session for path: /v1/metrics/models
[0] POST /v1/metrics/models 401 70 - 2.446 ms
[0] Session not found for token starting with: 45QPhy7JWU
[0] 401 Unauthorized: Invalid or expired session for path: /v1/providers
[0] POST /v1/providers 401 70 - 2.362 ms
[0] 2026-04-19T01:04:42.476Z - POST /v1/metrics/errorOverTime
[0] 2026-04-19T01:04:42.476Z - POST /v1/metrics/requestOverTime
[0] 2026-04-19T01:04:42.477Z - POST /v1/metrics/requestStatusOverTime
[0] 2026-04-19T01:04:42.477Z - POST /v1/metrics/costOverTime
[0] Session not found for token starting with: 45QPhy7JWU
[0] 401 Unauthorized: Invalid or expired session for path: /v1/metrics/tokensOverTime
[0] POST /v1/metrics/tokensOverTime 401 70 - 1.639 ms
[0] 2026-04-19T01:04:42.477Z - POST /v1/metrics/latencyOverTime
[0] Session not found for token starting with: 45QPhy7JWU
[0] 401 Unauthorized: Invalid or expired session for path: /v1/metrics/requestOverTime
[0] POST /v1/metrics/requestOverTime 401 70 - 1.430 ms
[0] Session not found for token starting with: 45QPhy7JWU
[0] 401 Unauthorized: Invalid or expired session for path: /v1/metrics/errorOverTime
[0] POST /v1/metrics/errorOverTime 401 70 - 2.012 ms
[0] 2026-04-19T01:04:42.478Z - POST /v1/metrics/usersOverTime
[0] Session not found for token starting with: 45QPhy7JWU
[0] 401 Unauthorized: Invalid or expired session for path: /v1/metrics/requestStatusOverTime
[0] POST /v1/metrics/requestStatusOverTime 401 70 - 1.432 ms
[0] Session not found for token starting with: 45QPhy7JWU
[0] 401 Unauthorized: Invalid or expired session for path: /v1/metrics/costOverTime
[0] POST /v1/metrics/costOverTime 401 70 - 1.331 ms
[0] Session not found for token starting with: 45QPhy7JWU
[0] 401 Unauthorized: Invalid or expired session for path: /v1/metrics/latencyOverTime
[0] POST /v1/metrics/latencyOverTime 401 70 - 0.983 ms
[0] 2026-04-19T01:04:42.478Z - POST /v1/metrics/timeToFirstToken
[0] 2026-04-19T01:04:42.478Z - POST /v1/metrics/threatsOverTime
[0] Session not found for token starting with: 45QPhy7JWU
[0] 401 Unauthorized: Invalid or expired session for path: /v1/metrics/usersOverTime
[0] POST /v1/metrics/usersOverTime 401 70 - 0.764 ms
[0] 2026-04-19T01:04:42.479Z - POST /v1/metrics/totalCost
[0] 2026-04-19T01:04:42.480Z - POST /v1/metrics/totalRequests
[0] 2026-04-19T01:04:42.480Z - POST /v1/metrics/averageLatency
[0] Session not found for token starting with: 45QPhy7JWU
[0] 401 Unauthorized: Invalid or expired session for path: /v1/metrics/timeToFirstToken
[0] POST /v1/metrics/timeToFirstToken 401 70 - 1.904 ms
[0] Session not found for token starting with: 45QPhy7JWU
[0] 401 Unauthorized: Invalid or expired session for path: /v1/metrics/threatsOverTime
[0] POST /v1/metrics/threatsOverTime 401 70 - 1.901 ms
[0] 2026-04-19T01:04:42.481Z - POST /v1/metrics/averageTokensPerRequest
[0] Session not found for token starting with: 45QPhy7JWU
[0] 401 Unauthorized: Invalid or expired session for path: /v1/metrics/totalRequests
[0] POST /v1/metrics/totalRequests 401 70 - 1.320 ms
[0] Session not found for token starting with: 45QPhy7JWU
[0] 401 Unauthorized: Invalid or expired session for path: /v1/metrics/totalCost
[0] POST /v1/metrics/totalCost 401 70 - 1.755 ms
[0] 2026-04-19T01:04:42.481Z - POST /v1/metrics/activeUsers
[0] Session not found for token starting with: 45QPhy7JWU
[0] 401 Unauthorized: Invalid or expired session for path: /v1/metrics/averageLatency
[0] POST /v1/metrics/averageLatency 401 70 - 1.919 ms
[0] 2026-04-19T01:04:42.482Z - POST /v1/metrics/averageTimeToFirstToken
[0] 2026-04-19T01:04:42.482Z - POST /v1/metrics/totalThreats
[0] Session not found for token starting with: 45QPhy7JWU
[0] 401 Unauthorized: Invalid or expired session for path: /v1/metrics/averageTokensPerRequest
[0] POST /v1/metrics/averageTokensPerRequest 401 70 - 1.803 ms
[0] 2026-04-19T01:04:42.483Z - GET /v1/agent/threads
[0] 2026-04-19T01:04:42.483Z - GET /v1/alert-banner
[0] Session not found for token starting with: 45QPhy7JWU
[0] 401 Unauthorized: Invalid or expired session for path: /v1/metrics/averageTimeToFirstToken
[0] POST /v1/metrics/averageTimeToFirstToken 401 70 - 3.094 ms
[0] Session not found for token starting with: 45QPhy7JWU
[0] 401 Unauthorized: Invalid or expired session for path: /v1/metrics/activeUsers
[0] POST /v1/metrics/activeUsers 401 70 - 3.730 ms
[0] 2026-04-19T01:04:42.486Z - POST /v1/organization/setup-demo
[0] Session not found for token starting with: 45QPhy7JWU
[0] 401 Unauthorized: Invalid or expired session for path: /v1/agent/threads
[0] GET /v1/agent/threads 401 70 - 3.383 ms
[0] Session not found for token starting with: 45QPhy7JWU
[0] 401 Unauthorized: Invalid or expired session for path: /v1/alert-banner
[0] GET /v1/alert-banner 401 70 - 3.363 ms
[0] Session not found for token starting with: 45QPhy7JWU
[0] 401 Unauthorized: Invalid or expired session for path: /v1/metrics/totalThreats
[0] POST /v1/metrics/totalThreats 401 70 - 3.824 ms
[0] Session not found for token starting with: 45QPhy7JWU
[0] 401 Unauthorized: Invalid or expired session for path: /v1/organization/setup-demo
[0] POST /v1/organization/setup-demo 401 70 - 0.655 ms
[0] 2026-04-19T01:04:42.501Z - OPTIONS /v1/agent/thread/a59797cd-b7cc-4c9d-8bbb-50e28c17570c
[0] 2026-04-19T01:04:42.502Z - GET /v1/agent/thread/a59797cd-b7cc-4c9d-8bbb-50e28c17570c
[0] Session not found for token starting with: 45QPhy7JWU
[0] 401 Unauthorized: Invalid or expired session for path: /v1/agent/thread/a59797cd-b7cc-4c9d-8bbb-50e28c17570c
[0] GET /v1/agent/thread/a59797cd-b7cc-4c9d-8bbb-50e28c17570c 401 70 - 1.060 ms
[0] 2026-04-19T01:04:42.781Z - GET /v1/organization
[0] Session not found for token starting with: 45QPhy7JWU
[0] 2026-04-19T01:04:43.753Z - GET /v1/agent/threads
[0] 2026-04-19T01:04:43.753Z - GET /v1/alert-banner
[0] 2026-04-19T01:04:43.753Z - GET /v1/agent/thread/a59797cd-b7cc-4c9d-8bbb-50e28c17570c
[0] Session not found for token starting with: 45QPhy7JWU
[0] 401 Unauthorized: Invalid or expired session for path: /v1/agent/threads
[0] GET /v1/agent/threads 401 70 - 2.197 ms
[0] Session not found for token starting with: 45QPhy7JWU
[0] 401 Unauthorized: Invalid or expired session for path: /v1/alert-banner
[0] GET /v1/alert-banner 401 70 - 2.743 ms
[0] Session not found for token starting with: 45QPhy7JWU
[0] 401 Unauthorized: Invalid or expired session for path: /v1/agent/thread/a59797cd-b7cc-4c9d-8bbb-50e28c17570c
[0] GET /v1/agent/thread/a59797cd-b7cc-4c9d-8bbb-50e28c17570c 401 70 - 3.283 ms
[0] 2026-04-19T01:04:43.804Z - POST /v1/metrics/country
[0] 2026-04-19T01:04:43.805Z - POST /v1/metrics/quantiles
[0] 2026-04-19T01:04:43.805Z - POST /v1/request/count/query
[0] 2026-04-19T01:04:43.806Z - POST /v1/request/count/query
[0] 2026-04-19T01:04:43.806Z - POST /v1/metrics/models
[0] 2026-04-19T01:04:43.806Z - POST /v1/metrics/tokensOverTime
[0] Session not found for token starting with: 45QPhy7JWU
[0] 401 Unauthorized: Invalid or expired session for path: /v1/metrics/country
[0] POST /v1/metrics/country 401 70 - 1.922 ms
[0] Session not found for token starting with: 45QPhy7JWU
[0] 401 Unauthorized: Invalid or expired session for path: /v1/request/count/query
[0] POST /v1/request/count/query 401 70 - 2.486 ms
[0] Session not found for token starting with: 45QPhy7JWU
[0] 401 Unauthorized: Invalid or expired session for path: /v1/metrics/quantiles
[0] POST /v1/metrics/quantiles 401 70 - 2.794 ms
[0] 2026-04-19T01:04:43.808Z - POST /v1/metrics/errorOverTime
[0] Session not found for token starting with: 45QPhy7JWU
[0] 401 Unauthorized: Invalid or expired session for path: /v1/metrics/models
[0] POST /v1/metrics/models 401 70 - 3.087 ms
[0] Session not found for token starting with: 45QPhy7JWU
[0] 401 Unauthorized: Invalid or expired session for path: /v1/request/count/query
[0] POST /v1/request/count/query 401 70 - 3.391 ms
[0] Session not found for token starting with: 45QPhy7JWU
[0] 401 Unauthorized: Invalid or expired session for path: /v1/metrics/tokensOverTime
[0] POST /v1/metrics/tokensOverTime 401 70 - 3.113 ms
[0] 2026-04-19T01:04:43.809Z - POST /v1/metrics/requestOverTime
[0] 2026-04-19T01:04:43.810Z - POST /v1/metrics/requestStatusOverTime
[0] 2026-04-19T01:04:43.810Z - POST /v1/metrics/costOverTime
[0] 2026-04-19T01:04:43.810Z - POST /v1/metrics/latencyOverTime
[0] 2026-04-19T01:04:43.811Z - POST /v1/metrics/usersOverTime
[0] Session not found for token starting with: 45QPhy7JWU
[0] 401 Unauthorized: Invalid or expired session for path: /v1/metrics/errorOverTime
[0] POST /v1/metrics/errorOverTime 401 70 - 2.381 ms
[0] Session not found for token starting with: 45QPhy7JWU
[0] 401 Unauthorized: Invalid or expired session for path: /v1/metrics/requestOverTime
[0] POST /v1/metrics/requestOverTime 401 70 - 1.265 ms
[0] Session not found for token starting with: 45QPhy7JWU
[0] 401 Unauthorized: Invalid or expired session for path: /v1/metrics/requestStatusOverTime
[0] POST /v1/metrics/requestStatusOverTime 401 70 - 1.062 ms
[0] 2026-04-19T01:04:43.811Z - POST /v1/metrics/timeToFirstToken
[0] 2026-04-19T01:04:43.811Z - POST /v1/metrics/threatsOverTime
[0] 2026-04-19T01:04:43.812Z - POST /v1/metrics/totalCost
[0] Session not found for token starting with: 45QPhy7JWU
[0] 401 Unauthorized: Invalid or expired session for path: /v1/metrics/latencyOverTime
[0] POST /v1/metrics/latencyOverTime 401 70 - 1.159 ms
[0] Session not found for token starting with: 45QPhy7JWU
[0] 401 Unauthorized: Invalid or expired session for path: /v1/metrics/usersOverTime
[0] POST /v1/metrics/usersOverTime 401 70 - 1.071 ms
[0] Session not found for token starting with: 45QPhy7JWU
[0] 401 Unauthorized: Invalid or expired session for path: /v1/metrics/costOverTime
[0] POST /v1/metrics/costOverTime 401 70 - 1.452 ms
[0] 2026-04-19T01:04:43.812Z - POST /v1/metrics/totalRequests
[0] 2026-04-19T01:04:43.812Z - POST /v1/metrics/averageLatency
[0] 2026-04-19T01:04:43.812Z - POST /v1/metrics/averageTokensPerRequest
[0] Session not found for token starting with: 45QPhy7JWU
[0] 401 Unauthorized: Invalid or expired session for path: /v1/metrics/threatsOverTime
[0] POST /v1/metrics/threatsOverTime 401 70 - 1.314 ms
[0] Session not found for token starting with: 45QPhy7JWU
[0] 401 Unauthorized: Invalid or expired session for path: /v1/metrics/totalCost
[0] POST /v1/metrics/totalCost 401 70 - 1.185 ms
[0] Session not found for token starting with: 45QPhy7JWU
[0] 401 Unauthorized: Invalid or expired session for path: /v1/metrics/timeToFirstToken
[0] POST /v1/metrics/timeToFirstToken 401 70 - 1.619 ms
[0] Session not found for token starting with: 45QPhy7JWU
[0] 401 Unauthorized: Invalid or expired session for path: /v1/metrics/totalRequests
[0] POST /v1/metrics/totalRequests 401 70 - 0.741 ms
[0] 2026-04-19T01:04:43.813Z - POST /v1/metrics/activeUsers
[0] 2026-04-19T01:04:43.813Z - POST /v1/metrics/averageTimeToFirstToken
[0] Session not found for token starting with: 45QPhy7JWU
[0] 401 Unauthorized: Invalid or expired session for path: /v1/metrics/averageLatency
[0] POST /v1/metrics/averageLatency 401 70 - 1.027 ms
[0] Session not found for token starting with: 45QPhy7JWU
[0] 401 Unauthorized: Invalid or expired session for path: /v1/metrics/averageTokensPerRequest
[0] POST /v1/metrics/averageTokensPerRequest 401 70 - 0.915 ms
[0] 2026-04-19T01:04:43.814Z - POST /v1/metrics/totalThreats
[0] Session not found for token starting with: 45QPhy7JWU
[0] 401 Unauthorized: Invalid or expired session for path: /v1/metrics/activeUsers
[0] POST /v1/metrics/activeUsers 401 70 - 3.070 ms
[0] Session not found for token starting with: 45QPhy7JWU
[0] 401 Unauthorized: Invalid or expired session for path: /v1/metrics/averageTimeToFirstToken
[0] POST /v1/metrics/averageTimeToFirstToken 401 70 - 3.006 ms
[0] Session not found for token starting with: 45QPhy7JWU
[0] 401 Unauthorized: Invalid or expired session for path: /v1/metrics/totalThreats
[0] POST /v1/metrics/totalThreats 401 70 - 2.856 ms
[0] 2026-04-19T01:04:43.903Z - GET /v1/organization
[0] Session not found for token starting with: 45QPhy7JWU
[0] 2026-04-19T01:04:44.909Z - GET /v1/organization
[0] Session not found for token starting with: 45QPhy7JWU
[0] 2026-04-19T01:04:45.760Z - GET /v1/agent/threads
[0] 2026-04-19T01:04:45.761Z - GET /v1/alert-banner
[0] 2026-04-19T01:04:45.761Z - GET /v1/agent/thread/a59797cd-b7cc-4c9d-8bbb-50e28c17570c
[0] Session not found for token starting with: 45QPhy7JWU
[0] 401 Unauthorized: Invalid or expired session for path: /v1/agent/thread/a59797cd-b7cc-4c9d-8bbb-50e28c17570c
[0] GET /v1/agent/thread/a59797cd-b7cc-4c9d-8bbb-50e28c17570c 401 70 - 0.779 ms
[0] Session not found for token starting with: 45QPhy7JWU
[0] 401 Unauthorized: Invalid or expired session for path: /v1/alert-banner
[0] GET /v1/alert-banner 401 70 - 1.040 ms
[0] Session not found for token starting with: 45QPhy7JWU
[0] 401 Unauthorized: Invalid or expired session for path: /v1/agent/threads
[0] GET /v1/agent/threads 401 70 - 1.466 ms
[0] 2026-04-19T01:04:45.810Z - POST /v1/metrics/country
[0] 2026-04-19T01:04:45.811Z - POST /v1/request/count/query
[0] 2026-04-19T01:04:45.811Z - POST /v1/metrics/quantiles
[0] 2026-04-19T01:04:45.812Z - POST /v1/metrics/models
[0] 2026-04-19T01:04:45.812Z - POST /v1/request/count/query
[0] 2026-04-19T01:04:45.812Z - POST /v1/metrics/tokensOverTime
[0] Session not found for token starting with: 45QPhy7JWU
[0] 401 Unauthorized: Invalid or expired session for path: /v1/metrics/country
[0] POST /v1/metrics/country 401 70 - 1.847 ms
[0] Session not found for token starting with: 45QPhy7JWU
[0] 401 Unauthorized: Invalid or expired session for path: /v1/metrics/quantiles
[0] POST /v1/metrics/quantiles 401 70 - 1.121 ms
[0] Session not found for token starting with: 45QPhy7JWU
[0] 401 Unauthorized: Invalid or expired session for path: /v1/request/count/query
[0] POST /v1/request/count/query 401 70 - 1.436 ms
[0] 2026-04-19T01:04:45.813Z - POST /v1/metrics/errorOverTime
[0] 2026-04-19T01:04:45.813Z - POST /v1/metrics/requestOverTime
[0] Session not found for token starting with: 45QPhy7JWU
[0] 401 Unauthorized: Invalid or expired session for path: /v1/request/count/query
[0] POST /v1/request/count/query 401 70 - 1.685 ms
[0] Session not found for token starting with: 45QPhy7JWU
[0] 401 Unauthorized: Invalid or expired session for path: /v1/metrics/tokensOverTime
[0] POST /v1/metrics/tokensOverTime 401 70 - 1.810 ms
[0] Session not found for token starting with: 45QPhy7JWU
[0] 401 Unauthorized: Invalid or expired session for path: /v1/metrics/models
[0] POST /v1/metrics/models 401 70 - 2.196 ms
[0] 2026-04-19T01:04:45.814Z - POST /v1/metrics/requestStatusOverTime
[0] Session not found for token starting with: 45QPhy7JWU
[0] 401 Unauthorized: Invalid or expired session for path: /v1/metrics/errorOverTime
[0] POST /v1/metrics/errorOverTime 401 70 - 1.346 ms
[0] 2026-04-19T01:04:45.816Z - POST /v1/metrics/latencyOverTime
[0] Session not found for token starting with: 45QPhy7JWU
[0] 401 Unauthorized: Invalid or expired session for path: /v1/metrics/requestOverTime
[0] POST /v1/metrics/requestOverTime 401 70 - 3.333 ms
[0] 2026-04-19T01:04:45.817Z - POST /v1/metrics/costOverTime
[0] 2026-04-19T01:04:45.817Z - POST /v1/metrics/usersOverTime
[0] 2026-04-19T01:04:45.817Z - POST /v1/metrics/threatsOverTime
[0] Session not found for token starting with: 45QPhy7JWU
[0] 401 Unauthorized: Invalid or expired session for path: /v1/metrics/requestStatusOverTime
[0] POST /v1/metrics/requestStatusOverTime 401 70 - 3.122 ms
[0] 2026-04-19T01:04:45.818Z - POST /v1/metrics/totalCost
[0] 2026-04-19T01:04:45.818Z - POST /v1/metrics/timeToFirstToken
[0] Session not found for token starting with: 45QPhy7JWU
[0] 401 Unauthorized: Invalid or expired session for path: /v1/metrics/latencyOverTime
[0] POST /v1/metrics/latencyOverTime 401 70 - 1.877 ms
[0] Session not found for token starting with: 45QPhy7JWU
[0] 401 Unauthorized: Invalid or expired session for path: /v1/metrics/costOverTime
[0] POST /v1/metrics/costOverTime 401 70 - 1.502 ms
[0] Session not found for token starting with: 45QPhy7JWU
[0] 401 Unauthorized: Invalid or expired session for path: /v1/metrics/usersOverTime
[0] POST /v1/metrics/usersOverTime 401 70 - 1.412 ms
[0] Session not found for token starting with: 45QPhy7JWU
[0] 401 Unauthorized: Invalid or expired session for path: /v1/metrics/threatsOverTime
[0] POST /v1/metrics/threatsOverTime 401 70 - 1.330 ms
[0] 2026-04-19T01:04:45.819Z - POST /v1/metrics/totalRequests
[0] 2026-04-19T01:04:45.819Z - POST /v1/metrics/averageLatency
[0] Session not found for token starting with: 45QPhy7JWU
[0] 401 Unauthorized: Invalid or expired session for path: /v1/metrics/totalCost
[0] POST /v1/metrics/totalCost 401 70 - 1.413 ms
[0] Session not found for token starting with: 45QPhy7JWU
[0] 401 Unauthorized: Invalid or expired session for path: /v1/metrics/timeToFirstToken
[0] POST /v1/metrics/timeToFirstToken 401 70 - 1.227 ms
[0] Session not found for token starting with: 45QPhy7JWU
[0] 401 Unauthorized: Invalid or expired session for path: /v1/metrics/totalRequests
[0] POST /v1/metrics/totalRequests 401 70 - 1.143 ms
[0] Session not found for token starting with: 45QPhy7JWU
[0] 401 Unauthorized: Invalid or expired session for path: /v1/metrics/averageLatency
[0] POST /v1/metrics/averageLatency 401 70 - 0.920 ms
[0] 2026-04-19T01:04:45.824Z - POST /v1/metrics/averageTokensPerRequest
[0] 2026-04-19T01:04:45.825Z - POST /v1/metrics/activeUsers
[0] 2026-04-19T01:04:45.825Z - POST /v1/metrics/averageTimeToFirstToken
[0] 2026-04-19T01:04:45.825Z - POST /v1/metrics/totalThreats
[0] Session not found for token starting with: 45QPhy7JWU
[0] 401 Unauthorized: Invalid or expired session for path: /v1/metrics/averageTokensPerRequest
[0] POST /v1/metrics/averageTokensPerRequest 401 70 - 2.192 ms
[0] Session not found for token starting with: 45QPhy7JWU
[0] 401 Unauthorized: Invalid or expired session for path: /v1/metrics/activeUsers
[0] POST /v1/metrics/activeUsers 401 70 - 1.378 ms
[0] Session not found for token starting with: 45QPhy7JWU
[0] 401 Unauthorized: Invalid or expired session for path: /v1/metrics/totalThreats
[0] POST /v1/metrics/totalThreats 401 70 - 0.854 ms
[0] Session not found for token starting with: 45QPhy7JWU
[0] 401 Unauthorized: Invalid or expired session for path: /v1/metrics/averageTimeToFirstToken
[0] POST /v1/metrics/averageTimeToFirstToken 401 70 - 1.156 ms
[0] 2026-04-19T01:04:45.914Z - GET /v1/organization
[0] Session not found for token starting with: 45QPhy7JWU
[0] 2026-04-19T01:04:46.920Z - OPTIONS /v1/organization
[0] 2026-04-19T01:04:46.921Z - GET /v1/organization
[0] Session not found for token starting with: 45QPhy7JWU
[0] 2026-04-19T01:04:48.146Z - GET /v1/organization
[0] Session not found for token starting with: 45QPhy7JWU
[0] 2026-04-19T01:04:54.998Z - OPTIONS /v1/organization
[0] 2026-04-19T01:04:54.999Z - OPTIONS /v1/dashboard/scores/query
[0] 2026-04-19T01:04:54.999Z - OPTIONS /v1/alert-banner
[0] 2026-04-19T01:04:54.999Z - OPTIONS /v1/request/count/query
[0] 2026-04-19T01:04:55.001Z - OPTIONS /v1/agent/threads
[0] 2026-04-19T01:04:55.001Z - OPTIONS /v1/request/count/query
[0] 2026-04-19T01:04:55.004Z - OPTIONS /v1/metrics/models
[0] 2026-04-19T01:04:55.005Z - OPTIONS /v1/metrics/tokensOverTime
[0] 2026-04-19T01:04:55.005Z - OPTIONS /v1/metrics/errorOverTime
[0] 2026-04-19T01:04:55.005Z - OPTIONS /v1/metrics/requestOverTime
[0] 2026-04-19T01:04:55.005Z - OPTIONS /v1/metrics/requestStatusOverTime
[0] 2026-04-19T01:04:55.006Z - OPTIONS /v1/metrics/costOverTime
[0] 2026-04-19T01:04:55.007Z - OPTIONS /v1/metrics/usersOverTime
[0] 2026-04-19T01:04:55.007Z - OPTIONS /v1/metrics/timeToFirstToken
[0] 2026-04-19T01:04:55.008Z - OPTIONS /v1/metrics/latencyOverTime
[0] 2026-04-19T01:04:55.008Z - OPTIONS /v1/metrics/threatsOverTime
[0] 2026-04-19T01:04:55.009Z - OPTIONS /v1/metrics/totalCost
[0] 2026-04-19T01:04:55.010Z - OPTIONS /v1/metrics/totalRequests
[0] 2026-04-19T01:04:55.010Z - GET /v1/organization
[0] 2026-04-19T01:04:55.011Z - OPTIONS /v1/agent/thread/a59797cd-b7cc-4c9d-8bbb-50e28c17570c
[0] 2026-04-19T01:04:55.012Z - OPTIONS /v1/metrics/averageTimeToFirstToken
[0] 2026-04-19T01:04:55.013Z - OPTIONS /v1/metrics/totalThreats
[0] 2026-04-19T01:04:55.013Z - OPTIONS /v1/metrics/averageLatency
[0] 2026-04-19T01:04:55.014Z - OPTIONS /v1/metrics/averageTokensPerRequest
[0] 2026-04-19T01:04:55.014Z - OPTIONS /v1/metrics/activeUsers
[0] 2026-04-19T01:04:55.015Z - POST /v1/dashboard/scores/query
[0] 2026-04-19T01:04:55.016Z - OPTIONS /v1/metrics/country
[0] 2026-04-19T01:04:55.017Z - OPTIONS /v1/metrics/quantiles
[0] Session not found for token starting with: 45QPhy7JWU
[0] 2026-04-19T01:04:55.017Z - GET /v1/alert-banner
[0] 2026-04-19T01:04:55.018Z - POST /v1/metrics/models
[0] Session not found for token starting with: 45QPhy7JWU
[0] 401 Unauthorized: Invalid or expired session for path: /v1/dashboard/scores/query
[0] POST /v1/dashboard/scores/query 401 70 - 2.259 ms
[0] 2026-04-19T01:04:55.018Z - POST /v1/request/count/query
[0] Session not found for token starting with: 45QPhy7JWU
[0] 401 Unauthorized: Invalid or expired session for path: /v1/alert-banner
[0] GET /v1/alert-banner 401 70 - 3.510 ms
[0] 2026-04-19T01:04:55.022Z - POST /v1/metrics/tokensOverTime
[0] 2026-04-19T01:04:55.022Z - GET /v1/agent/threads
[0] Session not found for token starting with: 45QPhy7JWU
[0] 401 Unauthorized: Invalid or expired session for path: /v1/metrics/models
[0] POST /v1/metrics/models 401 70 - 4.189 ms
[0] Session not found for token starting with: 45QPhy7JWU
[0] 401 Unauthorized: Invalid or expired session for path: /v1/request/count/query
[0] POST /v1/request/count/query 401 70 - 3.952 ms
[0] 2026-04-19T01:04:55.022Z - POST /v1/metrics/errorOverTime
[0] 2026-04-19T01:04:55.023Z - POST /v1/request/count/query
[0] 2026-04-19T01:04:55.023Z - POST /v1/metrics/requestOverTime
[0] 2026-04-19T01:04:55.023Z - POST /v1/metrics/requestStatusOverTime
[0] Session not found for token starting with: 45QPhy7JWU
[0] 401 Unauthorized: Invalid or expired session for path: /v1/metrics/tokensOverTime
[0] POST /v1/metrics/tokensOverTime 401 70 - 1.828 ms
[0] Session not found for token starting with: 45QPhy7JWU
[0] 401 Unauthorized: Invalid or expired session for path: /v1/agent/threads
[0] GET /v1/agent/threads 401 70 - 2.000 ms
[0] Session not found for token starting with: 45QPhy7JWU
[0] 401 Unauthorized: Invalid or expired session for path: /v1/metrics/errorOverTime
[0] POST /v1/metrics/errorOverTime 401 70 - 1.953 ms
[0] Session not found for token starting with: 45QPhy7JWU
[0] 401 Unauthorized: Invalid or expired session for path: /v1/request/count/query
[0] POST /v1/request/count/query 401 70 - 2.221 ms
[0] 2026-04-19T01:04:55.025Z - POST /v1/metrics/costOverTime
[0] Session not found for token starting with: 45QPhy7JWU
[0] 401 Unauthorized: Invalid or expired session for path: /v1/metrics/requestOverTime
[0] POST /v1/metrics/requestOverTime 401 70 - 3.670 ms
[0] Session not found for token starting with: 45QPhy7JWU
[0] 401 Unauthorized: Invalid or expired session for path: /v1/metrics/requestStatusOverTime
[0] POST /v1/metrics/requestStatusOverTime 401 70 - 3.662 ms
[0] 2026-04-19T01:04:55.027Z - POST /v1/metrics/usersOverTime
[0] 2026-04-19T01:04:55.028Z - POST /v1/metrics/timeToFirstToken
[0] 2026-04-19T01:04:55.028Z - POST /v1/metrics/latencyOverTime
[0] 2026-04-19T01:04:55.028Z - POST /v1/metrics/threatsOverTime
[0] Session not found for token starting with: 45QPhy7JWU
[0] 401 Unauthorized: Invalid or expired session for path: /v1/metrics/costOverTime
[0] POST /v1/metrics/costOverTime 401 70 - 2.438 ms
[0] 2026-04-19T01:04:55.029Z - POST /v1/metrics/totalCost
[0] 2026-04-19T01:04:55.029Z - POST /v1/metrics/totalRequests
[0] Session not found for token starting with: 45QPhy7JWU
[0] 401 Unauthorized: Invalid or expired session for path: /v1/metrics/timeToFirstToken
[0] POST /v1/metrics/timeToFirstToken 401 70 - 1.813 ms
[0] Session not found for token starting with: 45QPhy7JWU
[0] 401 Unauthorized: Invalid or expired session for path: /v1/metrics/latencyOverTime
[0] POST /v1/metrics/latencyOverTime 401 70 - 2.090 ms
[0] Session not found for token starting with: 45QPhy7JWU
[0] 401 Unauthorized: Invalid or expired session for path: /v1/metrics/usersOverTime
[0] POST /v1/metrics/usersOverTime 401 70 - 3.181 ms
[0] Session not found for token starting with: 45QPhy7JWU
[0] 401 Unauthorized: Invalid or expired session for path: /v1/metrics/threatsOverTime
[0] POST /v1/metrics/threatsOverTime 401 70 - 2.080 ms
[0] Session not found for token starting with: 45QPhy7JWU
[0] 401 Unauthorized: Invalid or expired session for path: /v1/metrics/totalCost
[0] POST /v1/metrics/totalCost 401 70 - 1.847 ms
[0] Session not found for token starting with: 45QPhy7JWU
[0] 401 Unauthorized: Invalid or expired session for path: /v1/metrics/totalRequests
[0] POST /v1/metrics/totalRequests 401 70 - 1.422 ms
[0] 2026-04-19T01:04:55.031Z - GET /v1/agent/thread/a59797cd-b7cc-4c9d-8bbb-50e28c17570c
[0] 2026-04-19T01:04:55.031Z - POST /v1/metrics/averageTimeToFirstToken
[0] 2026-04-19T01:04:55.031Z - POST /v1/metrics/totalThreats
[0] 2026-04-19T01:04:55.031Z - POST /v1/metrics/averageLatency
[0] 2026-04-19T01:04:55.032Z - POST /v1/metrics/averageTokensPerRequest
[0] Session not found for token starting with: 45QPhy7JWU
[0] 401 Unauthorized: Invalid or expired session for path: /v1/agent/thread/a59797cd-b7cc-4c9d-8bbb-50e28c17570c
[0] GET /v1/agent/thread/a59797cd-b7cc-4c9d-8bbb-50e28c17570c 401 70 - 1.276 ms
[0] Session not found for token starting with: 45QPhy7JWU
[0] 401 Unauthorized: Invalid or expired session for path: /v1/metrics/totalThreats
[0] POST /v1/metrics/totalThreats 401 70 - 1.272 ms
[0] Session not found for token starting with: 45QPhy7JWU
[0] 401 Unauthorized: Invalid or expired session for path: /v1/metrics/averageLatency
[0] POST /v1/metrics/averageLatency 401 70 - 6.298 ms
[0] Session not found for token starting with: 45QPhy7JWU
[0] 401 Unauthorized: Invalid or expired session for path: /v1/metrics/averageTokensPerRequest
[0] POST /v1/metrics/averageTokensPerRequest 401 70 - 7.114 ms
[0] Session not found for token starting with: 45QPhy7JWU
[0] 401 Unauthorized: Invalid or expired session for path: /v1/metrics/averageTimeToFirstToken
[0] POST /v1/metrics/averageTimeToFirstToken 401 70 - 8.735 ms
[0] 2026-04-19T01:04:55.042Z - POST /v1/metrics/activeUsers
[0] 2026-04-19T01:04:55.042Z - POST /v1/metrics/country
[0] 2026-04-19T01:04:55.042Z - POST /v1/metrics/quantiles
[0] Session not found for token starting with: 45QPhy7JWU
[0] 401 Unauthorized: Invalid or expired session for path: /v1/metrics/activeUsers
[0] POST /v1/metrics/activeUsers 401 70 - 4.891 ms
[0] Session not found for token starting with: 45QPhy7JWU
[0] 401 Unauthorized: Invalid or expired session for path: /v1/metrics/country
[0] POST /v1/metrics/country 401 70 - 5.162 ms
[0] Session not found for token starting with: 45QPhy7JWU
[0] 401 Unauthorized: Invalid or expired session for path: /v1/metrics/quantiles
[0] POST /v1/metrics/quantiles 401 70 - 4.816 ms
[0] 2026-04-19T01:04:56.058Z - GET /v1/organization
[0] Session not found for token starting with: 45QPhy7JWU
[0] 2026-04-19T01:04:57.063Z - GET /v1/organization
[0] Session not found for token starting with: 45QPhy7JWU
[0] 2026-04-19T01:04:58.070Z - GET /v1/organization
[0] Session not found for token starting with: 45QPhy7JWU
[0] 2026-04-19T01:04:59.076Z - GET /v1/organization
[0] Session not found for token starting with: 45QPhy7JWU
[0] 2026-04-19T01:05:00.093Z - OPTIONS /v1/organization
[0] 2026-04-19T01:05:00.094Z - GET /v1/organization
[0] Session not found for token starting with: 45QPhy7JWU
[0] 2026-04-19T01:05:01.560Z - OPTIONS /v1/organization
[0] 2026-04-19T01:05:01.566Z - GET /v1/organization
[0] Session not found for token starting with: 45QPhy7JWU
[0] 2026-04-19T01:05:02.576Z - OPTIONS /v1/organization
[0] 2026-04-19T01:05:02.577Z - GET /v1/organization
[0] Session not found for token starting with: 45QPhy7JWU
[0] 2026-04-19T01:05:03.584Z - OPTIONS /v1/organization
[0] 2026-04-19T01:05:03.586Z - GET /v1/organization
[0] Session not found for token starting with: 45QPhy7JWU
[0] 2026-04-19T01:05:04.594Z - OPTIONS /v1/organization
[0] 2026-04-19T01:05:04.596Z - GET /v1/organization
[0] Session not found for token starting with: 45QPhy7JWU
[0] 2026-04-19T01:05:05.603Z - OPTIONS /v1/organization
[0] 2026-04-19T01:05:05.604Z - GET /v1/organization
[0] Session not found for token starting with: 45QPhy7JWU
[0] 2026-04-19T01:05:06.611Z - OPTIONS /v1/organization
[0] 2026-04-19T01:05:06.612Z - GET /v1/organization
[0] Session not found for token starting with: 45QPhy7JWU
[0] 2026-04-19T01:05:07.619Z - OPTIONS /v1/organization
[0] 2026-04-19T01:05:07.621Z - GET /v1/organization
[0] Session not found for token starting with: 45QPhy7JWU
[0] 2026-04-19T01:05:08.628Z - OPTIONS /v1/organization
[0] 2026-04-19T01:05:08.630Z - GET /v1/organization
[0] Session not found for token starting with: 45QPhy7JWU
[0] 2026-04-19T01:05:08.953Z - GET /v1/metrics/country
[0] Session not found for token starting with: 45QPhy7JWU
[0] 401 Unauthorized: Invalid or expired session for path: /v1/metrics/country
[0] GET /v1/metrics/country 401 70 - 1.435 ms
[0] 2026-04-19T01:05:09.320Z - GET /favicon.ico
[0] Session not found for token starting with: 45QPhy7JWU
[0] 401 Unauthorized: Invalid or expired session for path: /favicon.ico
[0] GET /favicon.ico 401 70 - 1.221 ms
[0] 2026-04-19T01:05:17.597Z - OPTIONS /v1/organization
[0] 2026-04-19T01:05:17.601Z - GET /v1/organization
[0] 2026-04-19T01:05:17.601Z - OPTIONS /v1/dashboard/scores/query
[0] 2026-04-19T01:05:17.603Z - OPTIONS /v1/alert-banner
[0] 2026-04-19T01:05:17.604Z - OPTIONS /v1/agent/threads
[0] Session not found for token starting with: 45QPhy7JWU
[0] 2026-04-19T01:05:17.605Z - OPTIONS /v1/agent/thread/a59797cd-b7cc-4c9d-8bbb-50e28c17570c
[0] 2026-04-19T01:05:17.606Z - GET /v1/alert-banner
[0] 2026-04-19T01:05:17.607Z - POST /v1/dashboard/scores/query
[0] 2026-04-19T01:05:17.614Z - GET /v1/agent/threads
[0] Session not found for token starting with: 45QPhy7JWU
[0] 401 Unauthorized: Invalid or expired session for path: /v1/alert-banner
[0] GET /v1/alert-banner 401 70 - 9.134 ms
[0] 2026-04-19T01:05:17.616Z - GET /v1/agent/thread/a59797cd-b7cc-4c9d-8bbb-50e28c17570c
[0] Session not found for token starting with: 45QPhy7JWU
[0] 401 Unauthorized: Invalid or expired session for path: /v1/agent/thread/a59797cd-b7cc-4c9d-8bbb-50e28c17570c
[0] GET /v1/agent/thread/a59797cd-b7cc-4c9d-8bbb-50e28c17570c 401 70 - 2.422 ms
[0] Session not found for token starting with: 45QPhy7JWU
[0] 401 Unauthorized: Invalid or expired session for path: /v1/dashboard/scores/query
[0] POST /v1/dashboard/scores/query 401 70 - 21.368 ms
[0] Session not found for token starting with: 45QPhy7JWU
[0] 401 Unauthorized: Invalid or expired session for path: /v1/agent/threads
[0] GET /v1/agent/threads 401 70 - 14.443 ms
[0] 2026-04-19T01:05:18.610Z - OPTIONS /v1/organization
[0] 2026-04-19T01:05:18.612Z - GET /v1/organization
[0] Session not found for token starting with: 45QPhy7JWU
[0] 2026-04-19T01:05:18.620Z - OPTIONS /v1/alert-banner
[0] 2026-04-19T01:05:18.622Z - OPTIONS /v1/agent/thread/a59797cd-b7cc-4c9d-8bbb-50e28c17570c
[0] 2026-04-19T01:05:18.623Z - GET /v1/alert-banner
[0] 2026-04-19T01:05:18.624Z - GET /v1/agent/thread/a59797cd-b7cc-4c9d-8bbb-50e28c17570c
[0] Session not found for token starting with: 45QPhy7JWU
[0] 401 Unauthorized: Invalid or expired session for path: /v1/agent/thread/a59797cd-b7cc-4c9d-8bbb-50e28c17570c
[0] GET /v1/agent/thread/a59797cd-b7cc-4c9d-8bbb-50e28c17570c 401 70 - 1.330 ms
[0] Session not found for token starting with: 45QPhy7JWU
[0] 401 Unauthorized: Invalid or expired session for path: /v1/alert-banner
[0] GET /v1/alert-banner 401 70 - 4.487 ms
[0] 2026-04-19T01:05:18.635Z - OPTIONS /v1/agent/threads
[0] 2026-04-19T01:05:18.636Z - GET /v1/agent/threads
[0] Session not found for token starting with: 45QPhy7JWU
[0] 401 Unauthorized: Invalid or expired session for path: /v1/agent/threads
[0] GET /v1/agent/threads 401 70 - 0.990 ms
[0] 2026-04-19T01:05:19.622Z - OPTIONS /v1/organization
[0] 2026-04-19T01:05:19.623Z - GET /v1/organization
[0] Session not found for token starting with: 45QPhy7JWU
[0] 2026-04-19T01:05:20.632Z - OPTIONS /v1/organization
[0] 2026-04-19T01:05:20.633Z - OPTIONS /v1/agent/thread/a59797cd-b7cc-4c9d-8bbb-50e28c17570c
[0] 2026-04-19T01:05:20.633Z - OPTIONS /v1/alert-banner
[0] 2026-04-19T01:05:20.634Z - GET /v1/organization
[0] 2026-04-19T01:05:20.635Z - GET /v1/agent/thread/a59797cd-b7cc-4c9d-8bbb-50e28c17570c
[0] 2026-04-19T01:05:20.636Z - GET /v1/alert-banner
[0] Session not found for token starting with: 45QPhy7JWU
[0] Session not found for token starting with: 45QPhy7JWU
[0] 401 Unauthorized: Invalid or expired session for path: /v1/alert-banner
[0] GET /v1/alert-banner 401 70 - 0.746 ms
[0] Session not found for token starting with: 45QPhy7JWU
[0] 401 Unauthorized: Invalid or expired session for path: /v1/agent/thread/a59797cd-b7cc-4c9d-8bbb-50e28c17570c
[0] GET /v1/agent/thread/a59797cd-b7cc-4c9d-8bbb-50e28c17570c 401 70 - 1.019 ms
[0] 2026-04-19T01:05:20.639Z - OPTIONS /v1/agent/threads
[0] 2026-04-19T01:05:20.640Z - GET /v1/agent/threads
[0] Session not found for token starting with: 45QPhy7JWU
[0] 401 Unauthorized: Invalid or expired session for path: /v1/agent/threads
[0] GET /v1/agent/threads 401 70 - 1.163 ms
[0] 2026-04-19T01:05:21.641Z - OPTIONS /v1/organization
[0] 2026-04-19T01:05:21.643Z - GET /v1/organization
[0] Session not found for token starting with: 45QPhy7JWU
[0] 2026-04-19T01:05:22.650Z - OPTIONS /v1/organization
[0] 2026-04-19T01:05:22.652Z - GET /v1/organization
[0] Session not found for token starting with: 45QPhy7JWU
[0] 2026-04-19T01:05:23.660Z - OPTIONS /v1/organization
[0] 2026-04-19T01:05:23.662Z - GET /v1/organization
[0] Session not found for token starting with: 45QPhy7JWU
[0] 2026-04-19T01:05:24.644Z - OPTIONS /v1/alert-banner
[0] 2026-04-19T01:05:24.645Z - OPTIONS /v1/agent/thread/a59797cd-b7cc-4c9d-8bbb-50e28c17570c
[0] 2026-04-19T01:05:24.645Z - OPTIONS /v1/agent/threads
[0] 2026-04-19T01:05:24.647Z - GET /v1/alert-banner
[0] 2026-04-19T01:05:24.647Z - GET /v1/agent/threads
[0] 2026-04-19T01:05:24.647Z - GET /v1/agent/thread/a59797cd-b7cc-4c9d-8bbb-50e28c17570c
[0] Session not found for token starting with: 45QPhy7JWU
[0] 401 Unauthorized: Invalid or expired session for path: /v1/alert-banner
[0] GET /v1/alert-banner 401 70 - 2.215 ms
[0] Session not found for token starting with: 45QPhy7JWU
[0] 401 Unauthorized: Invalid or expired session for path: /v1/agent/threads
[0] GET /v1/agent/threads 401 70 - 1.974 ms
[0] Session not found for token starting with: 45QPhy7JWU
[0] 401 Unauthorized: Invalid or expired session for path: /v1/agent/thread/a59797cd-b7cc-4c9d-8bbb-50e28c17570c
[0] GET /v1/agent/thread/a59797cd-b7cc-4c9d-8bbb-50e28c17570c 401 70 - 1.816 ms
[0] 2026-04-19T01:05:24.669Z - OPTIONS /v1/organization
[0] 2026-04-19T01:05:24.670Z - GET /v1/organization
[0] Session not found for token starting with: 45QPhy7JWU
[0] 2026-04-19T01:05:25.676Z - OPTIONS /v1/organization
[0] 2026-04-19T01:05:25.678Z - GET /v1/organization
[0] Session not found for token starting with: 45QPhy7JWU
[0] 2026-04-19T01:05:26.687Z - OPTIONS /v1/organization
[0] 2026-04-19T01:05:26.689Z - GET /v1/organization
[0] Session not found for token starting with: 45QPhy7JWU
[0] 2026-04-19T01:05:27.697Z - OPTIONS /v1/organization
[0] 2026-04-19T01:05:27.699Z - GET /v1/organization
[0] Session not found for token starting with: 45QPhy7JWU
[0] 2026-04-19T01:05:28.705Z - OPTIONS /v1/organization
[0] 2026-04-19T01:05:28.706Z - GET /v1/organization
[0] Session not found for token starting with: 45QPhy7JWU
[0] 2026-04-19T01:05:29.713Z - OPTIONS /v1/organization
[0] 2026-04-19T01:05:29.714Z - GET /v1/organization
[0] Session not found for token starting with: 45QPhy7JWU
[0] 2026-04-19T01:05:30.722Z - OPTIONS /v1/organization
[0] 2026-04-19T01:05:30.724Z - GET /v1/organization
[0] Session not found for token starting with: 45QPhy7JWU
[0] 2026-04-19T01:05:31.732Z - OPTIONS /v1/organization
[0] 2026-04-19T01:05:31.733Z - GET /v1/organization
[0] Session not found for token starting with: 45QPhy7JWU
[0] 2026-04-19T01:05:32.741Z - OPTIONS /v1/organization
[0] 2026-04-19T01:05:32.744Z - GET /v1/organization
[0] Session not found for token starting with: 45QPhy7JWU
[0] 2026-04-19T01:05:33.751Z - OPTIONS /v1/organization
[0] 2026-04-19T01:05:33.754Z - GET /v1/organization
[0] Session not found for token starting with: 45QPhy7JWU
[0] 2026-04-19T01:05:34.762Z - OPTIONS /v1/organization
[0] 2026-04-19T01:05:34.764Z - GET /v1/organization
[0] Session not found for token starting with: 45QPhy7JWU
[0] 2026-04-19T01:05:35.773Z - OPTIONS /v1/organization
[0] 2026-04-19T01:05:35.775Z - GET /v1/organization
[0] Session not found for token starting with: 45QPhy7JWU
[0] 2026-04-19T01:05:36.782Z - OPTIONS /v1/organization
[0] 2026-04-19T01:05:36.784Z - GET /v1/organization
[0] Session not found for token starting with: 45QPhy7JWU
[0] 2026-04-19T01:05:37.792Z - OPTIONS /v1/organization
[0] 2026-04-19T01:05:37.794Z - GET /v1/organization
[0] Session not found for token starting with: 45QPhy7JWU
[0] 2026-04-19T01:05:38.801Z - OPTIONS /v1/organization
[0] 2026-04-19T01:05:38.804Z - GET /v1/organization
[0] Session not found for token starting with: 45QPhy7JWU
[0] 2026-04-19T01:05:39.812Z - OPTIONS /v1/organization
[0] 2026-04-19T01:05:39.815Z - GET /v1/organization
[0] Session not found for token starting with: 45QPhy7JWU
[0] 2026-04-19T01:05:40.821Z - OPTIONS /v1/organization
[0] 2026-04-19T01:05:40.822Z - GET /v1/organization
[0] Session not found for token starting with: 45QPhy7JWU
[0] 2026-04-19T01:05:41.830Z - OPTIONS /v1/organization
[0] 2026-04-19T01:05:41.832Z - GET /v1/organization
[0] Session not found for token starting with: 45QPhy7JWU
[0] 2026-04-19T01:05:42.839Z - OPTIONS /v1/organization
[0] 2026-04-19T01:05:42.840Z - GET /v1/organization
[0] Session not found for token starting with: 45QPhy7JWU
[0] 2026-04-19T01:05:43.847Z - OPTIONS /v1/organization
[0] 2026-04-19T01:05:43.850Z - GET /v1/organization
[0] Session not found for token starting with: 45QPhy7JWU
[0] 2026-04-19T01:05:44.860Z - OPTIONS /v1/organization
[0] 2026-04-19T01:05:44.862Z - GET /v1/organization
[0] Session not found for token starting with: 45QPhy7JWU
[0] 2026-04-19T01:05:45.872Z - OPTIONS /v1/organization
[0] 2026-04-19T01:05:45.874Z - GET /v1/organization
[0] Session not found for token starting with: 45QPhy7JWU
[0] 2026-04-19T01:05:46.882Z - OPTIONS /v1/organization
[0] 2026-04-19T01:05:46.884Z - GET /v1/organization
[0] Session not found for token starting with: 45QPhy7JWU
[0] 2026-04-19T01:05:47.893Z - OPTIONS /v1/organization
[0] 2026-04-19T01:05:47.895Z - GET /v1/organization
[0] Session not found for token starting with: 45QPhy7JWU
[0] 2026-04-19T01:05:48.904Z - OPTIONS /v1/organization
[0] 2026-04-19T01:05:48.906Z - GET /v1/organization
[0] Session not found for token starting with: 45QPhy7JWU
[0] 2026-04-19T01:05:49.913Z - OPTIONS /v1/organization
[0] 2026-04-19T01:05:49.916Z - GET /v1/organization
[0] Session not found for token starting with: 45QPhy7JWU
[0] 2026-04-19T01:05:50.925Z - OPTIONS /v1/organization
[0] 2026-04-19T01:05:50.927Z - GET /v1/organization
[0] Session not found for token starting with: 45QPhy7JWU
[0] 2026-04-19T01:05:51.934Z - OPTIONS /v1/organization
[0] 2026-04-19T01:05:51.936Z - GET /v1/organization
[0] Session not found for token starting with: 45QPhy7JWU
[0] 2026-04-19T01:05:52.944Z - OPTIONS /v1/organization
[0] 2026-04-19T01:05:52.945Z - GET /v1/organization
[0] Session not found for token starting with: 45QPhy7JWU
[0] 2026-04-19T01:05:53.955Z - OPTIONS /v1/organization
[0] 2026-04-19T01:05:53.957Z - GET /v1/organization
[0] Session not found for token starting with: 45QPhy7JWU
[0] 2026-04-19T01:05:54.968Z - OPTIONS /v1/organization
[0] 2026-04-19T01:05:54.970Z - GET /v1/organization
[0] Session not found for token starting with: 45QPhy7JWU
[0] 2026-04-19T01:05:55.980Z - OPTIONS /v1/organization
[0] 2026-04-19T01:05:55.982Z - GET /v1/organization
[0] Session not found for token starting with: 45QPhy7JWU
[0] 2026-04-19T01:05:56.990Z - OPTIONS /v1/organization
[0] 2026-04-19T01:05:56.992Z - GET /v1/organization
[0] Session not found for token starting with: 45QPhy7JWU
[0] 2026-04-19T01:05:58.000Z - OPTIONS /v1/organization
[0] 2026-04-19T01:05:58.002Z - GET /v1/organization
[0] Session not found for token starting with: 45QPhy7JWU
[0] 2026-04-19T01:05:59.010Z - OPTIONS /v1/organization
[0] 2026-04-19T01:05:59.012Z - GET /v1/organization
[0] Session not found for token starting with: 45QPhy7JWU
[0] 2026-04-19T01:06:00.022Z - OPTIONS /v1/organization
[0] 2026-04-19T01:06:00.024Z - GET /v1/organization
[0] Session not found for token starting with: 45QPhy7JWU
[0] 2026-04-19T01:06:01.035Z - OPTIONS /v1/organization
[0] 2026-04-19T01:06:01.037Z - GET /v1/organization
[0] Session not found for token starting with: 45QPhy7JWU
[0] 2026-04-19T01:06:02.046Z - OPTIONS /v1/organization
[0] 2026-04-19T01:06:02.047Z - GET /v1/organization
[0] Session not found for token starting with: 45QPhy7JWU
[0] 2026-04-19T01:06:03.057Z - OPTIONS /v1/organization
[0] 2026-04-19T01:06:03.059Z - GET /v1/organization
[0] Session not found for token starting with: 45QPhy7JWU
[0] 2026-04-19T01:06:04.068Z - OPTIONS /v1/organization
[0] 2026-04-19T01:06:04.071Z - GET /v1/organization
[0] Session not found for token starting with: 45QPhy7JWU
[0] 2026-04-19T01:06:05.080Z - OPTIONS /v1/organization
[0] 2026-04-19T01:06:05.082Z - GET /v1/organization
[0] Session not found for token starting with: 45QPhy7JWU
[0] 2026-04-19T01:06:06.092Z - OPTIONS /v1/organization
[0] 2026-04-19T01:06:06.094Z - GET /v1/organization
[0] Session not found for token starting with: 45QPhy7JWU
[0] 2026-04-19T01:06:07.103Z - OPTIONS /v1/organization
[0] 2026-04-19T01:06:07.105Z - GET /v1/organization
[0] Session not found for token starting with: 45QPhy7JWU
[0] 2026-04-19T01:06:08.112Z - OPTIONS /v1/organization
[0] 2026-04-19T01:06:08.114Z - GET /v1/organization
[0] Session not found for token starting with: 45QPhy7JWU
[0] 2026-04-19T01:06:09.129Z - OPTIONS /v1/organization
[0] 2026-04-19T01:06:09.131Z - GET /v1/organization
[0] Session not found for token starting with: 45QPhy7JWU
[0] 2026-04-19T01:06:10.139Z - OPTIONS /v1/organization
[0] 2026-04-19T01:06:10.141Z - GET /v1/organization
[0] Session not found for token starting with: 45QPhy7JWU
[0] 2026-04-19T01:06:11.154Z - OPTIONS /v1/organization
[0] 2026-04-19T01:06:11.157Z - GET /v1/organization
[0] Session not found for token starting with: 45QPhy7JWU
[0] 2026-04-19T01:06:12.167Z - OPTIONS /v1/organization
[0] 2026-04-19T01:06:12.169Z - GET /v1/organization
[0] Session not found for token starting with: 45QPhy7JWU
[0] 2026-04-19T01:06:13.178Z - OPTIONS /v1/organization
[0] 2026-04-19T01:06:13.180Z - GET /v1/organization
[0] Session not found for token starting with: 45QPhy7JWU
[0] 2026-04-19T01:06:14.190Z - OPTIONS /v1/organization
[0] 2026-04-19T01:06:14.193Z - GET /v1/organization
[0] Session not found for token starting with: 45QPhy7JWU
[0] 2026-04-19T01:06:15.202Z - OPTIONS /v1/organization
[0] 2026-04-19T01:06:15.208Z - GET /v1/organization
[0] Session not found for token starting with: 45QPhy7JWU
[0] 2026-04-19T01:06:16.220Z - OPTIONS /v1/organization
[0] 2026-04-19T01:06:16.222Z - GET /v1/organization
[0] Session not found for token starting with: 45QPhy7JWU
[0] 2026-04-19T01:06:17.231Z - OPTIONS /v1/organization
[0] 2026-04-19T01:06:17.234Z - GET /v1/organization
[0] Session not found for token starting with: 45QPhy7JWU
[0] 2026-04-19T01:06:18.247Z - OPTIONS /v1/organization
[0] 2026-04-19T01:06:18.249Z - GET /v1/organization
[0] Session not found for token starting with: 45QPhy7JWU
[0] 2026-04-19T01:06:19.261Z - OPTIONS /v1/organization
[0] 2026-04-19T01:06:19.263Z - GET /v1/organization
[0] Session not found for token starting with: 45QPhy7JWU
[0] 2026-04-19T01:06:20.270Z - OPTIONS /v1/organization
[0] 2026-04-19T01:06:20.271Z - GET /v1/organization
[0] Session not found for token starting with: 45QPhy7JWU
[0] 2026-04-19T01:06:21.282Z - OPTIONS /v1/organization
[0] 2026-04-19T01:06:21.284Z - GET /v1/organization
[0] Session not found for token starting with: 45QPhy7JWU
[0] 2026-04-19T01:06:22.291Z - OPTIONS /v1/organization
[0] 2026-04-19T01:06:22.293Z - GET /v1/organization
[0] Session not found for token starting with: 45QPhy7JWU
[0] 2026-04-19T01:06:23.308Z - OPTIONS /v1/organization
[0] 2026-04-19T01:06:23.310Z - GET /v1/organization
[0] Session not found for token starting with: 45QPhy7JWU
[0] 2026-04-19T01:06:24.322Z - OPTIONS /v1/organization
[0] 2026-04-19T01:06:24.324Z - GET /v1/organization
[0] Session not found for token starting with: 45QPhy7JWU
[0] 2026-04-19T01:06:25.349Z - OPTIONS /v1/organization
[0] 2026-04-19T01:06:25.354Z - GET /v1/organization
[0] Session not found for token starting with: 45QPhy7JWU
[0] 2026-04-19T01:06:26.376Z - OPTIONS /v1/organization
[0] 2026-04-19T01:06:26.378Z - GET /v1/organization
[0] Session not found for token starting with: 45QPhy7JWU
[0] 2026-04-19T01:06:27.388Z - OPTIONS /v1/organization
[0] 2026-04-19T01:06:27.391Z - GET /v1/organization
[0] Session not found for token starting with: 45QPhy7JWU
[0] 2026-04-19T01:06:28.402Z - OPTIONS /v1/organization
[0] 2026-04-19T01:06:28.405Z - GET /v1/organization
[0] Session not found for token starting with: 45QPhy7JWU
[0] 2026-04-19T01:06:29.414Z - OPTIONS /v1/organization
[0] 2026-04-19T01:06:29.418Z - GET /v1/organization
[0] Session not found for token starting with: 45QPhy7JWU
[0] 2026-04-19T01:06:30.426Z - OPTIONS /v1/organization
[0] 2026-04-19T01:06:30.429Z - GET /v1/organization
[0] Session not found for token starting with: 45QPhy7JWU
[0] 2026-04-19T01:06:31.440Z - OPTIONS /v1/organization
[0] 2026-04-19T01:06:31.443Z - GET /v1/organization
[0] Session not found for token starting with: 45QPhy7JWU
[0] 2026-04-19T01:06:32.454Z - OPTIONS /v1/organization
[0] 2026-04-19T01:06:32.456Z - GET /v1/organization
[0] Session not found for token starting with: 45QPhy7JWU
[0] 2026-04-19T01:06:33.464Z - OPTIONS /v1/organization
[0] 2026-04-19T01:06:33.465Z - GET /v1/organization
[0] Session not found for token starting with: 45QPhy7JWU
[0] 2026-04-19T01:06:34.473Z - OPTIONS /v1/organization
[0] 2026-04-19T01:06:34.475Z - GET /v1/organization
[0] Session not found for token starting with: 45QPhy7JWU
[0] 2026-04-19T01:06:35.483Z - OPTIONS /v1/organization
[0] 2026-04-19T01:06:35.485Z - GET /v1/organization
[0] Session not found for token starting with: 45QPhy7JWU
[0] 2026-04-19T01:06:36.496Z - OPTIONS /v1/organization
[0] 2026-04-19T01:06:36.498Z - GET /v1/organization
[0] Session not found for token starting with: 45QPhy7JWU
[0] 2026-04-19T01:06:37.510Z - OPTIONS /v1/organization
[0] 2026-04-19T01:06:37.512Z - GET /v1/organization
[0] Session not found for token starting with: 45QPhy7JWU
[0] 2026-04-19T01:06:38.521Z - OPTIONS /v1/organization
[0] 2026-04-19T01:06:38.523Z - GET /v1/organization
[0] Session not found for token starting with: 45QPhy7JWU
[0] 2026-04-19T01:06:39.534Z - OPTIONS /v1/organization
[0] 2026-04-19T01:06:39.536Z - GET /v1/organization
[0] Session not found for token starting with: 45QPhy7JWU
[0] 2026-04-19T01:06:40.552Z - OPTIONS /v1/organization
[0] 2026-04-19T01:06:40.557Z - GET /v1/organization
[0] Session not found for token starting with: 45QPhy7JWU
[0] 2026-04-19T01:06:41.571Z - OPTIONS /v1/organization
[0] 2026-04-19T01:06:41.574Z - GET /v1/organization
[0] Session not found for token starting with: 45QPhy7JWU
[0] 2026-04-19T01:06:42.584Z - OPTIONS /v1/organization
[0] 2026-04-19T01:06:42.586Z - GET /v1/organization
[0] Session not found for token starting with: 45QPhy7JWU
[0] 2026-04-19T01:06:43.594Z - OPTIONS /v1/organization
[0] 2026-04-19T01:06:43.596Z - GET /v1/organization
[0] Session not found for token starting with: 45QPhy7JWU
[0] 2026-04-19T01:06:44.607Z - OPTIONS /v1/organization
[0] 2026-04-19T01:06:44.609Z - GET /v1/organization
[0] Session not found for token starting with: 45QPhy7JWU
[0] 2026-04-19T01:06:45.618Z - OPTIONS /v1/organization
[0] 2026-04-19T01:06:45.620Z - GET /v1/organization
[0] Session not found for token starting with: 45QPhy7JWU
[0] 2026-04-19T01:06:46.627Z - OPTIONS /v1/organization
[0] 2026-04-19T01:06:46.629Z - GET /v1/organization
[0] Session not found for token starting with: 45QPhy7JWU
[0] 2026-04-19T01:06:47.639Z - OPTIONS /v1/organization
[0] 2026-04-19T01:06:47.641Z - GET /v1/organization
[0] Session not found for token starting with: 45QPhy7JWU
[0] 2026-04-19T01:06:48.649Z - OPTIONS /v1/organization
[0] 2026-04-19T01:06:48.652Z - GET /v1/organization
[0] Session not found for token starting with: 45QPhy7JWU
[0] 2026-04-19T01:06:49.660Z - OPTIONS /v1/organization
[0] 2026-04-19T01:06:49.661Z - GET /v1/organization
[0] Session not found for token starting with: 45QPhy7JWU
[0] 2026-04-19T01:06:50.670Z - OPTIONS /v1/organization
[0] 2026-04-19T01:06:50.672Z - GET /v1/organization
[0] Session not found for token starting with: 45QPhy7JWU
[0] 2026-04-19T01:06:51.680Z - OPTIONS /v1/organization
[0] 2026-04-19T01:06:51.682Z - GET /v1/organization
[0] Session not found for token starting with: 45QPhy7JWU
[0] 2026-04-19T01:06:52.690Z - OPTIONS /v1/organization
[0] 2026-04-19T01:06:52.693Z - GET /v1/organization
[0] Session not found for token starting with: 45QPhy7JWU
[0] 2026-04-19T01:06:53.702Z - OPTIONS /v1/organization
[0] 2026-04-19T01:06:53.704Z - GET /v1/organization
[0] Session not found for token starting with: 45QPhy7JWU
[0] 2026-04-19T01:06:54.712Z - OPTIONS /v1/organization
[0] 2026-04-19T01:06:54.714Z - GET /v1/organization
[0] Session not found for token starting with: 45QPhy7JWU
[0] 2026-04-19T01:06:55.723Z - OPTIONS /v1/organization
[0] 2026-04-19T01:06:55.726Z - GET /v1/organization
[0] Session not found for token starting with: 45QPhy7JWU
[0] 2026-04-19T01:06:56.734Z - OPTIONS /v1/organization
[0] 2026-04-19T01:06:56.736Z - GET /v1/organization
[0] Session not found for token starting with: 45QPhy7JWU
[0] 2026-04-19T01:06:57.744Z - OPTIONS /v1/organization
[0] 2026-04-19T01:06:57.746Z - GET /v1/organization
[0] Session not found for token starting with: 45QPhy7JWU
[0] 2026-04-19T01:06:58.756Z - OPTIONS /v1/organization
[0] 2026-04-19T01:06:58.758Z - GET /v1/organization
[0] Session not found for token starting with: 45QPhy7JWU
[0] 2026-04-19T01:06:59.767Z - OPTIONS /v1/organization
[0] 2026-04-19T01:06:59.770Z - GET /v1/organization
[0] Session not found for token starting with: 45QPhy7JWU
[0] 2026-04-19T01:07:00.776Z - OPTIONS /v1/organization
[0] 2026-04-19T01:07:00.779Z - GET /v1/organization
[0] Session not found for token starting with: 45QPhy7JWU
[0] 2026-04-19T01:07:01.789Z - OPTIONS /v1/organization
[0] 2026-04-19T01:07:01.791Z - GET /v1/organization
[0] Session not found for token starting with: 45QPhy7JWU
[0] 2026-04-19T01:07:02.798Z - OPTIONS /v1/organization
[0] 2026-04-19T01:07:02.800Z - GET /v1/organization
[0] Session not found for token starting with: 45QPhy7JWU
[0] 2026-04-19T01:07:03.810Z - OPTIONS /v1/organization
[0] 2026-04-19T01:07:03.812Z - GET /v1/organization
[0] Session not found for token starting with: 45QPhy7JWU
[0] 2026-04-19T01:07:04.820Z - OPTIONS /v1/organization
[0] 2026-04-19T01:07:04.822Z - GET /v1/organization
[0] Session not found for token starting with: 45QPhy7JWU
[0] 2026-04-19T01:07:05.830Z - OPTIONS /v1/organization
[0] 2026-04-19T01:07:05.832Z - GET /v1/organization
[0] Session not found for token starting with: 45QPhy7JWU
[0] 2026-04-19T01:07:06.841Z - OPTIONS /v1/organization
[0] 2026-04-19T01:07:06.843Z - GET /v1/organization
[0] Session not found for token starting with: 45QPhy7JWU
[0] 2026-04-19T01:07:07.853Z - OPTIONS /v1/organization
[0] 2026-04-19T01:07:07.855Z - GET /v1/organization
[0] Session not found for token starting with: 45QPhy7JWU
[0] 2026-04-19T01:07:08.862Z - OPTIONS /v1/organization
[0] 2026-04-19T01:07:08.865Z - GET /v1/organization
[0] Session not found for token starting with: 45QPhy7JWU
[0] 2026-04-19T01:07:09.875Z - OPTIONS /v1/organization
[0] 2026-04-19T01:07:09.878Z - GET /v1/organization
[0] Session not found for token starting with: 45QPhy7JWU
[0] 2026-04-19T01:07:10.886Z - OPTIONS /v1/organization
[0] 2026-04-19T01:07:10.888Z - GET /v1/organization
[0] Session not found for token starting with: 45QPhy7JWU
[0] 2026-04-19T01:07:11.896Z - OPTIONS /v1/organization
[0] 2026-04-19T01:07:11.898Z - GET /v1/organization
[0] Session not found for token starting with: 45QPhy7JWU
[0] 2026-04-19T01:07:12.908Z - OPTIONS /v1/organization
[0] 2026-04-19T01:07:12.912Z - GET /v1/organization
[0] Session not found for token starting with: 45QPhy7JWU
[0] 2026-04-19T01:07:13.924Z - OPTIONS /v1/organization
[0] 2026-04-19T01:07:13.926Z - GET /v1/organization
[0] Session not found for token starting with: 45QPhy7JWU
[0] 2026-04-19T01:07:14.936Z - OPTIONS /v1/organization
[0] 2026-04-19T01:07:14.938Z - GET /v1/organization
[0] Session not found for token starting with: 45QPhy7JWU
[0] 2026-04-19T01:07:15.947Z - OPTIONS /v1/organization
[0] 2026-04-19T01:07:15.949Z - GET /v1/organization
[0] Session not found for token starting with: 45QPhy7JWU
[0] 2026-04-19T01:07:16.957Z - OPTIONS /v1/organization
[0] 2026-04-19T01:07:16.960Z - GET /v1/organization
[0] Session not found for token starting with: 45QPhy7JWU
[0] 2026-04-19T01:07:17.969Z - OPTIONS /v1/organization
[0] 2026-04-19T01:07:17.971Z - GET /v1/organization
[0] Session not found for token starting with: 45QPhy7JWU
[0] 2026-04-19T01:07:18.977Z - OPTIONS /v1/organization
[0] 2026-04-19T01:07:18.979Z - GET /v1/organization
[0] Session not found for token starting with: 45QPhy7JWU
[0] 2026-04-19T01:07:19.988Z - OPTIONS /v1/organization
[0] 2026-04-19T01:07:19.990Z - GET /v1/organization
[0] Session not found for token starting with: 45QPhy7JWU
[0] 2026-04-19T01:07:21.000Z - OPTIONS /v1/organization
[0] 2026-04-19T01:07:21.003Z - GET /v1/organization
[0] Session not found for token starting with: 45QPhy7JWU
[0] 2026-04-19T01:07:22.010Z - OPTIONS /v1/organization
[0] 2026-04-19T01:07:22.013Z - GET /v1/organization
[0] Session not found for token starting with: 45QPhy7JWU
[0] 2026-04-19T01:07:23.021Z - OPTIONS /v1/organization
[0] 2026-04-19T01:07:23.023Z - GET /v1/organization
[0] Session not found for token starting with: 45QPhy7JWU
[0] 2026-04-19T01:07:24.031Z - OPTIONS /v1/organization
[0] 2026-04-19T01:07:24.033Z - GET /v1/organization
[0] Session not found for token starting with: 45QPhy7JWU
[0] 2026-04-19T01:07:25.045Z - OPTIONS /v1/organization
[0] 2026-04-19T01:07:25.046Z - GET /v1/organization
[0] Session not found for token starting with: 45QPhy7JWU
[0] 2026-04-19T01:07:26.056Z - OPTIONS /v1/organization
[0] 2026-04-19T01:07:26.059Z - GET /v1/organization
[0] Session not found for token starting with: 45QPhy7JWU
[0] 2026-04-19T01:07:27.068Z - OPTIONS /v1/organization
[0] 2026-04-19T01:07:27.070Z - GET /v1/organization
[0] Session not found for token starting with: 45QPhy7JWU
[0] 2026-04-19T01:07:28.080Z - OPTIONS /v1/organization
[0] 2026-04-19T01:07:28.082Z - GET /v1/organization
[0] Session not found for token starting with: 45QPhy7JWU
[0] 2026-04-19T01:07:29.092Z - OPTIONS /v1/organization
[0] 2026-04-19T01:07:29.095Z - GET /v1/organization
[0] Session not found for token starting with: 45QPhy7JWU
[0] 2026-04-19T01:07:30.103Z - OPTIONS /v1/organization
[0] 2026-04-19T01:07:30.106Z - GET /v1/organization
[0] Session not found for token starting with: 45QPhy7JWU
[0] 2026-04-19T01:07:31.113Z - OPTIONS /v1/organization
[0] 2026-04-19T01:07:31.121Z - GET /v1/organization
[0] Session not found for token starting with: 45QPhy7JWU
[0] 2026-04-19T01:07:32.129Z - OPTIONS /v1/organization
[0] 2026-04-19T01:07:32.130Z - GET /v1/organization
[0] Session not found for token starting with: 45QPhy7JWU
[0] 2026-04-19T01:07:33.139Z - OPTIONS /v1/organization
[0] 2026-04-19T01:07:33.141Z - GET /v1/organization
[0] Session not found for token starting with: 45QPhy7JWU
[0] 2026-04-19T01:07:34.152Z - OPTIONS /v1/organization
[0] 2026-04-19T01:07:34.154Z - GET /v1/organization
[0] Session not found for token starting with: 45QPhy7JWU
[0] 2026-04-19T01:07:35.165Z - OPTIONS /v1/organization
[0] 2026-04-19T01:07:35.168Z - GET /v1/organization
[0] Session not found for token starting with: 45QPhy7JWU
[0] 2026-04-19T01:07:36.176Z - OPTIONS /v1/organization
[0] 2026-04-19T01:07:36.178Z - GET /v1/organization
[0] Session not found for token starting with: 45QPhy7JWU
[0] 2026-04-19T01:07:37.187Z - OPTIONS /v1/organization
[0] 2026-04-19T01:07:37.189Z - GET /v1/organization
[0] Session not found for token starting with: 45QPhy7JWU
[0] 2026-04-19T01:07:38.196Z - OPTIONS /v1/organization
[0] 2026-04-19T01:07:38.198Z - GET /v1/organization
[0] Session not found for token starting with: 45QPhy7JWU
[0] 2026-04-19T01:07:39.206Z - OPTIONS /v1/organization
[0] 2026-04-19T01:07:39.208Z - GET /v1/organization
[0] Session not found for token starting with: 45QPhy7JWU
[0] 2026-04-19T01:07:40.218Z - OPTIONS /v1/organization
[0] 2026-04-19T01:07:40.220Z - GET /v1/organization
[0] Session not found for token starting with: 45QPhy7JWU
[0] 2026-04-19T01:07:41.228Z - OPTIONS /v1/organization
[0] 2026-04-19T01:07:41.230Z - GET /v1/organization
[0] Session not found for token starting with: 45QPhy7JWU
[0] 2026-04-19T01:07:42.238Z - OPTIONS /v1/organization
[0] 2026-04-19T01:07:42.240Z - GET /v1/organization
[0] Session not found for token starting with: 45QPhy7JWU
[0] 2026-04-19T01:07:43.248Z - OPTIONS /v1/organization
[0] 2026-04-19T01:07:43.251Z - GET /v1/organization
[0] Session not found for token starting with: 45QPhy7JWU
[0] 2026-04-19T01:07:44.259Z - OPTIONS /v1/organization
[0] 2026-04-19T01:07:44.261Z - GET /v1/organization
[0] Session not found for token starting with: 45QPhy7JWU
[0] 2026-04-19T01:07:45.270Z - OPTIONS /v1/organization
[0] 2026-04-19T01:07:45.272Z - GET /v1/organization
[0] Session not found for token starting with: 45QPhy7JWU
[0] 2026-04-19T01:07:46.281Z - OPTIONS /v1/organization
[0] 2026-04-19T01:07:46.283Z - GET /v1/organization
[0] Session not found for token starting with: 45QPhy7JWU
[0] 2026-04-19T01:07:47.291Z - OPTIONS /v1/organization
[0] 2026-04-19T01:07:47.293Z - GET /v1/organization
[0] Session not found for token starting with: 45QPhy7JWU
[0] 2026-04-19T01:07:48.301Z - OPTIONS /v1/organization
[0] 2026-04-19T01:07:48.304Z - GET /v1/organization
[0] Session not found for token starting with: 45QPhy7JWU
[0] 2026-04-19T01:07:49.311Z - OPTIONS /v1/organization
[0] 2026-04-19T01:07:49.313Z - GET /v1/organization
[0] Session not found for token starting with: 45QPhy7JWU
[0] 2026-04-19T01:07:50.323Z - OPTIONS /v1/organization
[0] 2026-04-19T01:07:50.325Z - GET /v1/organization
[0] Session not found for token starting with: 45QPhy7JWU
[0] 2026-04-19T01:07:51.335Z - OPTIONS /v1/organization
[0] 2026-04-19T01:07:51.337Z - GET /v1/organization
[0] Session not found for token starting with: 45QPhy7JWU
[0] 2026-04-19T01:07:52.345Z - OPTIONS /v1/organization
[0] 2026-04-19T01:07:52.347Z - GET /v1/organization
[0] Session not found for token starting with: 45QPhy7JWU
[0] 2026-04-19T01:07:53.356Z - OPTIONS /v1/organization
[0] 2026-04-19T01:07:53.358Z - GET /v1/organization
[0] Session not found for token starting with: 45QPhy7JWU
[0] 2026-04-19T01:07:54.367Z - OPTIONS /v1/organization
[0] 2026-04-19T01:07:54.369Z - GET /v1/organization
[0] Session not found for token starting with: 45QPhy7JWU
[0] 2026-04-19T01:07:55.377Z - OPTIONS /v1/organization
[0] 2026-04-19T01:07:55.379Z - GET /v1/organization
[0] Session not found for token starting with: 45QPhy7JWU
[0] 2026-04-19T01:07:56.388Z - OPTIONS /v1/organization
[0] 2026-04-19T01:07:56.390Z - GET /v1/organization
[0] Session not found for token starting with: 45QPhy7JWU
[0] 2026-04-19T01:07:57.399Z - OPTIONS /v1/organization
[0] 2026-04-19T01:07:57.401Z - GET /v1/organization
[0] Session not found for token starting with: 45QPhy7JWU
[0] 2026-04-19T01:07:58.409Z - OPTIONS /v1/organization
[0] 2026-04-19T01:07:58.411Z - GET /v1/organization
[0] Session not found for token starting with: 45QPhy7JWU
[0] 2026-04-19T01:07:59.421Z - OPTIONS /v1/organization
[0] 2026-04-19T01:07:59.424Z - GET /v1/organization
[0] Session not found for token starting with: 45QPhy7JWU
[0] 2026-04-19T01:08:00.432Z - OPTIONS /v1/organization
[0] 2026-04-19T01:08:00.435Z - GET /v1/organization
[0] Session not found for token starting with: 45QPhy7JWU
[0] 2026-04-19T01:08:01.443Z - OPTIONS /v1/organization
[0] 2026-04-19T01:08:01.445Z - GET /v1/organization
[0] Session not found for token starting with: 45QPhy7JWU
[0] 2026-04-19T01:08:02.455Z - OPTIONS /v1/organization
[0] 2026-04-19T01:08:02.457Z - GET /v1/organization
[0] Session not found for token starting with: 45QPhy7JWU
[0] 2026-04-19T01:08:03.466Z - OPTIONS /v1/organization
[0] 2026-04-19T01:08:03.468Z - GET /v1/organization
[0] Session not found for token starting with: 45QPhy7JWU
[0] 2026-04-19T01:08:04.477Z - OPTIONS /v1/organization
[0] 2026-04-19T01:08:04.480Z - GET /v1/organization
[0] Session not found for token starting with: 45QPhy7JWU
[0] 2026-04-19T01:08:05.489Z - OPTIONS /v1/organization
[0] 2026-04-19T01:08:05.492Z - GET /v1/organization
[0] Session not found for token starting with: 45QPhy7JWU
[0] 2026-04-19T01:08:06.501Z - OPTIONS /v1/organization
[0] 2026-04-19T01:08:06.504Z - GET /v1/organization
[0] Session not found for token starting with: 45QPhy7JWU
[0] 2026-04-19T01:08:07.511Z - OPTIONS /v1/organization
[0] 2026-04-19T01:08:07.513Z - GET /v1/organization
[0] Session not found for token starting with: 45QPhy7JWU
[0] 2026-04-19T01:08:08.522Z - OPTIONS /v1/organization
[0] 2026-04-19T01:08:08.524Z - GET /v1/organization
[0] Session not found for token starting with: 45QPhy7JWU
[0] 2026-04-19T01:08:09.534Z - OPTIONS /v1/organization
[0] 2026-04-19T01:08:09.536Z - GET /v1/organization
[0] Session not found for token starting with: 45QPhy7JWU
[0] 2026-04-19T01:08:10.546Z - OPTIONS /v1/organization
[0] 2026-04-19T01:08:10.548Z - GET /v1/organization
[0] Session not found for token starting with: 45QPhy7JWU
[0] 2026-04-19T01:08:11.562Z - OPTIONS /v1/organization
[0] 2026-04-19T01:08:11.565Z - GET /v1/organization
[0] Session not found for token starting with: 45QPhy7JWU
[0] 2026-04-19T01:08:12.576Z - OPTIONS /v1/organization
[0] 2026-04-19T01:08:12.578Z - GET /v1/organization
[0] Session not found for token starting with: 45QPhy7JWU
[0] 2026-04-19T01:08:13.587Z - OPTIONS /v1/organization
[0] 2026-04-19T01:08:13.589Z - GET /v1/organization
[0] Session not found for token starting with: 45QPhy7JWU
[0] 2026-04-19T01:08:14.598Z - OPTIONS /v1/organization
[0] 2026-04-19T01:08:14.600Z - GET /v1/organization
[0] Session not found for token starting with: 45QPhy7JWU
[0] 2026-04-19T01:08:15.610Z - OPTIONS /v1/organization
[0] 2026-04-19T01:08:15.612Z - GET /v1/organization
[0] Session not found for token starting with: 45QPhy7JWU
[0] 2026-04-19T01:08:16.623Z - OPTIONS /v1/organization
[0] 2026-04-19T01:08:16.644Z - GET /v1/organization
[0] Session not found for token starting with: 45QPhy7JWU
[0] 2026-04-19T01:08:17.672Z - OPTIONS /v1/organization
[0] 2026-04-19T01:08:17.675Z - GET /v1/organization
[0] Session not found for token starting with: 45QPhy7JWU
[0] 2026-04-19T01:08:18.684Z - OPTIONS /v1/organization
[0] 2026-04-19T01:08:18.696Z - GET /v1/organization
[0] Session not found for token starting with: 45QPhy7JWU
[0] 2026-04-19T01:08:19.703Z - OPTIONS /v1/organization
[0] 2026-04-19T01:08:19.706Z - GET /v1/organization
[0] Session not found for token starting with: 45QPhy7JWU
[0] 2026-04-19T01:08:20.714Z - OPTIONS /v1/organization
[0] 2026-04-19T01:08:20.716Z - GET /v1/organization
[0] Session not found for token starting with: 45QPhy7JWU
[0] 2026-04-19T01:08:21.725Z - OPTIONS /v1/organization
[0] 2026-04-19T01:08:21.730Z - GET /v1/organization
[0] Session not found for token starting with: 45QPhy7JWU
[0] 2026-04-19T01:08:22.737Z - OPTIONS /v1/organization
[0] 2026-04-19T01:08:22.740Z - GET /v1/organization
[0] Session not found for token starting with: 45QPhy7JWU
[0] 2026-04-19T01:08:23.748Z - OPTIONS /v1/organization
[0] 2026-04-19T01:08:23.749Z - GET /v1/organization
[0] Session not found for token starting with: 45QPhy7JWU
[0] 2026-04-19T01:08:24.759Z - OPTIONS /v1/organization
[0] 2026-04-19T01:08:24.761Z - GET /v1/organization
[0] Session not found for token starting with: 45QPhy7JWU
[0] 2026-04-19T01:08:25.769Z - OPTIONS /v1/organization
[0] 2026-04-19T01:08:25.772Z - GET /v1/organization
[0] Session not found for token starting with: 45QPhy7JWU
[0] 2026-04-19T01:08:26.779Z - OPTIONS /v1/organization
[0] 2026-04-19T01:08:26.780Z - GET /v1/organization
[0] Session not found for token starting with: 45QPhy7JWU
[0] 2026-04-19T01:08:27.788Z - OPTIONS /v1/organization
[0] 2026-04-19T01:08:27.790Z - GET /v1/organization
[0] Session not found for token starting with: 45QPhy7JWU
[0] 2026-04-19T01:08:28.800Z - OPTIONS /v1/organization
[0] 2026-04-19T01:08:28.802Z - GET /v1/organization
[0] Session not found for token starting with: 45QPhy7JWU
[0] 2026-04-19T01:08:29.810Z - OPTIONS /v1/organization
[0] 2026-04-19T01:08:29.812Z - GET /v1/organization
[0] Session not found for token starting with: 45QPhy7JWU
[0] 2026-04-19T01:08:30.823Z - OPTIONS /v1/organization
[0] 2026-04-19T01:08:30.825Z - GET /v1/organization
[0] Session not found for token starting with: 45QPhy7JWU
[0] 2026-04-19T01:08:31.835Z - OPTIONS /v1/organization
[0] 2026-04-19T01:08:31.837Z - GET /v1/organization
[0] Session not found for token starting with: 45QPhy7JWU
[0] 2026-04-19T01:08:32.846Z - OPTIONS /v1/organization
[0] 2026-04-19T01:08:32.848Z - GET /v1/organization
[0] Session not found for token starting with: 45QPhy7JWU
[0] 2026-04-19T01:08:33.858Z - OPTIONS /v1/organization
[0] 2026-04-19T01:08:33.861Z - GET /v1/organization
[0] Session not found for token starting with: 45QPhy7JWU
[0] 2026-04-19T01:08:34.870Z - OPTIONS /v1/organization
[0] 2026-04-19T01:08:34.872Z - GET /v1/organization
[0] Session not found for token starting with: 45QPhy7JWU
[0] 2026-04-19T01:08:35.879Z - OPTIONS /v1/organization
[0] 2026-04-19T01:08:35.881Z - GET /v1/organization
[0] Session not found for token starting with: 45QPhy7JWU
[0] 2026-04-19T01:08:36.892Z - OPTIONS /v1/organization
[0] 2026-04-19T01:08:36.895Z - GET /v1/organization
[0] Session not found for token starting with: 45QPhy7JWU
[0] 2026-04-19T01:08:37.904Z - OPTIONS /v1/organization
[0] 2026-04-19T01:08:37.906Z - GET /v1/organization
[0] Session not found for token starting with: 45QPhy7JWU
[0] 2026-04-19T01:08:38.914Z - OPTIONS /v1/organization
[0] 2026-04-19T01:08:38.919Z - GET /v1/organization
[0] Session not found for token starting with: 45QPhy7JWU
[0] 2026-04-19T01:08:39.927Z - OPTIONS /v1/organization
[0] 2026-04-19T01:08:39.929Z - GET /v1/organization
[0] Session not found for token starting with: 45QPhy7JWU
[0] 2026-04-19T01:08:40.937Z - OPTIONS /v1/organization
[0] 2026-04-19T01:08:40.939Z - GET /v1/organization
[0] Session not found for token starting with: 45QPhy7JWU
[0] 2026-04-19T01:08:41.948Z - OPTIONS /v1/organization
[0] 2026-04-19T01:08:41.950Z - GET /v1/organization
[0] Session not found for token starting with: 45QPhy7JWU
[0] 2026-04-19T01:08:42.957Z - OPTIONS /v1/organization
[0] 2026-04-19T01:08:42.960Z - GET /v1/organization
[0] Session not found for token starting with: 45QPhy7JWU
[0] 2026-04-19T01:08:43.969Z - OPTIONS /v1/organization
[0] 2026-04-19T01:08:43.972Z - GET /v1/organization
[0] Session not found for token starting with: 45QPhy7JWU
[0] 2026-04-19T01:08:44.980Z - OPTIONS /v1/organization
[0] 2026-04-19T01:08:44.982Z - GET /v1/organization
[0] Session not found for token starting with: 45QPhy7JWU
[0] 2026-04-19T01:08:45.992Z - OPTIONS /v1/organization
[0] 2026-04-19T01:08:45.994Z - GET /v1/organization
[0] Session not found for token starting with: 45QPhy7JWU
[0] 2026-04-19T01:08:47.002Z - OPTIONS /v1/organization
[0] 2026-04-19T01:08:47.004Z - GET /v1/organization
[0] Session not found for token starting with: 45QPhy7JWU
[0] 2026-04-19T01:08:48.012Z - OPTIONS /v1/organization
[0] 2026-04-19T01:08:48.014Z - GET /v1/organization
[0] Session not found for token starting with: 45QPhy7JWU
[0] 2026-04-19T01:08:49.022Z - OPTIONS /v1/organization
[0] 2026-04-19T01:08:49.024Z - GET /v1/organization
[0] Session not found for token starting with: 45QPhy7JWU
[0] 2026-04-19T01:08:50.031Z - OPTIONS /v1/organization
[0] 2026-04-19T01:08:50.033Z - GET /v1/organization
[0] Session not found for token starting with: 45QPhy7JWU
[0] 2026-04-19T01:08:51.043Z - OPTIONS /v1/organization
[0] 2026-04-19T01:08:51.045Z - GET /v1/organization
[0] Session not found for token starting with: 45QPhy7JWU
[0] 2026-04-19T01:08:52.054Z - OPTIONS /v1/organization
[0] 2026-04-19T01:08:52.056Z - GET /v1/organization
[0] Session not found for token starting with: 45QPhy7JWU
[0] 2026-04-19T01:08:53.064Z - OPTIONS /v1/organization
[0] 2026-04-19T01:08:53.066Z - GET /v1/organization
[0] Session not found for token starting with: 45QPhy7JWU
[0] 2026-04-19T01:08:54.078Z - OPTIONS /v1/organization
[0] 2026-04-19T01:08:54.085Z - GET /v1/organization
[0] Session not found for token starting with: 45QPhy7JWU
[0] 2026-04-19T01:08:55.096Z - OPTIONS /v1/organization
[0] 2026-04-19T01:08:55.098Z - GET /v1/organization
[0] Session not found for token starting with: 45QPhy7JWU
[0] 2026-04-19T01:08:56.108Z - OPTIONS /v1/organization
[0] 2026-04-19T01:08:56.111Z - GET /v1/organization
[0] Session not found for token starting with: 45QPhy7JWU
[0] 2026-04-19T01:08:57.120Z - OPTIONS /v1/organization
[0] 2026-04-19T01:08:57.122Z - GET /v1/organization
[0] Session not found for token starting with: 45QPhy7JWU
[0] 2026-04-19T01:08:58.130Z - OPTIONS /v1/organization
[0] 2026-04-19T01:08:58.131Z - GET /v1/organization
[0] Session not found for token starting with: 45QPhy7JWU
[0] 2026-04-19T01:08:59.139Z - OPTIONS /v1/organization
[0] 2026-04-19T01:08:59.140Z - GET /v1/organization
[0] Session not found for token starting with: 45QPhy7JWU
[0] 2026-04-19T01:09:00.148Z - OPTIONS /v1/organization
[0] 2026-04-19T01:09:00.149Z - GET /v1/organization
[0] Session not found for token starting with: 45QPhy7JWU
[0] 2026-04-19T01:09:01.159Z - OPTIONS /v1/organization
[0] 2026-04-19T01:09:01.161Z - GET /v1/organization
[0] Session not found for token starting with: 45QPhy7JWU
[0] 2026-04-19T01:09:02.170Z - OPTIONS /v1/organization
[0] 2026-04-19T01:09:02.173Z - GET /v1/organization
[0] Session not found for token starting with: 45QPhy7JWU
[0] 2026-04-19T01:09:03.182Z - OPTIONS /v1/organization
[0] 2026-04-19T01:09:03.183Z - GET /v1/organization
[0] Session not found for token starting with: 45QPhy7JWU
[0] 2026-04-19T01:09:04.192Z - OPTIONS /v1/organization
[0] 2026-04-19T01:09:04.198Z - GET /v1/organization
[0] Session not found for token starting with: 45QPhy7JWU
[0] 2026-04-19T01:09:05.207Z - OPTIONS /v1/organization
[0] 2026-04-19T01:09:05.213Z - GET /v1/organization
[0] Session not found for token starting with: 45QPhy7JWU
[0] 2026-04-19T01:09:06.221Z - OPTIONS /v1/organization
[0] 2026-04-19T01:09:06.223Z - GET /v1/organization
[0] Session not found for token starting with: 45QPhy7JWU
[0] 2026-04-19T01:09:07.229Z - OPTIONS /v1/organization
[0] 2026-04-19T01:09:07.231Z - GET /v1/organization
[0] Session not found for token starting with: 45QPhy7JWU
[0] 2026-04-19T01:09:08.240Z - OPTIONS /v1/organization
[0] 2026-04-19T01:09:08.242Z - GET /v1/organization
[0] Session not found for token starting with: 45QPhy7JWU
[0] 2026-04-19T01:09:09.252Z - OPTIONS /v1/organization
[0] 2026-04-19T01:09:09.254Z - GET /v1/organization
[0] Session not found for token starting with: 45QPhy7JWU
[0] 2026-04-19T01:09:10.262Z - OPTIONS /v1/organization
[0] 2026-04-19T01:09:10.265Z - GET /v1/organization
[0] Session not found for token starting with: 45QPhy7JWU
[0] 2026-04-19T01:09:11.273Z - OPTIONS /v1/organization
[0] 2026-04-19T01:09:11.275Z - GET /v1/organization
[0] Session not found for token starting with: 45QPhy7JWU
[0] 2026-04-19T01:09:12.283Z - OPTIONS /v1/organization
[0] 2026-04-19T01:09:12.286Z - GET /v1/organization
[0] Session not found for token starting with: 45QPhy7JWU
[0] 2026-04-19T01:09:13.295Z - OPTIONS /v1/organization
[0] 2026-04-19T01:09:13.298Z - GET /v1/organization
[0] Session not found for token starting with: 45QPhy7JWU
[0] 2026-04-19T01:09:14.306Z - OPTIONS /v1/organization
[0] 2026-04-19T01:09:14.308Z - GET /v1/organization
[0] Session not found for token starting with: 45QPhy7JWU
[0] 2026-04-19T01:09:15.316Z - OPTIONS /v1/organization
[0] 2026-04-19T01:09:15.318Z - GET /v1/organization
[0] Session not found for token starting with: 45QPhy7JWU
[0] 2026-04-19T01:09:16.330Z - OPTIONS /v1/organization
[0] 2026-04-19T01:09:16.331Z - GET /v1/organization
[0] Session not found for token starting with: 45QPhy7JWU
[0] 2026-04-19T01:09:17.341Z - OPTIONS /v1/organization
[0] 2026-04-19T01:09:17.343Z - GET /v1/organization
[0] Session not found for token starting with: 45QPhy7JWU
[0] 2026-04-19T01:09:18.352Z - OPTIONS /v1/organization
[0] 2026-04-19T01:09:18.355Z - GET /v1/organization
[0] Session not found for token starting with: 45QPhy7JWU
[0] 2026-04-19T01:09:19.364Z - OPTIONS /v1/organization
[0] 2026-04-19T01:09:19.366Z - GET /v1/organization
[0] Session not found for token starting with: 45QPhy7JWU
[0] 2026-04-19T01:09:20.375Z - OPTIONS /v1/organization
[0] 2026-04-19T01:09:20.377Z - GET /v1/organization
[0] Session not found for token starting with: 45QPhy7JWU
[0] 2026-04-19T01:09:21.384Z - OPTIONS /v1/organization
[0] 2026-04-19T01:09:21.386Z - GET /v1/organization
[0] Session not found for token starting with: 45QPhy7JWU
[0] 2026-04-19T01:09:22.395Z - OPTIONS /v1/organization
[0] 2026-04-19T01:09:22.397Z - GET /v1/organization
[0] Session not found for token starting with: 45QPhy7JWU
[0] 2026-04-19T01:09:23.407Z - OPTIONS /v1/organization
[0] 2026-04-19T01:09:23.409Z - GET /v1/organization
[0] Session not found for token starting with: 45QPhy7JWU
[0] 2026-04-19T01:09:24.422Z - OPTIONS /v1/organization
[0] 2026-04-19T01:09:24.424Z - GET /v1/organization
[0] Session not found for token starting with: 45QPhy7JWU
[0] 2026-04-19T01:09:25.456Z - OPTIONS /v1/organization
[0] 2026-04-19T01:09:25.458Z - GET /v1/organization
[0] Session not found for token starting with: 45QPhy7JWU
[0] 2026-04-19T01:09:26.472Z - OPTIONS /v1/organization
[0] 2026-04-19T01:09:26.474Z - GET /v1/organization
[0] Session not found for token starting with: 45QPhy7JWU
[0] 2026-04-19T01:09:27.482Z - OPTIONS /v1/organization
[0] 2026-04-19T01:09:27.484Z - GET /v1/organization
[0] Session not found for token starting with: 45QPhy7JWU
[0] 2026-04-19T01:09:28.493Z - OPTIONS /v1/organization
[0] 2026-04-19T01:09:28.495Z - GET /v1/organization
[0] Session not found for token starting with: 45QPhy7JWU
[0] 2026-04-19T01:09:29.503Z - OPTIONS /v1/organization
[0] 2026-04-19T01:09:29.505Z - GET /v1/organization
[0] Session not found for token starting with: 45QPhy7JWU
[0] 2026-04-19T01:09:30.514Z - OPTIONS /v1/organization
[0] 2026-04-19T01:09:30.516Z - GET /v1/organization
[0] Session not found for token starting with: 45QPhy7JWU
[0] 2026-04-19T01:09:31.525Z - OPTIONS /v1/organization
[0] 2026-04-19T01:09:31.528Z - GET /v1/organization
[0] Session not found for token starting with: 45QPhy7JWU
[0] 2026-04-19T01:09:32.536Z - OPTIONS /v1/organization
[0] 2026-04-19T01:09:32.538Z - GET /v1/organization
[0] Session not found for token starting with: 45QPhy7JWU
[0] 2026-04-19T01:09:33.546Z - OPTIONS /v1/organization
[0] 2026-04-19T01:09:33.548Z - GET /v1/organization
[0] Session not found for token starting with: 45QPhy7JWU
[0] 2026-04-19T01:09:34.557Z - OPTIONS /v1/organization
[0] 2026-04-19T01:09:34.559Z - GET /v1/organization
[0] Session not found for token starting with: 45QPhy7JWU
[0] 2026-04-19T01:09:35.568Z - OPTIONS /v1/organization
[0] 2026-04-19T01:09:35.570Z - GET /v1/organization
[0] Session not found for token starting with: 45QPhy7JWU
[0] 2026-04-19T01:09:36.578Z - OPTIONS /v1/organization
[0] 2026-04-19T01:09:36.581Z - GET /v1/organization
[0] Session not found for token starting with: 45QPhy7JWU
[0] 2026-04-19T01:09:37.588Z - OPTIONS /v1/organization
[0] 2026-04-19T01:09:37.591Z - GET /v1/organization
[0] Session not found for token starting with: 45QPhy7JWU
[0] 2026-04-19T01:09:38.603Z - OPTIONS /v1/organization
[0] 2026-04-19T01:09:38.606Z - GET /v1/organization
[0] Session not found for token starting with: 45QPhy7JWU
[0] 2026-04-19T01:09:39.616Z - OPTIONS /v1/organization
[0] 2026-04-19T01:09:39.618Z - GET /v1/organization
[0] Session not found for token starting with: 45QPhy7JWU
[0] 2026-04-19T01:09:40.626Z - OPTIONS /v1/organization
[0] 2026-04-19T01:09:40.629Z - GET /v1/organization
[0] Session not found for token starting with: 45QPhy7JWU
[0] 2026-04-19T01:09:41.653Z - OPTIONS /v1/organization
[0] 2026-04-19T01:09:41.663Z - GET /v1/organization
[0] Session not found for token starting with: 45QPhy7JWU
[0] 2026-04-19T01:09:42.683Z - OPTIONS /v1/organization
[0] 2026-04-19T01:09:42.686Z - GET /v1/organization
[0] Session not found for token starting with: 45QPhy7JWU
[0] 2026-04-19T01:09:43.696Z - OPTIONS /v1/organization
[0] 2026-04-19T01:09:43.698Z - GET /v1/organization
[0] Session not found for token starting with: 45QPhy7JWU
[0] 2026-04-19T01:09:44.706Z - OPTIONS /v1/organization
[0] 2026-04-19T01:09:44.708Z - GET /v1/organization
[0] Session not found for token starting with: 45QPhy7JWU
[0] 2026-04-19T01:09:45.717Z - OPTIONS /v1/organization
[0] 2026-04-19T01:09:45.719Z - GET /v1/organization
[0] Session not found for token starting with: 45QPhy7JWU
[0] 2026-04-19T01:09:46.728Z - OPTIONS /v1/organization
[0] 2026-04-19T01:09:46.731Z - GET /v1/organization
[0] Session not found for token starting with: 45QPhy7JWU
[0] 2026-04-19T01:09:47.740Z - OPTIONS /v1/organization
[0] 2026-04-19T01:09:47.742Z - GET /v1/organization
[0] Session not found for token starting with: 45QPhy7JWU
[0] 2026-04-19T01:09:48.751Z - OPTIONS /v1/organization
[0] 2026-04-19T01:09:48.753Z - GET /v1/organization
[0] Session not found for token starting with: 45QPhy7JWU
[0] 2026-04-19T01:09:49.761Z - OPTIONS /v1/organization
[0] 2026-04-19T01:09:49.763Z - GET /v1/organization
[0] Session not found for token starting with: 45QPhy7JWU
[0] 2026-04-19T01:09:50.772Z - OPTIONS /v1/organization
[0] 2026-04-19T01:09:50.774Z - GET /v1/organization
[0] Session not found for token starting with: 45QPhy7JWU
[0] 2026-04-19T01:09:51.783Z - OPTIONS /v1/organization
[0] 2026-04-19T01:09:51.785Z - GET /v1/organization
[0] Session not found for token starting with: 45QPhy7JWU
[0] 2026-04-19T01:09:52.794Z - OPTIONS /v1/organization
[0] 2026-04-19T01:09:52.796Z - GET /v1/organization
[0] Session not found for token starting with: 45QPhy7JWU
[0] 2026-04-19T01:09:53.805Z - OPTIONS /v1/organization
[0] 2026-04-19T01:09:53.807Z - GET /v1/organization
[0] Session not found for token starting with: 45QPhy7JWU
[0] 2026-04-19T01:09:54.815Z - OPTIONS /v1/organization
[0] 2026-04-19T01:09:54.817Z - GET /v1/organization
[0] Session not found for token starting with: 45QPhy7JWU
[0] 2026-04-19T01:09:55.826Z - OPTIONS /v1/organization
[0] 2026-04-19T01:09:55.828Z - GET /v1/organization
[0] Session not found for token starting with: 45QPhy7JWU
[0] 2026-04-19T01:09:56.836Z - OPTIONS /v1/organization
[0] 2026-04-19T01:09:56.839Z - GET /v1/organization
[0] Session not found for token starting with: 45QPhy7JWU
[0] 2026-04-19T01:09:57.846Z - OPTIONS /v1/organization
[0] 2026-04-19T01:09:57.848Z - GET /v1/organization
[0] Session not found for token starting with: 45QPhy7JWU
[0] 2026-04-19T01:09:58.857Z - OPTIONS /v1/organization
[0] 2026-04-19T01:09:58.859Z - GET /v1/organization
[0] Session not found for token starting with: 45QPhy7JWU
[0] 2026-04-19T01:09:59.867Z - OPTIONS /v1/organization
[0] 2026-04-19T01:09:59.870Z - GET /v1/organization
[0] Session not found for token starting with: 45QPhy7JWU
[0] 2026-04-19T01:10:00.879Z - OPTIONS /v1/organization
[0] 2026-04-19T01:10:00.881Z - GET /v1/organization
[0] Session not found for token starting with: 45QPhy7JWU
[0] 2026-04-19T01:10:01.890Z - OPTIONS /v1/organization
[0] 2026-04-19T01:10:01.892Z - GET /v1/organization
[0] Session not found for token starting with: 45QPhy7JWU
[0] 2026-04-19T01:10:02.898Z - OPTIONS /v1/organization
[0] 2026-04-19T01:10:02.900Z - GET /v1/organization
[0] Session not found for token starting with: 45QPhy7JWU
[0] 2026-04-19T01:10:03.908Z - OPTIONS /v1/organization
[0] 2026-04-19T01:10:03.910Z - GET /v1/organization
[0] Session not found for token starting with: 45QPhy7JWU
[0] 2026-04-19T01:10:04.918Z - OPTIONS /v1/organization
[0] 2026-04-19T01:10:04.920Z - GET /v1/organization
[0] Session not found for token starting with: 45QPhy7JWU
[0] 2026-04-19T01:10:05.929Z - OPTIONS /v1/organization
[0] 2026-04-19T01:10:05.931Z - GET /v1/organization
[0] Session not found for token starting with: 45QPhy7JWU
[0] 2026-04-19T01:10:06.947Z - OPTIONS /v1/organization
[0] 2026-04-19T01:10:06.949Z - GET /v1/organization
[0] Session not found for token starting with: 45QPhy7JWU
[0] 2026-04-19T01:10:07.961Z - OPTIONS /v1/organization
[0] 2026-04-19T01:10:07.963Z - GET /v1/organization
[0] Session not found for token starting with: 45QPhy7JWU
[0] 2026-04-19T01:10:08.970Z - OPTIONS /v1/organization
[0] 2026-04-19T01:10:08.971Z - GET /v1/organization
[0] Session not found for token starting with: 45QPhy7JWU
[0] 2026-04-19T01:10:09.979Z - OPTIONS /v1/organization
[0] 2026-04-19T01:10:09.981Z - GET /v1/organization
[0] Session not found for token starting with: 45QPhy7JWU
[0] 2026-04-19T01:10:10.989Z - OPTIONS /v1/organization
[0] 2026-04-19T01:10:10.991Z - GET /v1/organization
[0] Session not found for token starting with: 45QPhy7JWU
[0] 2026-04-19T01:10:11.998Z - OPTIONS /v1/organization
[0] 2026-04-19T01:10:12.000Z - GET /v1/organization
[0] Session not found for token starting with: 45QPhy7JWU
[0] 2026-04-19T01:10:13.008Z - OPTIONS /v1/organization
[0] 2026-04-19T01:10:13.011Z - GET /v1/organization
[0] Session not found for token starting with: 45QPhy7JWU
[0] 2026-04-19T01:10:14.020Z - OPTIONS /v1/organization
[0] 2026-04-19T01:10:14.022Z - GET /v1/organization
[0] Session not found for token starting with: 45QPhy7JWU
[0] 2026-04-19T01:10:15.031Z - OPTIONS /v1/organization
[0] 2026-04-19T01:10:15.033Z - GET /v1/organization
[0] Session not found for token starting with: 45QPhy7JWU
[0] 2026-04-19T01:10:16.042Z - OPTIONS /v1/organization
[0] 2026-04-19T01:10:16.044Z - GET /v1/organization
[0] Session not found for token starting with: 45QPhy7JWU
[0] 2026-04-19T01:10:17.052Z - OPTIONS /v1/organization
[0] 2026-04-19T01:10:17.055Z - GET /v1/organization
[0] Session not found for token starting with: 45QPhy7JWU
[0] 2026-04-19T01:10:18.062Z - OPTIONS /v1/organization
[0] 2026-04-19T01:10:18.064Z - GET /v1/organization
[0] Session not found for token starting with: 45QPhy7JWU
[0] 2026-04-19T01:10:19.073Z - OPTIONS /v1/organization
[0] 2026-04-19T01:10:19.075Z - GET /v1/organization
[0] Session not found for token starting with: 45QPhy7JWU
[0] 2026-04-19T01:10:20.083Z - OPTIONS /v1/organization
[0] 2026-04-19T01:10:20.085Z - GET /v1/organization
[0] Session not found for token starting with: 45QPhy7JWU
[0] 2026-04-19T01:10:21.094Z - OPTIONS /v1/organization
[0] 2026-04-19T01:10:21.096Z - GET /v1/organization
[0] Session not found for token starting with: 45QPhy7JWU
[0] 2026-04-19T01:10:22.105Z - OPTIONS /v1/organization
[0] 2026-04-19T01:10:22.107Z - GET /v1/organization
[0] Session not found for token starting with: 45QPhy7JWU
[0] 2026-04-19T01:10:23.115Z - OPTIONS /v1/organization
[0] 2026-04-19T01:10:23.117Z - GET /v1/organization
[0] Session not found for token starting with: 45QPhy7JWU
[0] 2026-04-19T01:10:24.127Z - OPTIONS /v1/organization
[0] 2026-04-19T01:10:24.129Z - GET /v1/organization
[0] Session not found for token starting with: 45QPhy7JWU
[0] 2026-04-19T01:10:25.138Z - OPTIONS /v1/organization
[0] 2026-04-19T01:10:25.140Z - GET /v1/organization
[0] Session not found for token starting with: 45QPhy7JWU
[0] 2026-04-19T01:10:26.147Z - OPTIONS /v1/organization
[0] 2026-04-19T01:10:26.149Z - GET /v1/organization
[0] Session not found for token starting with: 45QPhy7JWU
[0] 2026-04-19T01:10:27.161Z - OPTIONS /v1/organization
[0] 2026-04-19T01:10:27.163Z - GET /v1/organization
[0] Session not found for token starting with: 45QPhy7JWU
[0] 2026-04-19T01:10:28.175Z - OPTIONS /v1/organization
[0] 2026-04-19T01:10:28.179Z - GET /v1/organization
[0] Session not found for token starting with: 45QPhy7JWU
[0] 2026-04-19T01:10:29.188Z - OPTIONS /v1/organization
[0] 2026-04-19T01:10:29.190Z - GET /v1/organization
[0] Session not found for token starting with: 45QPhy7JWU
[0] 2026-04-19T01:10:30.206Z - OPTIONS /v1/organization
[0] 2026-04-19T01:10:30.208Z - GET /v1/organization
[0] Session not found for token starting with: 45QPhy7JWU
[0] 2026-04-19T01:10:31.219Z - OPTIONS /v1/organization
[0] 2026-04-19T01:10:31.222Z - GET /v1/organization
[0] Session not found for token starting with: 45QPhy7JWU
[0] 2026-04-19T01:10:32.231Z - OPTIONS /v1/organization
[0] 2026-04-19T01:10:32.234Z - GET /v1/organization
[0] Session not found for token starting with: 45QPhy7JWU
[0] 2026-04-19T01:10:33.243Z - OPTIONS /v1/organization
[0] 2026-04-19T01:10:33.245Z - GET /v1/organization
[0] Session not found for token starting with: 45QPhy7JWU
[0] 2026-04-19T01:10:34.253Z - OPTIONS /v1/organization
[0] 2026-04-19T01:10:34.255Z - GET /v1/organization
[0] Session not found for token starting with: 45QPhy7JWU
[0] 2026-04-19T01:10:35.262Z - OPTIONS /v1/organization
[0] 2026-04-19T01:10:35.263Z - GET /v1/organization
[0] Session not found for token starting with: 45QPhy7JWU
[0] 2026-04-19T01:10:36.271Z - OPTIONS /v1/organization
[0] 2026-04-19T01:10:36.273Z - GET /v1/organization
[0] Session not found for token starting with: 45QPhy7JWU
[0] 2026-04-19T01:10:37.279Z - OPTIONS /v1/organization
[0] 2026-04-19T01:10:37.281Z - GET /v1/organization
[0] Session not found for token starting with: 45QPhy7JWU
[0] 2026-04-19T01:10:38.288Z - OPTIONS /v1/organization
[0] 2026-04-19T01:10:38.290Z - GET /v1/organization
[0] Session not found for token starting with: 45QPhy7JWU
[0] 2026-04-19T01:10:39.298Z - GET /v1/organization
[0] Session not found for token starting with: 45QPhy7JWU
[0] 2026-04-19T01:10:40.304Z - GET /v1/organization
[0] Session not found for token starting with: 45QPhy7JWU
[0] 2026-04-19T01:10:41.724Z - OPTIONS /v1/metrics/country
[0] 2026-04-19T01:10:41.725Z - OPTIONS /v1/dashboard/scores/query
[0] 2026-04-19T01:10:41.726Z - OPTIONS /v1/providers
[0] 2026-04-19T01:10:41.726Z - POST /v1/metrics/country
[0] 2026-04-19T01:10:41.727Z - OPTIONS /v1/metrics/quantiles
[0] 2026-04-19T01:10:41.728Z - OPTIONS /v1/metrics/errorOverTime
[0] 2026-04-19T01:10:41.728Z - OPTIONS /v1/metrics/requestOverTime
[0] 2026-04-19T01:10:41.729Z - OPTIONS /v1/metrics/tokensOverTime
[0] 2026-04-19T01:10:41.730Z - OPTIONS /v1/request/count/query
[0] 2026-04-19T01:10:41.730Z - OPTIONS /v1/metrics/requestStatusOverTime
[0] 2026-04-19T01:10:41.730Z - OPTIONS /v1/metrics/costOverTime
[0] 2026-04-19T01:10:41.730Z - OPTIONS /v1/metrics/latencyOverTime
[0] Session not found for token starting with: 45QPhy7JWU
[0] 401 Unauthorized: Invalid or expired session for path: /v1/metrics/country
[0] POST /v1/metrics/country 401 70 - 3.913 ms
[0] 2026-04-19T01:10:41.731Z - OPTIONS /v1/request/count/query
[0] 2026-04-19T01:10:41.731Z - OPTIONS /v1/metrics/timeToFirstToken
[0] 2026-04-19T01:10:41.732Z - OPTIONS /v1/metrics/usersOverTime
[0] 2026-04-19T01:10:41.738Z - OPTIONS /v1/metrics/models
[0] 2026-04-19T01:10:41.739Z - OPTIONS /v1/metrics/averageLatency
[0] 2026-04-19T01:10:41.739Z - OPTIONS /v1/metrics/averageTokensPerRequest
[0] 2026-04-19T01:10:41.739Z - OPTIONS /v1/metrics/threatsOverTime
[0] 2026-04-19T01:10:41.739Z - OPTIONS /v1/metrics/totalCost
[0] 2026-04-19T01:10:41.740Z - POST /v1/metrics/tokensOverTime
[0] 2026-04-19T01:10:41.740Z - OPTIONS /v1/metrics/totalRequests
[0] 2026-04-19T01:10:41.740Z - POST /v1/dashboard/scores/query
[0] 2026-04-19T01:10:41.743Z - OPTIONS /v1/metrics/averageTimeToFirstToken
[0] 2026-04-19T01:10:41.745Z - OPTIONS /v1/metrics/totalThreats
[0] 2026-04-19T01:10:41.746Z - OPTIONS /v1/agent/threads
[0] 2026-04-19T01:10:41.747Z - OPTIONS /v1/alert-banner
[0] 2026-04-19T01:10:41.748Z - OPTIONS /v1/organization/setup-demo
[0] 2026-04-19T01:10:41.748Z - OPTIONS /v1/metrics/activeUsers
[0] Session not found for token starting with: 45QPhy7JWU
[0] 401 Unauthorized: Invalid or expired session for path: /v1/metrics/tokensOverTime
[0] POST /v1/metrics/tokensOverTime 401 70 - 10.650 ms
[0] 2026-04-19T01:10:41.751Z - POST /v1/providers
[0] 2026-04-19T01:10:41.753Z - POST /v1/request/count/query
[0] 2026-04-19T01:10:41.754Z - POST /v1/metrics/quantiles
[0] Session not found for token starting with: 45QPhy7JWU
[0] 401 Unauthorized: Invalid or expired session for path: /v1/providers
[0] POST /v1/providers 401 70 - 3.403 ms
[0] 2026-04-19T01:10:41.755Z - POST /v1/metrics/errorOverTime
[0] 2026-04-19T01:10:41.756Z - POST /v1/metrics/requestStatusOverTime
[0] 2026-04-19T01:10:41.757Z - POST /v1/metrics/requestOverTime
[0] Session not found for token starting with: 45QPhy7JWU
[0] 401 Unauthorized: Invalid or expired session for path: /v1/metrics/errorOverTime
[0] POST /v1/metrics/errorOverTime 401 70 - 1.372 ms
[0] 2026-04-19T01:10:41.758Z - POST /v1/metrics/costOverTime
[0] Session not found for token starting with: 45QPhy7JWU
[0] 401 Unauthorized: Invalid or expired session for path: /v1/metrics/costOverTime
[0] POST /v1/metrics/costOverTime 401 70 - 1.074 ms
[0] 2026-04-19T01:10:41.760Z - POST /v1/metrics/latencyOverTime
[0] Session not found for token starting with: 45QPhy7JWU
[0] 401 Unauthorized: Invalid or expired session for path: /v1/metrics/latencyOverTime
[0] POST /v1/metrics/latencyOverTime 401 70 - 3.053 ms
[0] 2026-04-19T01:10:41.764Z - POST /v1/request/count/query
[0] Session not found for token starting with: 45QPhy7JWU
[0] 401 Unauthorized: Invalid or expired session for path: /v1/request/count/query
[0] POST /v1/request/count/query 401 70 - 1.548 ms
[0] 2026-04-19T01:10:41.766Z - POST /v1/metrics/timeToFirstToken
[0] Session not found for token starting with: 45QPhy7JWU
[0] 401 Unauthorized: Invalid or expired session for path: /v1/metrics/timeToFirstToken
[0] POST /v1/metrics/timeToFirstToken 401 70 - 1.656 ms
[0] 2026-04-19T01:10:41.770Z - POST /v1/metrics/usersOverTime
[0] Session not found for token starting with: 45QPhy7JWU
[0] 401 Unauthorized: Invalid or expired session for path: /v1/metrics/usersOverTime
[0] POST /v1/metrics/usersOverTime 401 70 - 18.185 ms
[0] Session not found for token starting with: 45QPhy7JWU
[0] 401 Unauthorized: Invalid or expired session for path: /v1/metrics/requestOverTime
[0] POST /v1/metrics/requestOverTime 401 70 - 32.013 ms
[0] Session not found for token starting with: 45QPhy7JWU
[0] 401 Unauthorized: Invalid or expired session for path: /v1/metrics/requestStatusOverTime
[0] POST /v1/metrics/requestStatusOverTime 401 70 - 32.375 ms
[0] Session not found for token starting with: 45QPhy7JWU
[0] 401 Unauthorized: Invalid or expired session for path: /v1/metrics/quantiles
[0] POST /v1/metrics/quantiles 401 70 - 34.337 ms
[0] Session not found for token starting with: 45QPhy7JWU
[0] 401 Unauthorized: Invalid or expired session for path: /v1/request/count/query
[0] POST /v1/request/count/query 401 70 - 35.184 ms
[0] Session not found for token starting with: 45QPhy7JWU
[0] 401 Unauthorized: Invalid or expired session for path: /v1/dashboard/scores/query
[0] POST /v1/dashboard/scores/query 401 70 - 48.634 ms
[0] 2026-04-19T01:10:41.790Z - OPTIONS /v1/agent/thread/905608d8-6871-4983-b8a8-50152a853f11
[0] 2026-04-19T01:10:41.790Z - POST /v1/metrics/models
[0] 2026-04-19T01:10:41.790Z - POST /v1/metrics/averageLatency
[0] 2026-04-19T01:10:41.791Z - POST /v1/metrics/averageTokensPerRequest
[0] 2026-04-19T01:10:41.791Z - POST /v1/metrics/threatsOverTime
[0] 2026-04-19T01:10:41.791Z - POST /v1/metrics/totalCost
[0] 2026-04-19T01:10:41.791Z - POST /v1/metrics/totalRequests
[0] Session not found for token starting with: 45QPhy7JWU
[0] 401 Unauthorized: Invalid or expired session for path: /v1/metrics/models
[0] POST /v1/metrics/models 401 70 - 2.940 ms
[0] Session not found for token starting with: 45QPhy7JWU
[0] 401 Unauthorized: Invalid or expired session for path: /v1/metrics/averageLatency
[0] POST /v1/metrics/averageLatency 401 70 - 3.095 ms
[0] Session not found for token starting with: 45QPhy7JWU
[0] 401 Unauthorized: Invalid or expired session for path: /v1/metrics/averageTokensPerRequest
[0] POST /v1/metrics/averageTokensPerRequest 401 70 - 3.206 ms
[0] Session not found for token starting with: 45QPhy7JWU
[0] 401 Unauthorized: Invalid or expired session for path: /v1/metrics/threatsOverTime
[0] POST /v1/metrics/threatsOverTime 401 70 - 3.780 ms
[0] Session not found for token starting with: 45QPhy7JWU
[0] 401 Unauthorized: Invalid or expired session for path: /v1/metrics/totalRequests
[0] POST /v1/metrics/totalRequests 401 70 - 4.747 ms
[0] Session not found for token starting with: 45QPhy7JWU
[0] 401 Unauthorized: Invalid or expired session for path: /v1/metrics/totalCost
[0] POST /v1/metrics/totalCost 401 70 - 6.433 ms
[0] 2026-04-19T01:10:41.798Z - POST /v1/metrics/averageTimeToFirstToken
[0] 2026-04-19T01:10:41.800Z - POST /v1/metrics/totalThreats
[0] 2026-04-19T01:10:41.801Z - GET /v1/agent/threads
[0] 2026-04-19T01:10:41.801Z - GET /v1/alert-banner
[0] 2026-04-19T01:10:41.803Z - POST /v1/organization/setup-demo
[0] 2026-04-19T01:10:41.806Z - POST /v1/metrics/activeUsers
[0] Session not found for token starting with: 45QPhy7JWU
[0] 401 Unauthorized: Invalid or expired session for path: /v1/metrics/averageTimeToFirstToken
[0] POST /v1/metrics/averageTimeToFirstToken 401 70 - 7.900 ms
[0] Session not found for token starting with: 45QPhy7JWU
[0] 401 Unauthorized: Invalid or expired session for path: /v1/metrics/totalThreats
[0] POST /v1/metrics/totalThreats 401 70 - 5.929 ms
[0] Session not found for token starting with: 45QPhy7JWU
[0] 401 Unauthorized: Invalid or expired session for path: /v1/agent/threads
[0] GET /v1/agent/threads 401 70 - 5.954 ms
[0] Session not found for token starting with: 45QPhy7JWU
[0] 401 Unauthorized: Invalid or expired session for path: /v1/alert-banner
[0] GET /v1/alert-banner 401 70 - 5.452 ms
[0] Session not found for token starting with: 45QPhy7JWU
[0] 401 Unauthorized: Invalid or expired session for path: /v1/organization/setup-demo
[0] POST /v1/organization/setup-demo 401 70 - 3.218 ms
[0] 2026-04-19T01:10:41.807Z - POST /v1/metrics/country
[0] 2026-04-19T01:10:41.807Z - POST /v1/dashboard/scores/query
[0] Session not found for token starting with: 45QPhy7JWU
[0] 401 Unauthorized: Invalid or expired session for path: /v1/metrics/activeUsers
[0] POST /v1/metrics/activeUsers 401 70 - 2.067 ms
[0] 2026-04-19T01:10:41.808Z - POST /v1/metrics/quantiles
[0] 2026-04-19T01:10:41.808Z - POST /v1/request/count/query
[0] 2026-04-19T01:10:41.808Z - POST /v1/request/count/query
[0] Session not found for token starting with: 45QPhy7JWU
[0] 401 Unauthorized: Invalid or expired session for path: /v1/metrics/quantiles
[0] POST /v1/metrics/quantiles 401 70 - 1.504 ms
[0] 2026-04-19T01:10:41.810Z - POST /v1/metrics/models
[0] Session not found for token starting with: 45QPhy7JWU
[0] 401 Unauthorized: Invalid or expired session for path: /v1/metrics/country
[0] POST /v1/metrics/country 401 70 - 3.053 ms
[0] Session not found for token starting with: 45QPhy7JWU
[0] 401 Unauthorized: Invalid or expired session for path: /v1/dashboard/scores/query
[0] POST /v1/dashboard/scores/query 401 70 - 2.699 ms
[0] 2026-04-19T01:10:41.811Z - POST /v1/providers
[0] Session not found for token starting with: 45QPhy7JWU
[0] 401 Unauthorized: Invalid or expired session for path: /v1/request/count/query
[0] POST /v1/request/count/query 401 70 - 3.796 ms
[0] Session not found for token starting with: 45QPhy7JWU
[0] 401 Unauthorized: Invalid or expired session for path: /v1/request/count/query
[0] POST /v1/request/count/query 401 70 - 4.091 ms
[0] 2026-04-19T01:10:41.813Z - POST /v1/metrics/tokensOverTime
[0] 2026-04-19T01:10:41.813Z - POST /v1/metrics/errorOverTime
[0] Session not found for token starting with: 45QPhy7JWU
[0] 401 Unauthorized: Invalid or expired session for path: /v1/metrics/models
[0] POST /v1/metrics/models 401 70 - 3.185 ms
[0] 2026-04-19T01:10:41.813Z - POST /v1/metrics/requestOverTime
[0] 2026-04-19T01:10:41.813Z - POST /v1/metrics/requestStatusOverTime
[0] 2026-04-19T01:10:41.814Z - POST /v1/metrics/costOverTime
[0] Session not found for token starting with: 45QPhy7JWU
[0] 401 Unauthorized: Invalid or expired session for path: /v1/metrics/errorOverTime
[0] POST /v1/metrics/errorOverTime 401 70 - 0.906 ms
[0] Session not found for token starting with: 45QPhy7JWU
[0] 401 Unauthorized: Invalid or expired session for path: /v1/metrics/tokensOverTime
[0] POST /v1/metrics/tokensOverTime 401 70 - 1.110 ms
[0] Session not found for token starting with: 45QPhy7JWU
[0] 401 Unauthorized: Invalid or expired session for path: /v1/providers
[0] POST /v1/providers 401 70 - 2.754 ms
[0] 2026-04-19T01:10:41.814Z - POST /v1/metrics/latencyOverTime
[0] Session not found for token starting with: 45QPhy7JWU
[0] 401 Unauthorized: Invalid or expired session for path: /v1/metrics/requestStatusOverTime
[0] POST /v1/metrics/requestStatusOverTime 401 70 - 1.017 ms
[0] Session not found for token starting with: 45QPhy7JWU
[0] 401 Unauthorized: Invalid or expired session for path: /v1/metrics/requestOverTime
[0] POST /v1/metrics/requestOverTime 401 70 - 1.225 ms
[0] 2026-04-19T01:10:41.815Z - POST /v1/metrics/usersOverTime
[0] Session not found for token starting with: 45QPhy7JWU
[0] 401 Unauthorized: Invalid or expired session for path: /v1/metrics/costOverTime
[0] POST /v1/metrics/costOverTime 401 70 - 1.131 ms
[0] 2026-04-19T01:10:41.815Z - POST /v1/metrics/timeToFirstToken
[0] 2026-04-19T01:10:41.815Z - POST /v1/metrics/threatsOverTime
[0] Session not found for token starting with: 45QPhy7JWU
[0] 401 Unauthorized: Invalid or expired session for path: /v1/metrics/latencyOverTime
[0] POST /v1/metrics/latencyOverTime 401 70 - 0.905 ms
[0] 2026-04-19T01:10:41.815Z - POST /v1/metrics/totalCost
[0] 2026-04-19T01:10:41.815Z - POST /v1/metrics/totalRequests
[0] Session not found for token starting with: 45QPhy7JWU
[0] 401 Unauthorized: Invalid or expired session for path: /v1/metrics/usersOverTime
[0] POST /v1/metrics/usersOverTime 401 70 - 0.851 ms
[0] 2026-04-19T01:10:41.816Z - POST /v1/metrics/averageLatency
[0] Session not found for token starting with: 45QPhy7JWU
[0] 401 Unauthorized: Invalid or expired session for path: /v1/metrics/timeToFirstToken
[0] POST /v1/metrics/timeToFirstToken 401 70 - 0.831 ms
[0] Session not found for token starting with: 45QPhy7JWU
[0] 401 Unauthorized: Invalid or expired session for path: /v1/metrics/threatsOverTime
[0] POST /v1/metrics/threatsOverTime 401 70 - 0.758 ms
[0] 2026-04-19T01:10:41.816Z - POST /v1/metrics/averageTokensPerRequest
[0] Session not found for token starting with: 45QPhy7JWU
[0] 401 Unauthorized: Invalid or expired session for path: /v1/metrics/totalRequests
[0] POST /v1/metrics/totalRequests 401 70 - 0.608 ms
[0] Session not found for token starting with: 45QPhy7JWU
[0] 401 Unauthorized: Invalid or expired session for path: /v1/metrics/totalCost
[0] POST /v1/metrics/totalCost 401 70 - 0.764 ms
[0] 2026-04-19T01:10:41.816Z - POST /v1/metrics/activeUsers
[0] 2026-04-19T01:10:41.816Z - POST /v1/metrics/averageTimeToFirstToken
[0] Session not found for token starting with: 45QPhy7JWU
[0] 401 Unauthorized: Invalid or expired session for path: /v1/metrics/averageLatency
[0] POST /v1/metrics/averageLatency 401 70 - 1.727 ms
[0] Session not found for token starting with: 45QPhy7JWU
[0] 401 Unauthorized: Invalid or expired session for path: /v1/metrics/averageTokensPerRequest
[0] POST /v1/metrics/averageTokensPerRequest 401 70 - 1.573 ms
[0] 2026-04-19T01:10:41.818Z - POST /v1/metrics/totalThreats
[0] 2026-04-19T01:10:41.818Z - POST /v1/organization/setup-demo
[0] Session not found for token starting with: 45QPhy7JWU
[0] 401 Unauthorized: Invalid or expired session for path: /v1/metrics/activeUsers
[0] POST /v1/metrics/activeUsers 401 70 - 2.159 ms
[0] 2026-04-19T01:10:41.819Z - GET /v1/agent/thread/905608d8-6871-4983-b8a8-50152a853f11
[0] 2026-04-19T01:10:41.819Z - GET /v1/agent/threads
[0] Session not found for token starting with: 45QPhy7JWU
[0] 401 Unauthorized: Invalid or expired session for path: /v1/metrics/averageTimeToFirstToken
[0] POST /v1/metrics/averageTimeToFirstToken 401 70 - 2.555 ms
[0] Session not found for token starting with: 45QPhy7JWU
[0] 401 Unauthorized: Invalid or expired session for path: /v1/metrics/totalThreats
[0] POST /v1/metrics/totalThreats 401 70 - 1.013 ms
[0] 2026-04-19T01:10:41.819Z - GET /v1/alert-banner
[0] Session not found for token starting with: 45QPhy7JWU
[0] 401 Unauthorized: Invalid or expired session for path: /v1/agent/thread/905608d8-6871-4983-b8a8-50152a853f11
[0] GET /v1/agent/thread/905608d8-6871-4983-b8a8-50152a853f11 401 70 - 0.780 ms
[0] Session not found for token starting with: 45QPhy7JWU
[0] 401 Unauthorized: Invalid or expired session for path: /v1/organization/setup-demo
[0] POST /v1/organization/setup-demo 401 70 - 1.031 ms
[0] Session not found for token starting with: 45QPhy7JWU
[0] 401 Unauthorized: Invalid or expired session for path: /v1/agent/threads
[0] GET /v1/agent/threads 401 70 - 0.743 ms
[0] Session not found for token starting with: 45QPhy7JWU
[0] 401 Unauthorized: Invalid or expired session for path: /v1/alert-banner
[0] GET /v1/alert-banner 401 70 - 0.538 ms
[0] 2026-04-19T01:10:42.009Z - GET /v1/organization
[0] Session not found for token starting with: 45QPhy7JWU
[0] 2026-04-19T01:10:42.861Z - POST /v1/metrics/country
[0] 2026-04-19T01:10:42.862Z - GET /v1/agent/thread/905608d8-6871-4983-b8a8-50152a853f11
[0] 2026-04-19T01:10:42.862Z - POST /v1/metrics/quantiles
[0] 2026-04-19T01:10:42.862Z - POST /v1/request/count/query
[0] 2026-04-19T01:10:42.862Z - POST /v1/request/count/query
[0] 2026-04-19T01:10:42.862Z - POST /v1/metrics/models
[0] Session not found for token starting with: 45QPhy7JWU
[0] 401 Unauthorized: Invalid or expired session for path: /v1/metrics/country
[0] POST /v1/metrics/country 401 70 - 2.307 ms
[0] 2026-04-19T01:10:42.865Z - POST /v1/metrics/errorOverTime
[0] Session not found for token starting with: 45QPhy7JWU
[0] 401 Unauthorized: Invalid or expired session for path: /v1/agent/thread/905608d8-6871-4983-b8a8-50152a853f11
[0] GET /v1/agent/thread/905608d8-6871-4983-b8a8-50152a853f11 401 70 - 3.505 ms
[0] Session not found for token starting with: 45QPhy7JWU
[0] 401 Unauthorized: Invalid or expired session for path: /v1/metrics/quantiles
[0] POST /v1/metrics/quantiles 401 70 - 3.444 ms
[0] Session not found for token starting with: 45QPhy7JWU
[0] 401 Unauthorized: Invalid or expired session for path: /v1/request/count/query
[0] POST /v1/request/count/query 401 70 - 3.363 ms
[0] Session not found for token starting with: 45QPhy7JWU
[0] 401 Unauthorized: Invalid or expired session for path: /v1/metrics/models
[0] POST /v1/metrics/models 401 70 - 3.175 ms
[0] Session not found for token starting with: 45QPhy7JWU
[0] 401 Unauthorized: Invalid or expired session for path: /v1/request/count/query
[0] POST /v1/request/count/query 401 70 - 3.337 ms
[0] Session not found for token starting with: 45QPhy7JWU
[0] 401 Unauthorized: Invalid or expired session for path: /v1/metrics/errorOverTime
[0] POST /v1/metrics/errorOverTime 401 70 - 1.078 ms
[0] 2026-04-19T01:10:42.866Z - POST /v1/metrics/tokensOverTime
[0] 2026-04-19T01:10:42.867Z - POST /v1/metrics/requestStatusOverTime
[0] 2026-04-19T01:10:42.867Z - POST /v1/metrics/requestOverTime
[0] 2026-04-19T01:10:42.868Z - POST /v1/metrics/costOverTime
[0] 2026-04-19T01:10:42.868Z - POST /v1/metrics/latencyOverTime
[0] 2026-04-19T01:10:42.869Z - POST /v1/metrics/usersOverTime
[0] Session not found for token starting with: 45QPhy7JWU
[0] 401 Unauthorized: Invalid or expired session for path: /v1/metrics/tokensOverTime
[0] POST /v1/metrics/tokensOverTime 401 70 - 3.609 ms
[0] Session not found for token starting with: 45QPhy7JWU
[0] 401 Unauthorized: Invalid or expired session for path: /v1/metrics/requestOverTime
[0] POST /v1/metrics/requestOverTime 401 70 - 3.405 ms
[0] Session not found for token starting with: 45QPhy7JWU
[0] 401 Unauthorized: Invalid or expired session for path: /v1/metrics/requestStatusOverTime
[0] POST /v1/metrics/requestStatusOverTime 401 70 - 3.695 ms
[0] 2026-04-19T01:10:42.871Z - POST /v1/metrics/timeToFirstToken
[0] 2026-04-19T01:10:42.871Z - POST /v1/metrics/threatsOverTime
[0] Session not found for token starting with: 45QPhy7JWU
[0] 401 Unauthorized: Invalid or expired session for path: /v1/metrics/costOverTime
[0] POST /v1/metrics/costOverTime 401 70 - 3.569 ms
[0] Session not found for token starting with: 45QPhy7JWU
[0] 401 Unauthorized: Invalid or expired session for path: /v1/metrics/usersOverTime
[0] POST /v1/metrics/usersOverTime 401 70 - 2.615 ms
[0] Session not found for token starting with: 45QPhy7JWU
[0] 401 Unauthorized: Invalid or expired session for path: /v1/metrics/latencyOverTime
[0] POST /v1/metrics/latencyOverTime 401 70 - 3.336 ms
[0] 2026-04-19T01:10:42.872Z - POST /v1/metrics/totalRequests
[0] Session not found for token starting with: 45QPhy7JWU
[0] 401 Unauthorized: Invalid or expired session for path: /v1/metrics/timeToFirstToken
[0] POST /v1/metrics/timeToFirstToken 401 70 - 1.284 ms
[0] 2026-04-19T01:10:42.872Z - POST /v1/metrics/totalCost
[0] 2026-04-19T01:10:42.873Z - POST /v1/metrics/averageLatency
[0] 2026-04-19T01:10:42.873Z - POST /v1/metrics/averageTokensPerRequest
[0] 2026-04-19T01:10:42.873Z - POST /v1/metrics/activeUsers
[0] Session not found for token starting with: 45QPhy7JWU
[0] 401 Unauthorized: Invalid or expired session for path: /v1/metrics/threatsOverTime
[0] POST /v1/metrics/threatsOverTime 401 70 - 1.748 ms
[0] Session not found for token starting with: 45QPhy7JWU
[0] 401 Unauthorized: Invalid or expired session for path: /v1/metrics/totalRequests
[0] POST /v1/metrics/totalRequests 401 70 - 1.124 ms
[0] Session not found for token starting with: 45QPhy7JWU
[0] 401 Unauthorized: Invalid or expired session for path: /v1/metrics/totalCost
[0] POST /v1/metrics/totalCost 401 70 - 0.819 ms
[0] Session not found for token starting with: 45QPhy7JWU
[0] 401 Unauthorized: Invalid or expired session for path: /v1/metrics/averageLatency
[0] POST /v1/metrics/averageLatency 401 70 - 0.727 ms
[0] Session not found for token starting with: 45QPhy7JWU
[0] 401 Unauthorized: Invalid or expired session for path: /v1/metrics/averageTokensPerRequest
[0] POST /v1/metrics/averageTokensPerRequest 401 70 - 0.649 ms
[0] 2026-04-19T01:10:42.873Z - POST /v1/metrics/averageTimeToFirstToken
[0] 2026-04-19T01:10:42.874Z - POST /v1/metrics/totalThreats
[0] 2026-04-19T01:10:42.874Z - GET /v1/agent/threads
[0] 2026-04-19T01:10:42.874Z - GET /v1/alert-banner
[0] Session not found for token starting with: 45QPhy7JWU
[0] 401 Unauthorized: Invalid or expired session for path: /v1/metrics/activeUsers
[0] POST /v1/metrics/activeUsers 401 70 - 1.000 ms
[0] Session not found for token starting with: 45QPhy7JWU
[0] 401 Unauthorized: Invalid or expired session for path: /v1/metrics/averageTimeToFirstToken
[0] POST /v1/metrics/averageTimeToFirstToken 401 70 - 0.584 ms
[0] Session not found for token starting with: 45QPhy7JWU
[0] 401 Unauthorized: Invalid or expired session for path: /v1/agent/threads
[0] GET /v1/agent/threads 401 70 - 0.743 ms
[0] Session not found for token starting with: 45QPhy7JWU
[0] 401 Unauthorized: Invalid or expired session for path: /v1/metrics/totalThreats
[0] POST /v1/metrics/totalThreats 401 70 - 0.966 ms
[0] Session not found for token starting with: 45QPhy7JWU
[0] 401 Unauthorized: Invalid or expired session for path: /v1/alert-banner
[0] GET /v1/alert-banner 401 70 - 0.754 ms
[0] 2026-04-19T01:10:43.054Z - GET /v1/organization
[0] Session not found for token starting with: 45QPhy7JWU
[0] 2026-04-19T01:10:44.060Z - OPTIONS /v1/organization
[0] 2026-04-19T01:10:44.061Z - GET /v1/organization
[0] Session not found for token starting with: 45QPhy7JWU
[0] 2026-04-19T01:10:44.868Z - POST /v1/metrics/country
[0] 2026-04-19T01:10:44.869Z - GET /v1/agent/thread/905608d8-6871-4983-b8a8-50152a853f11
[0] 2026-04-19T01:10:44.869Z - POST /v1/metrics/quantiles
[0] 2026-04-19T01:10:44.869Z - POST /v1/request/count/query
[0] 2026-04-19T01:10:44.869Z - POST /v1/metrics/models
[0] 2026-04-19T01:10:44.869Z - POST /v1/request/count/query
[0] Session not found for token starting with: 45QPhy7JWU
[0] 401 Unauthorized: Invalid or expired session for path: /v1/metrics/country
[0] POST /v1/metrics/country 401 70 - 1.673 ms
[0] 2026-04-19T01:10:44.871Z - POST /v1/metrics/errorOverTime
[0] Session not found for token starting with: 45QPhy7JWU
[0] 401 Unauthorized: Invalid or expired session for path: /v1/metrics/models
[0] POST /v1/metrics/models 401 70 - 1.873 ms
[0] Session not found for token starting with: 45QPhy7JWU
[0] 401 Unauthorized: Invalid or expired session for path: /v1/request/count/query
[0] POST /v1/request/count/query 401 70 - 1.870 ms
[0] Session not found for token starting with: 45QPhy7JWU
[0] 401 Unauthorized: Invalid or expired session for path: /v1/metrics/quantiles
[0] POST /v1/metrics/quantiles 401 70 - 2.389 ms
[0] Session not found for token starting with: 45QPhy7JWU
[0] 401 Unauthorized: Invalid or expired session for path: /v1/agent/thread/905608d8-6871-4983-b8a8-50152a853f11
[0] GET /v1/agent/thread/905608d8-6871-4983-b8a8-50152a853f11 401 70 - 2.797 ms
[0] Session not found for token starting with: 45QPhy7JWU
[0] 401 Unauthorized: Invalid or expired session for path: /v1/request/count/query
[0] POST /v1/request/count/query 401 70 - 2.585 ms
[0] 2026-04-19T01:10:44.873Z - POST /v1/metrics/tokensOverTime
[0] 2026-04-19T01:10:44.874Z - POST /v1/metrics/requestOverTime
[0] 2026-04-19T01:10:44.874Z - POST /v1/metrics/requestStatusOverTime
[0] 2026-04-19T01:10:44.875Z - POST /v1/metrics/costOverTime
[0] Session not found for token starting with: 45QPhy7JWU
[0] 401 Unauthorized: Invalid or expired session for path: /v1/metrics/errorOverTime
[0] POST /v1/metrics/errorOverTime 401 70 - 4.587 ms
[0] 2026-04-19T01:10:44.876Z - POST /v1/metrics/usersOverTime
[0] Session not found for token starting with: 45QPhy7JWU
[0] 401 Unauthorized: Invalid or expired session for path: /v1/metrics/tokensOverTime
[0] POST /v1/metrics/tokensOverTime 401 70 - 2.777 ms
[0] 2026-04-19T01:10:44.877Z - POST /v1/metrics/latencyOverTime
[0] 2026-04-19T01:10:44.878Z - POST /v1/metrics/timeToFirstToken
[0] Session not found for token starting with: 45QPhy7JWU
[0] 401 Unauthorized: Invalid or expired session for path: /v1/metrics/usersOverTime
[0] POST /v1/metrics/usersOverTime 401 70 - 2.898 ms
[0] Session not found for token starting with: 45QPhy7JWU
[0] 401 Unauthorized: Invalid or expired session for path: /v1/metrics/costOverTime
[0] POST /v1/metrics/costOverTime 401 70 - 3.688 ms
[0] Session not found for token starting with: 45QPhy7JWU
[0] 401 Unauthorized: Invalid or expired session for path: /v1/metrics/requestOverTime
[0] POST /v1/metrics/requestOverTime 401 70 - 5.328 ms
[0] Session not found for token starting with: 45QPhy7JWU
[0] 401 Unauthorized: Invalid or expired session for path: /v1/metrics/requestStatusOverTime
[0] POST /v1/metrics/requestStatusOverTime 401 70 - 5.414 ms
[0] 2026-04-19T01:10:44.881Z - POST /v1/metrics/threatsOverTime
[0] Session not found for token starting with: 45QPhy7JWU
[0] 401 Unauthorized: Invalid or expired session for path: /v1/metrics/latencyOverTime
[0] POST /v1/metrics/latencyOverTime 401 70 - 3.919 ms
[0] 2026-04-19T01:10:44.881Z - POST /v1/metrics/totalRequests
[0] 2026-04-19T01:10:44.881Z - POST /v1/metrics/totalCost
[0] 2026-04-19T01:10:44.883Z - POST /v1/metrics/averageLatency
[0] 2026-04-19T01:10:44.884Z - POST /v1/metrics/averageTokensPerRequest
[0] Session not found for token starting with: 45QPhy7JWU
[0] 401 Unauthorized: Invalid or expired session for path: /v1/metrics/timeToFirstToken
[0] POST /v1/metrics/timeToFirstToken 401 70 - 5.964 ms
[0] Session not found for token starting with: 45QPhy7JWU
[0] 401 Unauthorized: Invalid or expired session for path: /v1/metrics/threatsOverTime
[0] POST /v1/metrics/threatsOverTime 401 70 - 4.614 ms
[0] Session not found for token starting with: 45QPhy7JWU
[0] 401 Unauthorized: Invalid or expired session for path: /v1/metrics/totalRequests
[0] POST /v1/metrics/totalRequests 401 70 - 4.493 ms
[0] Session not found for token starting with: 45QPhy7JWU
[0] 401 Unauthorized: Invalid or expired session for path: /v1/metrics/totalCost
[0] POST /v1/metrics/totalCost 401 70 - 4.145 ms
[0] 2026-04-19T01:10:44.886Z - POST /v1/metrics/activeUsers
[0] 2026-04-19T01:10:44.887Z - POST /v1/metrics/averageTimeToFirstToken
[0] 2026-04-19T01:10:44.888Z - GET /v1/agent/threads
[0] 2026-04-19T01:10:44.888Z - GET /v1/alert-banner
[0] Session not found for token starting with: 45QPhy7JWU
[0] 401 Unauthorized: Invalid or expired session for path: /v1/metrics/averageLatency
[0] POST /v1/metrics/averageLatency 401 70 - 4.818 ms
[0] Session not found for token starting with: 45QPhy7JWU
[0] 401 Unauthorized: Invalid or expired session for path: /v1/metrics/averageTokensPerRequest
[0] POST /v1/metrics/averageTokensPerRequest 401 70 - 3.941 ms
[0] Session not found for token starting with: 45QPhy7JWU
[0] 401 Unauthorized: Invalid or expired session for path: /v1/metrics/activeUsers
[0] POST /v1/metrics/activeUsers 401 70 - 2.218 ms
[0] 2026-04-19T01:10:44.889Z - POST /v1/metrics/totalThreats
[0] Session not found for token starting with: 45QPhy7JWU
[0] 401 Unauthorized: Invalid or expired session for path: /v1/agent/threads
[0] GET /v1/agent/threads 401 70 - 2.047 ms
[0] Session not found for token starting with: 45QPhy7JWU
[0] 401 Unauthorized: Invalid or expired session for path: /v1/metrics/averageTimeToFirstToken
[0] POST /v1/metrics/averageTimeToFirstToken 401 70 - 2.434 ms
[0] Session not found for token starting with: 45QPhy7JWU
[0] 401 Unauthorized: Invalid or expired session for path: /v1/alert-banner
[0] GET /v1/alert-banner 401 70 - 2.115 ms
[0] Session not found for token starting with: 45QPhy7JWU
[0] 401 Unauthorized: Invalid or expired session for path: /v1/metrics/totalThreats
[0] POST /v1/metrics/totalThreats 401 70 - 1.606 ms
[0] 2026-04-19T01:10:45.075Z - GET /v1/organization
[0] Session not found for token starting with: 45QPhy7JWU
[0] 2026-04-19T01:10:46.087Z - GET /v1/organization
[0] Session not found for token starting with: 45QPhy7JWU
[0] 2026-04-19T01:10:47.098Z - GET /v1/organization
[0] Session not found for token starting with: 45QPhy7JWU
[0] 2026-04-19T01:10:48.104Z - GET /v1/organization
[0] Session not found for token starting with: 45QPhy7JWU
[0] 2026-04-19T01:10:48.878Z - OPTIONS /v1/metrics/country
[0] 2026-04-19T01:10:48.880Z - OPTIONS /v1/metrics/models
[0] 2026-04-19T01:10:48.881Z - OPTIONS /v1/request/count/query
[0] 2026-04-19T01:10:48.884Z - OPTIONS /v1/metrics/quantiles
[0] 2026-04-19T01:10:48.884Z - OPTIONS /v1/request/count/query
[0] 2026-04-19T01:10:48.884Z - OPTIONS /v1/metrics/errorOverTime
[0] 2026-04-19T01:10:48.884Z - OPTIONS /v1/agent/thread/905608d8-6871-4983-b8a8-50152a853f11
[0] 2026-04-19T01:10:48.885Z - OPTIONS /v1/metrics/tokensOverTime
[0] 2026-04-19T01:10:48.885Z - POST /v1/metrics/country
[0] 2026-04-19T01:10:48.889Z - POST /v1/metrics/models
[0] 2026-04-19T01:10:48.890Z - OPTIONS /v1/metrics/latencyOverTime
[0] 2026-04-19T01:10:48.890Z - OPTIONS /v1/metrics/requestStatusOverTime
[0] 2026-04-19T01:10:48.890Z - OPTIONS /v1/metrics/requestOverTime
[0] 2026-04-19T01:10:48.891Z - OPTIONS /v1/metrics/costOverTime
[0] 2026-04-19T01:10:48.891Z - POST /v1/request/count/query
[0] 2026-04-19T01:10:48.891Z - OPTIONS /v1/metrics/usersOverTime
[0] 2026-04-19T01:10:48.891Z - POST /v1/metrics/quantiles
[0] 2026-04-19T01:10:48.891Z - POST /v1/request/count/query
[0] 2026-04-19T01:10:48.891Z - POST /v1/metrics/errorOverTime
[0] 2026-04-19T01:10:48.892Z - OPTIONS /v1/metrics/timeToFirstToken
[0] 2026-04-19T01:10:48.892Z - OPTIONS /v1/metrics/threatsOverTime
[0] 2026-04-19T01:10:48.892Z - OPTIONS /v1/metrics/totalRequests
[0] 2026-04-19T01:10:48.892Z - OPTIONS /v1/metrics/totalCost
[0] 2026-04-19T01:10:48.893Z - OPTIONS /v1/metrics/averageLatency
[0] 2026-04-19T01:10:48.893Z - OPTIONS /v1/metrics/averageTokensPerRequest
[0] 2026-04-19T01:10:48.894Z - OPTIONS /v1/agent/threads
[0] 2026-04-19T01:10:48.894Z - OPTIONS /v1/metrics/averageTimeToFirstToken
[0] 2026-04-19T01:10:48.895Z - OPTIONS /v1/alert-banner
[0] 2026-04-19T01:10:48.895Z - OPTIONS /v1/metrics/totalThreats
[0] Session not found for token starting with: 45QPhy7JWU
[0] 401 Unauthorized: Invalid or expired session for path: /v1/metrics/models
[0] POST /v1/metrics/models 401 70 - 6.531 ms
[0] 2026-04-19T01:10:48.896Z - OPTIONS /v1/metrics/activeUsers
[0] Session not found for token starting with: 45QPhy7JWU
[0] 401 Unauthorized: Invalid or expired session for path: /v1/metrics/country
[0] POST /v1/metrics/country 401 70 - 8.382 ms
[0] Session not found for token starting with: 45QPhy7JWU
[0] 401 Unauthorized: Invalid or expired session for path: /v1/request/count/query
[0] POST /v1/request/count/query 401 70 - 4.991 ms
[0] Session not found for token starting with: 45QPhy7JWU
[0] 401 Unauthorized: Invalid or expired session for path: /v1/metrics/errorOverTime
[0] POST /v1/metrics/errorOverTime 401 70 - 4.929 ms
[0] Session not found for token starting with: 45QPhy7JWU
[0] 401 Unauthorized: Invalid or expired session for path: /v1/request/count/query
[0] POST /v1/request/count/query 401 70 - 5.637 ms
[0] Session not found for token starting with: 45QPhy7JWU
[0] 401 Unauthorized: Invalid or expired session for path: /v1/metrics/quantiles
[0] POST /v1/metrics/quantiles 401 70 - 5.684 ms
[0] 2026-04-19T01:10:48.897Z - GET /v1/agent/thread/905608d8-6871-4983-b8a8-50152a853f11
[0] 2026-04-19T01:10:48.898Z - POST /v1/metrics/tokensOverTime
[0] 2026-04-19T01:10:48.898Z - POST /v1/metrics/latencyOverTime
[0] 2026-04-19T01:10:48.900Z - POST /v1/metrics/requestStatusOverTime
[0] 2026-04-19T01:10:48.901Z - POST /v1/metrics/requestOverTime
[0] 2026-04-19T01:10:48.903Z - POST /v1/metrics/costOverTime
[0] Session not found for token starting with: 45QPhy7JWU
[0] 401 Unauthorized: Invalid or expired session for path: /v1/metrics/latencyOverTime
[0] POST /v1/metrics/latencyOverTime 401 70 - 6.046 ms
[0] Session not found for token starting with: 45QPhy7JWU
[0] 401 Unauthorized: Invalid or expired session for path: /v1/metrics/requestOverTime
[0] POST /v1/metrics/requestOverTime 401 70 - 3.496 ms
[0] Session not found for token starting with: 45QPhy7JWU
[0] 401 Unauthorized: Invalid or expired session for path: /v1/metrics/tokensOverTime
[0] POST /v1/metrics/tokensOverTime 401 70 - 6.640 ms
[0] Session not found for token starting with: 45QPhy7JWU
[0] 401 Unauthorized: Invalid or expired session for path: /v1/agent/thread/905608d8-6871-4983-b8a8-50152a853f11
[0] GET /v1/agent/thread/905608d8-6871-4983-b8a8-50152a853f11 401 70 - 8.075 ms
[0] Session not found for token starting with: 45QPhy7JWU
[0] 401 Unauthorized: Invalid or expired session for path: /v1/metrics/requestStatusOverTime
[0] POST /v1/metrics/requestStatusOverTime 401 70 - 5.269 ms
[0] Session not found for token starting with: 45QPhy7JWU
[0] 401 Unauthorized: Invalid or expired session for path: /v1/metrics/costOverTime
[0] POST /v1/metrics/costOverTime 401 70 - 1.994 ms
[0] 2026-04-19T01:10:48.907Z - POST /v1/metrics/usersOverTime
[0] 2026-04-19T01:10:48.908Z - POST /v1/metrics/timeToFirstToken
[0] 2026-04-19T01:10:48.909Z - POST /v1/metrics/threatsOverTime
[0] 2026-04-19T01:10:48.910Z - POST /v1/metrics/totalRequests
[0] 2026-04-19T01:10:48.910Z - POST /v1/metrics/totalCost
[0] 2026-04-19T01:10:48.910Z - POST /v1/metrics/averageLatency
[0] Session not found for token starting with: 45QPhy7JWU
[0] 401 Unauthorized: Invalid or expired session for path: /v1/metrics/timeToFirstToken
[0] POST /v1/metrics/timeToFirstToken 401 70 - 4.949 ms
[0] Session not found for token starting with: 45QPhy7JWU
[0] 401 Unauthorized: Invalid or expired session for path: /v1/metrics/usersOverTime
[0] POST /v1/metrics/usersOverTime 401 70 - 6.092 ms
[0] Session not found for token starting with: 45QPhy7JWU
[0] 401 Unauthorized: Invalid or expired session for path: /v1/metrics/threatsOverTime
[0] POST /v1/metrics/threatsOverTime 401 70 - 4.197 ms
[0] Session not found for token starting with: 45QPhy7JWU
[0] 401 Unauthorized: Invalid or expired session for path: /v1/metrics/totalRequests
[0] POST /v1/metrics/totalRequests 401 70 - 3.936 ms
[0] Session not found for token starting with: 45QPhy7JWU
[0] 401 Unauthorized: Invalid or expired session for path: /v1/metrics/averageLatency
[0] POST /v1/metrics/averageLatency 401 70 - 3.313 ms
[0] Session not found for token starting with: 45QPhy7JWU
[0] 401 Unauthorized: Invalid or expired session for path: /v1/metrics/totalCost
[0] POST /v1/metrics/totalCost 401 70 - 3.717 ms
[0] 2026-04-19T01:10:48.914Z - POST /v1/metrics/averageTokensPerRequest
[0] 2026-04-19T01:10:48.915Z - GET /v1/agent/threads
[0] 2026-04-19T01:10:48.915Z - POST /v1/metrics/averageTimeToFirstToken
[0] 2026-04-19T01:10:48.915Z - GET /v1/alert-banner
[0] 2026-04-19T01:10:48.915Z - POST /v1/metrics/totalThreats
[0] 2026-04-19T01:10:48.915Z - POST /v1/metrics/activeUsers
[0] Session not found for token starting with: 45QPhy7JWU
[0] 401 Unauthorized: Invalid or expired session for path: /v1/metrics/averageTokensPerRequest
[0] POST /v1/metrics/averageTokensPerRequest 401 70 - 1.307 ms
[0] Session not found for token starting with: 45QPhy7JWU
[0] 401 Unauthorized: Invalid or expired session for path: /v1/alert-banner
[0] GET /v1/alert-banner 401 70 - 0.881 ms
[0] Session not found for token starting with: 45QPhy7JWU
[0] 401 Unauthorized: Invalid or expired session for path: /v1/agent/threads
[0] GET /v1/agent/threads 401 70 - 1.251 ms
[0] Session not found for token starting with: 45QPhy7JWU
[0] 401 Unauthorized: Invalid or expired session for path: /v1/metrics/averageTimeToFirstToken
[0] POST /v1/metrics/averageTimeToFirstToken 401 70 - 1.143 ms
[0] Session not found for token starting with: 45QPhy7JWU
[0] 401 Unauthorized: Invalid or expired session for path: /v1/metrics/activeUsers
[0] POST /v1/metrics/activeUsers 401 70 - 0.867 ms
[0] Session not found for token starting with: 45QPhy7JWU
[0] 401 Unauthorized: Invalid or expired session for path: /v1/metrics/totalThreats
[0] POST /v1/metrics/totalThreats 401 70 - 1.104 ms
[0] 2026-04-19T01:10:49.113Z - OPTIONS /v1/organization
[0] 2026-04-19T01:10:49.114Z - GET /v1/organization
[0] Session not found for token starting with: 45QPhy7JWU
[0] 2026-04-19T01:10:50.121Z - GET /v1/organization
[0] Session not found for token starting with: 45QPhy7JWU
[0] 2026-04-19T01:10:51.130Z - GET /v1/organization
[0] Session not found for token starting with: 45QPhy7JWU
[0] 2026-04-19T01:10:52.158Z - GET /v1/organization
[0] Session not found for token starting with: 45QPhy7JWU
[0] 2026-04-19T01:10:53.166Z - GET /v1/organization
[0] Session not found for token starting with: 45QPhy7JWU
[0] 2026-04-19T01:10:54.176Z - OPTIONS /v1/organization
[0] 2026-04-19T01:10:54.178Z - GET /v1/organization
[0] Session not found for token starting with: 45QPhy7JWU
[0] 2026-04-19T01:10:55.188Z - GET /v1/organization
[0] Session not found for token starting with: 45QPhy7JWU
[0] 2026-04-19T01:10:56.196Z - GET /v1/organization
[0] Session not found for token starting with: 45QPhy7JWU
[0] 2026-04-19T01:10:57.202Z - GET /v1/organization
[0] Session not found for token starting with: 45QPhy7JWU
[0] 2026-04-19T01:10:58.213Z - GET /v1/organization
[0] Session not found for token starting with: 45QPhy7JWU
[0] 2026-04-19T01:10:59.221Z - OPTIONS /v1/organization
[0] 2026-04-19T01:10:59.222Z - GET /v1/organization
[0] Session not found for token starting with: 45QPhy7JWU
[0] 2026-04-19T01:11:00.230Z - GET /v1/organization
[0] Session not found for token starting with: 45QPhy7JWU
[0] 2026-04-19T01:11:01.239Z - GET /v1/organization
[0] Session not found for token starting with: 45QPhy7JWU
[0] 2026-04-19T01:11:02.247Z - GET /v1/organization
[0] Session not found for token starting with: 45QPhy7JWU
[0] 2026-04-19T01:11:03.255Z - GET /v1/organization
[0] Session not found for token starting with: 45QPhy7JWU
[0] 2026-04-19T01:11:04.264Z - OPTIONS /v1/organization
[0] 2026-04-19T01:11:04.266Z - GET /v1/organization
[0] Session not found for token starting with: 45QPhy7JWU
[0] 2026-04-19T01:11:05.273Z - GET /v1/organization
[0] Session not found for token starting with: 45QPhy7JWU
[0] 2026-04-19T01:11:06.280Z - GET /v1/organization
[0] Session not found for token starting with: 45QPhy7JWU
[0] 2026-04-19T01:11:07.288Z - GET /v1/organization
[0] Session not found for token starting with: 45QPhy7JWU
[0] 2026-04-19T01:11:08.294Z - GET /v1/organization
[0] Session not found for token starting with: 45QPhy7JWU
[0] 2026-04-19T01:11:09.302Z - OPTIONS /v1/organization
[0] 2026-04-19T01:11:09.304Z - GET /v1/organization
[0] Session not found for token starting with: 45QPhy7JWU
[0] 2026-04-19T01:11:10.310Z - GET /v1/organization
[0] Session not found for token starting with: 45QPhy7JWU
[0] 2026-04-19T01:11:11.316Z - GET /v1/organization
[0] Session not found for token starting with: 45QPhy7JWU
[0] 2026-04-19T01:11:12.324Z - GET /v1/organization
[0] Session not found for token starting with: 45QPhy7JWU
[0] 2026-04-19T01:11:13.332Z - GET /v1/organization
[0] Session not found for token starting with: 45QPhy7JWU
[0] 2026-04-19T01:11:14.339Z - OPTIONS /v1/organization
[0] 2026-04-19T01:11:14.341Z - GET /v1/organization
[0] Session not found for token starting with: 45QPhy7JWU
[0] 2026-04-19T01:11:15.347Z - GET /v1/organization
[0] Session not found for token starting with: 45QPhy7JWU
[0] 2026-04-19T01:11:16.355Z - GET /v1/organization
[0] Session not found for token starting with: 45QPhy7JWU
[0] 2026-04-19T01:11:17.361Z - GET /v1/organization
[0] Session not found for token starting with: 45QPhy7JWU
[0] 2026-04-19T01:11:18.368Z - GET /v1/organization
[0] Session not found for token starting with: 45QPhy7JWU
[0] 2026-04-19T01:11:19.376Z - OPTIONS /v1/organization
[0] 2026-04-19T01:11:19.377Z - GET /v1/organization
[0] Session not found for token starting with: 45QPhy7JWU
[0] 2026-04-19T01:11:20.388Z - GET /v1/organization
[0] Session not found for token starting with: 45QPhy7JWU
[0] 2026-04-19T01:11:21.397Z - GET /v1/organization
[0] Session not found for token starting with: 45QPhy7JWU
[0] 2026-04-19T01:11:22.406Z - GET /v1/organization
[0] Session not found for token starting with: 45QPhy7JWU
[0] 2026-04-19T01:11:23.412Z - GET /v1/organization
[0] Session not found for token starting with: 45QPhy7JWU
[0] 2026-04-19T01:11:24.420Z - OPTIONS /v1/organization
[0] 2026-04-19T01:11:24.422Z - GET /v1/organization
[0] Session not found for token starting with: 45QPhy7JWU
[0] 2026-04-19T01:11:25.429Z - GET /v1/organization
[0] Session not found for token starting with: 45QPhy7JWU
[0] 2026-04-19T01:11:26.436Z - GET /v1/organization
[0] Session not found for token starting with: 45QPhy7JWU
[0] 2026-04-19T01:11:27.444Z - GET /v1/organization
[0] Session not found for token starting with: 45QPhy7JWU
[0] 2026-04-19T01:11:28.452Z - GET /v1/organization
[0] Session not found for token starting with: 45QPhy7JWU
[0] 2026-04-19T01:11:29.460Z - OPTIONS /v1/organization
[0] 2026-04-19T01:11:29.462Z - GET /v1/organization
[0] Session not found for token starting with: 45QPhy7JWU
[0] 2026-04-19T01:11:30.470Z - GET /v1/organization
[0] Session not found for token starting with: 45QPhy7JWU
[0] 2026-04-19T01:11:31.478Z - GET /v1/organization
[0] Session not found for token starting with: 45QPhy7JWU
[0] 2026-04-19T01:11:32.485Z - GET /v1/organization
[0] Session not found for token starting with: 45QPhy7JWU
[0] 2026-04-19T01:11:33.492Z - GET /v1/organization
[0] Session not found for token starting with: 45QPhy7JWU
[0] 2026-04-19T01:11:34.499Z - OPTIONS /v1/organization
[0] 2026-04-19T01:11:34.500Z - GET /v1/organization
[0] Session not found for token starting with: 45QPhy7JWU
[0] 2026-04-19T01:11:35.508Z - GET /v1/organization
[0] Session not found for token starting with: 45QPhy7JWU
[0] 2026-04-19T01:11:36.516Z - GET /v1/organization
[0] Session not found for token starting with: 45QPhy7JWU
[0] 2026-04-19T01:11:37.529Z - GET /v1/organization
[0] Session not found for token starting with: 45QPhy7JWU
[0] 2026-04-19T01:11:38.537Z - GET /v1/organization
[0] Session not found for token starting with: 45QPhy7JWU
[0] 2026-04-19T01:11:39.544Z - OPTIONS /v1/organization
[0] 2026-04-19T01:11:39.546Z - GET /v1/organization
[0] Session not found for token starting with: 45QPhy7JWU
[0] 2026-04-19T01:11:40.554Z - GET /v1/organization
[0] Session not found for token starting with: 45QPhy7JWU
[0] 2026-04-19T01:11:41.562Z - GET /v1/organization
[0] Session not found for token starting with: 45QPhy7JWU
[0] 2026-04-19T01:11:42.570Z - GET /v1/organization
[0] Session not found for token starting with: 45QPhy7JWU
[0] 2026-04-19T01:11:43.575Z - GET /v1/organization
[0] Session not found for token starting with: 45QPhy7JWU
[0] 2026-04-19T01:11:44.582Z - OPTIONS /v1/organization
[0] 2026-04-19T01:11:44.584Z - GET /v1/organization
[0] Session not found for token starting with: 45QPhy7JWU
[0] 2026-04-19T01:11:45.594Z - GET /v1/organization
[0] Session not found for token starting with: 45QPhy7JWU
[0] 2026-04-19T01:11:46.604Z - GET /v1/organization
[0] Session not found for token starting with: 45QPhy7JWU
[0] 2026-04-19T01:11:47.611Z - GET /v1/organization
[0] Session not found for token starting with: 45QPhy7JWU
[0] 2026-04-19T01:11:48.619Z - GET /v1/organization
[0] Session not found for token starting with: 45QPhy7JWU
[0] 2026-04-19T01:11:49.627Z - OPTIONS /v1/organization
[0] 2026-04-19T01:11:49.628Z - GET /v1/organization
[0] Session not found for token starting with: 45QPhy7JWU
[0] 2026-04-19T01:11:50.636Z - GET /v1/organization
[0] Session not found for token starting with: 45QPhy7JWU
[0] 2026-04-19T01:11:51.642Z - GET /v1/organization
[0] Session not found for token starting with: 45QPhy7JWU
[0] 2026-04-19T01:11:52.649Z - GET /v1/organization
[0] Session not found for token starting with: 45QPhy7JWU
[0] 2026-04-19T01:11:53.657Z - GET /v1/organization
[0] Session not found for token starting with: 45QPhy7JWU
[0] 2026-04-19T01:11:54.664Z - OPTIONS /v1/organization
[0] 2026-04-19T01:11:54.665Z - GET /v1/organization
[0] Session not found for token starting with: 45QPhy7JWU
[0] 2026-04-19T01:11:55.671Z - GET /v1/organization
[0] Session not found for token starting with: 45QPhy7JWU
[0] 2026-04-19T01:11:56.678Z - GET /v1/organization
[0] Session not found for token starting with: 45QPhy7JWU
[0] 2026-04-19T01:11:57.689Z - GET /v1/organization
[0] Session not found for token starting with: 45QPhy7JWU
[0] 2026-04-19T01:11:58.699Z - GET /v1/organization
[0] Session not found for token starting with: 45QPhy7JWU
[0] 2026-04-19T01:11:59.708Z - OPTIONS /v1/organization
[0] 2026-04-19T01:11:59.710Z - GET /v1/organization
[0] Session not found for token starting with: 45QPhy7JWU
[0] 2026-04-19T01:12:00.717Z - GET /v1/organization
[0] Session not found for token starting with: 45QPhy7JWU
[0] 2026-04-19T01:12:01.725Z - GET /v1/organization
[0] Session not found for token starting with: 45QPhy7JWU
[0] 2026-04-19T01:12:02.732Z - GET /v1/organization
[0] Session not found for token starting with: 45QPhy7JWU
[0] 2026-04-19T01:12:03.746Z - GET /v1/organization
[0] Session not found for token starting with: 45QPhy7JWU
[0] 2026-04-19T01:12:04.752Z - OPTIONS /v1/organization
[0] 2026-04-19T01:12:04.754Z - GET /v1/organization
[0] Session not found for token starting with: 45QPhy7JWU
[0] 2026-04-19T01:12:05.761Z - GET /v1/organization
[0] Session not found for token starting with: 45QPhy7JWU
[0] 2026-04-19T01:12:06.768Z - GET /v1/organization
[0] Session not found for token starting with: 45QPhy7JWU
[0] 2026-04-19T01:12:07.776Z - GET /v1/organization
[0] Session not found for token starting with: 45QPhy7JWU
[0] 2026-04-19T01:12:08.782Z - GET /v1/organization
[0] Session not found for token starting with: 45QPhy7JWU
[0] 2026-04-19T01:12:09.790Z - OPTIONS /v1/organization
[0] 2026-04-19T01:12:09.791Z - GET /v1/organization
[0] Session not found for token starting with: 45QPhy7JWU
[0] 2026-04-19T01:12:10.798Z - GET /v1/organization
[0] Session not found for token starting with: 45QPhy7JWU
[0] 2026-04-19T01:12:11.810Z - GET /v1/organization
[0] Session not found for token starting with: 45QPhy7JWU
[0] 2026-04-19T01:12:12.819Z - GET /v1/organization
[0] Session not found for token starting with: 45QPhy7JWU
[0] 2026-04-19T01:12:13.827Z - GET /v1/organization
[0] Session not found for token starting with: 45QPhy7JWU
[0] 2026-04-19T01:12:14.834Z - OPTIONS /v1/organization
[0] 2026-04-19T01:12:14.836Z - GET /v1/organization
[0] Session not found for token starting with: 45QPhy7JWU
[0] 2026-04-19T01:12:15.844Z - GET /v1/organization
[0] Session not found for token starting with: 45QPhy7JWU
[0] 2026-04-19T01:12:16.851Z - GET /v1/organization
[0] Session not found for token starting with: 45QPhy7JWU
[0] 2026-04-19T01:12:17.858Z - GET /v1/organization
[0] Session not found for token starting with: 45QPhy7JWU
[0] 2026-04-19T01:12:18.866Z - GET /v1/organization
[0] Session not found for token starting with: 45QPhy7JWU
[0] 2026-04-19T01:12:19.875Z - OPTIONS /v1/organization
[0] 2026-04-19T01:12:19.877Z - GET /v1/organization
[0] Session not found for token starting with: 45QPhy7JWU
[0] 2026-04-19T01:12:20.884Z - GET /v1/organization
[0] Session not found for token starting with: 45QPhy7JWU
[0] 2026-04-19T01:12:21.891Z - GET /v1/organization
[0] Session not found for token starting with: 45QPhy7JWU
[0] 2026-04-19T01:12:22.901Z - GET /v1/organization
[0] Session not found for token starting with: 45QPhy7JWU
[0] 2026-04-19T01:12:23.907Z - GET /v1/organization
[0] Session not found for token starting with: 45QPhy7JWU
[0] 2026-04-19T01:12:24.916Z - OPTIONS /v1/organization
[0] 2026-04-19T01:12:24.918Z - GET /v1/organization
[0] Session not found for token starting with: 45QPhy7JWU
[0] 2026-04-19T01:12:25.925Z - GET /v1/organization
[0] Session not found for token starting with: 45QPhy7JWU
[0] 2026-04-19T01:12:26.933Z - GET /v1/organization
[0] Session not found for token starting with: 45QPhy7JWU
[0] 2026-04-19T01:12:27.941Z - GET /v1/organization
[0] Session not found for token starting with: 45QPhy7JWU
[0] 2026-04-19T01:12:28.947Z - GET /v1/organization
[0] Session not found for token starting with: 45QPhy7JWU
[0] 2026-04-19T01:12:29.955Z - OPTIONS /v1/organization
[0] 2026-04-19T01:12:29.957Z - GET /v1/organization
[0] Session not found for token starting with: 45QPhy7JWU
[0] 2026-04-19T01:12:30.965Z - GET /v1/organization
[0] Session not found for token starting with: 45QPhy7JWU
[0] 2026-04-19T01:12:31.972Z - GET /v1/organization
[0] Session not found for token starting with: 45QPhy7JWU
[0] 2026-04-19T01:12:32.980Z - GET /v1/organization
[0] Session not found for token starting with: 45QPhy7JWU
[0] 2026-04-19T01:12:33.987Z - GET /v1/organization
[0] Session not found for token starting with: 45QPhy7JWU
[0] 2026-04-19T01:12:34.995Z - OPTIONS /v1/organization
[0] 2026-04-19T01:12:34.998Z - GET /v1/organization
[0] Session not found for token starting with: 45QPhy7JWU
[0] 2026-04-19T01:12:36.006Z - GET /v1/organization
[0] Session not found for token starting with: 45QPhy7JWU
[0] 2026-04-19T01:12:37.013Z - GET /v1/organization
[0] Session not found for token starting with: 45QPhy7JWU
[0] 2026-04-19T01:12:38.020Z - GET /v1/organization
[0] Session not found for token starting with: 45QPhy7JWU
[0] 2026-04-19T01:12:39.027Z - GET /v1/organization
[0] Session not found for token starting with: 45QPhy7JWU
[0] 2026-04-19T01:12:40.034Z - OPTIONS /v1/organization
[0] 2026-04-19T01:12:40.037Z - GET /v1/organization
[0] Session not found for token starting with: 45QPhy7JWU
[0] 2026-04-19T01:12:41.046Z - GET /v1/organization
[0] Session not found for token starting with: 45QPhy7JWU
[0] 2026-04-19T01:12:42.055Z - GET /v1/organization
[0] Session not found for token starting with: 45QPhy7JWU
[0] 2026-04-19T01:12:43.064Z - GET /v1/organization
[0] Session not found for token starting with: 45QPhy7JWU
[0] 2026-04-19T01:12:44.076Z - GET /v1/organization
[0] Session not found for token starting with: 45QPhy7JWU
[0] 2026-04-19T01:12:45.094Z - OPTIONS /v1/organization
[0] 2026-04-19T01:12:45.096Z - GET /v1/organization
[0] Session not found for token starting with: 45QPhy7JWU
[0] 2026-04-19T01:12:46.105Z - GET /v1/organization
[0] Session not found for token starting with: 45QPhy7JWU
[0] 2026-04-19T01:12:47.113Z - GET /v1/organization
[0] Session not found for token starting with: 45QPhy7JWU
[0] 2026-04-19T01:12:48.119Z - GET /v1/organization
[0] Session not found for token starting with: 45QPhy7JWU
[0] 2026-04-19T01:12:49.126Z - GET /v1/organization
[0] Session not found for token starting with: 45QPhy7JWU
[0] 2026-04-19T01:12:50.132Z - OPTIONS /v1/organization
[0] 2026-04-19T01:12:50.133Z - GET /v1/organization
[0] Session not found for token starting with: 45QPhy7JWU
[0] 2026-04-19T01:12:51.141Z - GET /v1/organization
[0] Session not found for token starting with: 45QPhy7JWU
[0] 2026-04-19T01:12:52.147Z - GET /v1/organization
[0] Session not found for token starting with: 45QPhy7JWU
[0] 2026-04-19T01:12:53.154Z - GET /v1/organization
[0] Session not found for token starting with: 45QPhy7JWU
[0] 2026-04-19T01:12:54.162Z - GET /v1/organization
[0] Session not found for token starting with: 45QPhy7JWU
[0] 2026-04-19T01:12:55.171Z - OPTIONS /v1/organization
[0] 2026-04-19T01:12:55.173Z - GET /v1/organization
[0] Session not found for token starting with: 45QPhy7JWU
[0] 2026-04-19T01:12:56.181Z - GET /v1/organization
[0] Session not found for token starting with: 45QPhy7JWU
[0] 2026-04-19T01:12:57.190Z - GET /v1/organization
[0] Session not found for token starting with: 45QPhy7JWU
[0] 2026-04-19T01:12:58.203Z - GET /v1/organization
[0] Session not found for token starting with: 45QPhy7JWU
[0] 2026-04-19T01:12:59.212Z - GET /v1/organization
[0] Session not found for token starting with: 45QPhy7JWU
[0] 2026-04-19T01:13:00.219Z - OPTIONS /v1/organization
[0] 2026-04-19T01:13:00.220Z - GET /v1/organization
[0] Session not found for token starting with: 45QPhy7JWU
[0] 2026-04-19T01:13:01.240Z - GET /v1/organization
[0] Session not found for token starting with: 45QPhy7JWU
[0] 2026-04-19T01:13:02.248Z - GET /v1/organization
[0] Session not found for token starting with: 45QPhy7JWU
[0] 2026-04-19T01:13:03.258Z - GET /v1/organization
[0] Session not found for token starting with: 45QPhy7JWU
[0] 2026-04-19T01:13:04.266Z - GET /v1/organization
[0] Session not found for token starting with: 45QPhy7JWU
[0] 2026-04-19T01:13:05.274Z - OPTIONS /v1/organization
[0] 2026-04-19T01:13:05.276Z - GET /v1/organization
[0] Session not found for token starting with: 45QPhy7JWU
[0] 2026-04-19T01:13:06.284Z - GET /v1/organization
[0] Session not found for token starting with: 45QPhy7JWU
[0] 2026-04-19T01:13:07.292Z - GET /v1/organization
[0] Session not found for token starting with: 45QPhy7JWU
[0] 2026-04-19T01:13:08.299Z - GET /v1/organization
[0] Session not found for token starting with: 45QPhy7JWU
[0] 2026-04-19T01:13:09.306Z - GET /v1/organization
[0] Session not found for token starting with: 45QPhy7JWU
[0] 2026-04-19T01:13:10.314Z - OPTIONS /v1/organization
[0] 2026-04-19T01:13:10.315Z - GET /v1/organization
[0] Session not found for token starting with: 45QPhy7JWU
[0] 2026-04-19T01:13:11.324Z - GET /v1/organization
[0] Session not found for token starting with: 45QPhy7JWU
[0] 2026-04-19T01:13:12.334Z - GET /v1/organization
[0] Session not found for token starting with: 45QPhy7JWU
[0] 2026-04-19T01:13:13.342Z - GET /v1/organization
[0] Session not found for token starting with: 45QPhy7JWU
[0] 2026-04-19T01:13:14.348Z - GET /v1/organization
[0] Session not found for token starting with: 45QPhy7JWU
[0] 2026-04-19T01:13:15.353Z - OPTIONS /v1/organization
[0] 2026-04-19T01:13:15.355Z - GET /v1/organization
[0] Session not found for token starting with: 45QPhy7JWU
[0] 2026-04-19T01:13:16.365Z - GET /v1/organization
[0] Session not found for token starting with: 45QPhy7JWU
[0] 2026-04-19T01:13:17.373Z - GET /v1/organization
[0] Session not found for token starting with: 45QPhy7JWU
[0] 2026-04-19T01:13:18.381Z - GET /v1/organization
[0] Session not found for token starting with: 45QPhy7JWU
[0] 2026-04-19T01:13:19.388Z - GET /v1/organization
[0] Session not found for token starting with: 45QPhy7JWU
[0] 2026-04-19T01:13:20.395Z - OPTIONS /v1/organization
[0] 2026-04-19T01:13:20.397Z - GET /v1/organization
[0] Session not found for token starting with: 45QPhy7JWU
[0] 2026-04-19T01:13:21.403Z - GET /v1/organization
[0] Session not found for token starting with: 45QPhy7JWU
[0] 2026-04-19T01:13:22.411Z - GET /v1/organization
[0] Session not found for token starting with: 45QPhy7JWU
[0] 2026-04-19T01:13:23.417Z - GET /v1/organization
[0] Session not found for token starting with: 45QPhy7JWU
[0] 2026-04-19T01:13:24.426Z - GET /v1/organization
[0] Session not found for token starting with: 45QPhy7JWU
[0] 2026-04-19T01:13:25.433Z - OPTIONS /v1/organization
[0] 2026-04-19T01:13:25.435Z - GET /v1/organization
[0] Session not found for token starting with: 45QPhy7JWU
[0] 2026-04-19T01:13:26.442Z - GET /v1/organization
[0] Session not found for token starting with: 45QPhy7JWU
[0] 2026-04-19T01:13:27.449Z - GET /v1/organization
[0] Session not found for token starting with: 45QPhy7JWU
[0] 2026-04-19T01:13:28.459Z - GET /v1/organization
[0] Session not found for token starting with: 45QPhy7JWU
[0] 2026-04-19T01:13:29.466Z - GET /v1/organization
[0] Session not found for token starting with: 45QPhy7JWU
[0] 2026-04-19T01:13:30.473Z - OPTIONS /v1/organization
[0] 2026-04-19T01:13:30.474Z - GET /v1/organization
[0] Session not found for token starting with: 45QPhy7JWU
[0] 2026-04-19T01:13:31.481Z - GET /v1/organization
[0] Session not found for token starting with: 45QPhy7JWU
[0] 2026-04-19T01:13:32.490Z - GET /v1/organization
[0] Session not found for token starting with: 45QPhy7JWU
[0] 2026-04-19T01:13:33.497Z - GET /v1/organization
[0] Session not found for token starting with: 45QPhy7JWU
[0] 2026-04-19T01:13:34.511Z - GET /v1/organization
[0] Session not found for token starting with: 45QPhy7JWU
[0] 2026-04-19T01:13:35.519Z - OPTIONS /v1/organization
[0] 2026-04-19T01:13:35.520Z - GET /v1/organization
[0] Session not found for token starting with: 45QPhy7JWU
[0] 2026-04-19T01:13:36.529Z - GET /v1/organization
[0] Session not found for token starting with: 45QPhy7JWU
[0] 2026-04-19T01:13:37.546Z - GET /v1/organization
[0] Session not found for token starting with: 45QPhy7JWU
[0] 2026-04-19T01:13:38.555Z - GET /v1/organization
[0] Session not found for token starting with: 45QPhy7JWU
[0] 2026-04-19T01:13:39.563Z - GET /v1/organization
[0] Session not found for token starting with: 45QPhy7JWU
[0] 2026-04-19T01:13:40.570Z - OPTIONS /v1/organization
[0] 2026-04-19T01:13:40.572Z - GET /v1/organization
[0] Session not found for token starting with: 45QPhy7JWU
[0] 2026-04-19T01:13:41.580Z - GET /v1/organization
[0] Session not found for token starting with: 45QPhy7JWU
[0] 2026-04-19T01:13:42.587Z - GET /v1/organization
[0] Session not found for token starting with: 45QPhy7JWU
[0] 2026-04-19T01:13:43.597Z - GET /v1/organization
[0] Session not found for token starting with: 45QPhy7JWU
[0] 2026-04-19T01:13:44.603Z - GET /v1/organization
[0] Session not found for token starting with: 45QPhy7JWU
[0] 2026-04-19T01:13:45.611Z - OPTIONS /v1/organization
[0] 2026-04-19T01:13:45.613Z - GET /v1/organization
[0] Session not found for token starting with: 45QPhy7JWU
[0] 2026-04-19T01:13:46.620Z - GET /v1/organization
[0] Session not found for token starting with: 45QPhy7JWU
[0] 2026-04-19T01:13:47.628Z - GET /v1/organization
[0] Session not found for token starting with: 45QPhy7JWU
[0] 2026-04-19T01:13:48.634Z - GET /v1/organization
[0] Session not found for token starting with: 45QPhy7JWU
[0] 2026-04-19T01:13:49.645Z - GET /v1/organization
[0] Session not found for token starting with: 45QPhy7JWU
[0] 2026-04-19T01:13:50.652Z - OPTIONS /v1/organization
[0] 2026-04-19T01:13:50.654Z - GET /v1/organization
[0] Session not found for token starting with: 45QPhy7JWU
[0] 2026-04-19T01:13:51.662Z - GET /v1/organization
[0] Session not found for token starting with: 45QPhy7JWU
[0] 2026-04-19T01:13:52.670Z - GET /v1/organization
[0] Session not found for token starting with: 45QPhy7JWU
[0] 2026-04-19T01:13:53.679Z - GET /v1/organization
[0] Session not found for token starting with: 45QPhy7JWU
[0] 2026-04-19T01:13:54.686Z - GET /v1/organization
[0] Session not found for token starting with: 45QPhy7JWU
[0] 2026-04-19T01:13:55.695Z - OPTIONS /v1/organization
[0] 2026-04-19T01:13:55.697Z - GET /v1/organization
[0] Session not found for token starting with: 45QPhy7JWU
[0] 2026-04-19T01:13:56.705Z - GET /v1/organization
[0] Session not found for token starting with: 45QPhy7JWU
[0] 2026-04-19T01:13:57.712Z - GET /v1/organization
[0] Session not found for token starting with: 45QPhy7JWU
[0] 2026-04-19T01:13:58.721Z - GET /v1/organization
[0] Session not found for token starting with: 45QPhy7JWU
[0] 2026-04-19T01:13:59.729Z - GET /v1/organization
[0] Session not found for token starting with: 45QPhy7JWU
[0] 2026-04-19T01:14:00.737Z - OPTIONS /v1/organization
[0] 2026-04-19T01:14:00.738Z - GET /v1/organization
[0] Session not found for token starting with: 45QPhy7JWU
[0] 2026-04-19T01:14:01.745Z - GET /v1/organization
[0] Session not found for token starting with: 45QPhy7JWU
[0] 2026-04-19T01:14:02.752Z - GET /v1/organization
[0] Session not found for token starting with: 45QPhy7JWU
[0] 2026-04-19T01:14:03.759Z - GET /v1/organization
[0] Session not found for token starting with: 45QPhy7JWU
[0] 2026-04-19T01:14:04.766Z - GET /v1/organization
[0] Session not found for token starting with: 45QPhy7JWU
[0] 2026-04-19T01:14:05.774Z - OPTIONS /v1/organization
[0] 2026-04-19T01:14:05.777Z - GET /v1/organization
[0] Session not found for token starting with: 45QPhy7JWU
[0] 2026-04-19T01:14:06.783Z - GET /v1/organization
[0] Session not found for token starting with: 45QPhy7JWU
[0] 2026-04-19T01:14:07.791Z - GET /v1/organization
[0] Session not found for token starting with: 45QPhy7JWU
[0] 2026-04-19T01:14:08.799Z - GET /v1/organization
[0] Session not found for token starting with: 45QPhy7JWU
[0] 2026-04-19T01:14:09.807Z - GET /v1/organization
[0] Session not found for token starting with: 45QPhy7JWU
[0] 2026-04-19T01:14:10.814Z - OPTIONS /v1/organization
[0] 2026-04-19T01:14:10.816Z - GET /v1/organization
[0] Session not found for token starting with: 45QPhy7JWU
[0] 2026-04-19T01:14:11.823Z - GET /v1/organization
[0] Session not found for token starting with: 45QPhy7JWU
[0] 2026-04-19T01:14:12.831Z - GET /v1/organization
[0] Session not found for token starting with: 45QPhy7JWU
[0] 2026-04-19T01:14:13.842Z - GET /v1/organization
[0] Session not found for token starting with: 45QPhy7JWU
[0] 2026-04-19T01:14:14.850Z - GET /v1/organization
[0] Session not found for token starting with: 45QPhy7JWU
[0] 2026-04-19T01:14:15.858Z - OPTIONS /v1/organization
[0] 2026-04-19T01:14:15.860Z - GET /v1/organization
[0] Session not found for token starting with: 45QPhy7JWU
[0] 2026-04-19T01:14:16.876Z - GET /v1/organization
[0] Session not found for token starting with: 45QPhy7JWU
[0] 2026-04-19T01:14:17.883Z - GET /v1/organization
[0] Session not found for token starting with: 45QPhy7JWU
[0] 2026-04-19T01:14:18.892Z - GET /v1/organization
[0] Session not found for token starting with: 45QPhy7JWU
[0] 2026-04-19T01:14:19.899Z - GET /v1/organization
[0] Session not found for token starting with: 45QPhy7JWU
[0] 2026-04-19T01:14:20.907Z - OPTIONS /v1/organization
[0] 2026-04-19T01:14:20.909Z - GET /v1/organization
[0] Session not found for token starting with: 45QPhy7JWU
[0] 2026-04-19T01:14:21.916Z - GET /v1/organization
[0] Session not found for token starting with: 45QPhy7JWU
[0] 2026-04-19T01:14:22.924Z - GET /v1/organization
[0] Session not found for token starting with: 45QPhy7JWU
[0] 2026-04-19T01:14:23.931Z - GET /v1/organization
[0] Session not found for token starting with: 45QPhy7JWU
[0] 2026-04-19T01:14:24.939Z - GET /v1/organization
[0] Session not found for token starting with: 45QPhy7JWU
[0] 2026-04-19T01:14:25.947Z - OPTIONS /v1/organization
[0] 2026-04-19T01:14:25.949Z - GET /v1/organization
[0] Session not found for token starting with: 45QPhy7JWU
[0] 2026-04-19T01:14:26.957Z - GET /v1/organization
[0] Session not found for token starting with: 45QPhy7JWU
[0] 2026-04-19T01:14:27.964Z - GET /v1/organization
[0] Session not found for token starting with: 45QPhy7JWU
[0] 2026-04-19T01:14:28.973Z - GET /v1/organization
[0] Session not found for token starting with: 45QPhy7JWU
[0] 2026-04-19T01:14:29.982Z - GET /v1/organization
[0] Session not found for token starting with: 45QPhy7JWU
[0] 2026-04-19T01:14:30.990Z - OPTIONS /v1/organization
[0] 2026-04-19T01:14:30.992Z - GET /v1/organization
[0] Session not found for token starting with: 45QPhy7JWU
[0] 2026-04-19T01:14:32.002Z - GET /v1/organization
[0] Session not found for token starting with: 45QPhy7JWU
[0] 2026-04-19T01:14:33.010Z - GET /v1/organization
[0] Session not found for token starting with: 45QPhy7JWU
[0] 2026-04-19T01:14:34.017Z - GET /v1/organization
[0] Session not found for token starting with: 45QPhy7JWU
[0] 2026-04-19T01:14:35.024Z - GET /v1/organization
[0] Session not found for token starting with: 45QPhy7JWU
[0] 2026-04-19T01:14:36.031Z - OPTIONS /v1/organization
[0] 2026-04-19T01:14:36.033Z - GET /v1/organization
[0] Session not found for token starting with: 45QPhy7JWU
[0] 2026-04-19T01:14:37.041Z - GET /v1/organization
[0] Session not found for token starting with: 45QPhy7JWU
[0] 2026-04-19T01:14:38.048Z - GET /v1/organization
[0] Session not found for token starting with: 45QPhy7JWU
[0] 2026-04-19T01:14:39.056Z - GET /v1/organization
[0] Session not found for token starting with: 45QPhy7JWU
[0] 2026-04-19T01:14:40.064Z - GET /v1/organization
[0] Session not found for token starting with: 45QPhy7JWU
[0] 2026-04-19T01:14:41.071Z - OPTIONS /v1/organization
[0] 2026-04-19T01:14:41.073Z - GET /v1/organization
[0] Session not found for token starting with: 45QPhy7JWU
[0] 2026-04-19T01:14:42.079Z - GET /v1/organization
[0] Session not found for token starting with: 45QPhy7JWU
[0] 2026-04-19T01:14:43.089Z - GET /v1/organization
[0] Session not found for token starting with: 45QPhy7JWU
[0] 2026-04-19T01:14:44.098Z - GET /v1/organization
[0] Session not found for token starting with: 45QPhy7JWU
[0] 2026-04-19T01:14:45.105Z - GET /v1/organization
[0] Session not found for token starting with: 45QPhy7JWU
[0] 2026-04-19T01:14:46.112Z - OPTIONS /v1/organization
[0] 2026-04-19T01:14:46.113Z - GET /v1/organization
[0] Session not found for token starting with: 45QPhy7JWU
[0] 2026-04-19T01:14:47.120Z - GET /v1/organization
[0] Session not found for token starting with: 45QPhy7JWU
[0] 2026-04-19T01:14:48.127Z - GET /v1/organization
[0] Session not found for token starting with: 45QPhy7JWU
[0] 2026-04-19T01:14:49.135Z - GET /v1/organization
[0] Session not found for token starting with: 45QPhy7JWU
[0] 2026-04-19T01:14:50.144Z - GET /v1/organization
[0] Session not found for token starting with: 45QPhy7JWU
[0] 2026-04-19T01:14:51.153Z - OPTIONS /v1/organization
[0] 2026-04-19T01:14:51.154Z - GET /v1/organization
[0] Session not found for token starting with: 45QPhy7JWU
[0] 2026-04-19T01:14:52.160Z - GET /v1/organization
[0] Session not found for token starting with: 45QPhy7JWU
[0] 2026-04-19T01:14:53.167Z - GET /v1/organization
[0] Session not found for token starting with: 45QPhy7JWU
[0] 2026-04-19T01:14:54.175Z - GET /v1/organization
[0] Session not found for token starting with: 45QPhy7JWU
[0] 2026-04-19T01:14:55.182Z - GET /v1/organization
[0] Session not found for token starting with: 45QPhy7JWU
[0] 2026-04-19T01:14:56.190Z - OPTIONS /v1/organization
[0] 2026-04-19T01:14:56.191Z - GET /v1/organization
[0] Session not found for token starting with: 45QPhy7JWU
[0] 2026-04-19T01:14:57.198Z - GET /v1/organization
[0] Session not found for token starting with: 45QPhy7JWU
[0] 2026-04-19T01:14:58.205Z - GET /v1/organization
[0] Session not found for token starting with: 45QPhy7JWU
[0] 2026-04-19T01:14:59.215Z - GET /v1/organization
[0] Session not found for token starting with: 45QPhy7JWU
[0] 2026-04-19T01:15:00.232Z - GET /v1/organization
[0] Session not found for token starting with: 45QPhy7JWU
[0] 2026-04-19T01:15:01.242Z - OPTIONS /v1/organization
[0] 2026-04-19T01:15:01.244Z - GET /v1/organization
[0] Session not found for token starting with: 45QPhy7JWU
[0] 2026-04-19T01:15:02.252Z - GET /v1/organization
[0] Session not found for token starting with: 45QPhy7JWU
[0] 2026-04-19T01:15:03.268Z - GET /v1/organization
[0] Session not found for token starting with: 45QPhy7JWU
[0] 2026-04-19T01:15:04.279Z - GET /v1/organization
[0] Session not found for token starting with: 45QPhy7JWU
[0] 2026-04-19T01:15:05.287Z - GET /v1/organization
[0] Session not found for token starting with: 45QPhy7JWU
[0] 2026-04-19T01:15:06.295Z - OPTIONS /v1/organization
[0] 2026-04-19T01:15:06.296Z - GET /v1/organization
[0] Session not found for token starting with: 45QPhy7JWU
[0] 2026-04-19T01:15:07.305Z - GET /v1/organization
[0] Session not found for token starting with: 45QPhy7JWU
[0] 2026-04-19T01:15:08.317Z - GET /v1/organization
[0] Session not found for token starting with: 45QPhy7JWU
[0] 2026-04-19T01:15:09.324Z - GET /v1/organization
[0] Session not found for token starting with: 45QPhy7JWU
[0] 2026-04-19T01:15:10.332Z - GET /v1/organization
[0] Session not found for token starting with: 45QPhy7JWU
[0] 2026-04-19T01:15:11.338Z - OPTIONS /v1/organization
[0] 2026-04-19T01:15:11.344Z - GET /v1/organization
[0] Session not found for token starting with: 45QPhy7JWU
[0] 2026-04-19T01:15:12.351Z - GET /v1/organization
[0] Session not found for token starting with: 45QPhy7JWU
[0] 2026-04-19T01:15:13.362Z - GET /v1/organization
[0] Session not found for token starting with: 45QPhy7JWU
[0] 2026-04-19T01:15:14.371Z - GET /v1/organization
[0] Session not found for token starting with: 45QPhy7JWU
[0] 2026-04-19T01:15:15.383Z - GET /v1/organization
[0] Session not found for token starting with: 45QPhy7JWU
[0] 2026-04-19T01:15:16.391Z - OPTIONS /v1/organization
[0] 2026-04-19T01:15:16.392Z - GET /v1/organization
[0] Session not found for token starting with: 45QPhy7JWU
[0] 2026-04-19T01:15:17.406Z - GET /v1/organization
[0] Session not found for token starting with: 45QPhy7JWU
[0] 2026-04-19T01:15:18.414Z - GET /v1/organization
[0] Session not found for token starting with: 45QPhy7JWU
[0] 2026-04-19T01:15:19.421Z - GET /v1/organization
[0] Session not found for token starting with: 45QPhy7JWU
[0] 2026-04-19T01:15:20.428Z - GET /v1/organization
[0] Session not found for token starting with: 45QPhy7JWU
[0] 2026-04-19T01:15:21.441Z - OPTIONS /v1/organization
[0] 2026-04-19T01:15:21.442Z - GET /v1/organization
[0] Session not found for token starting with: 45QPhy7JWU
[0] 2026-04-19T01:15:22.448Z - GET /v1/organization
[0] Session not found for token starting with: 45QPhy7JWU
[0] 2026-04-19T01:15:23.456Z - GET /v1/organization
[0] Session not found for token starting with: 45QPhy7JWU
[0] 2026-04-19T01:15:24.467Z - GET /v1/organization
[0] Session not found for token starting with: 45QPhy7JWU
[0] 2026-04-19T01:15:25.474Z - GET /v1/organization
[0] Session not found for token starting with: 45QPhy7JWU
[0] 2026-04-19T01:15:26.482Z - OPTIONS /v1/organization
[0] 2026-04-19T01:15:26.484Z - GET /v1/organization
[0] Session not found for token starting with: 45QPhy7JWU
[0] 2026-04-19T01:15:27.490Z - GET /v1/organization
[0] Session not found for token starting with: 45QPhy7JWU
[0] 2026-04-19T01:15:28.497Z - GET /v1/organization
[0] Session not found for token starting with: 45QPhy7JWU
[0] 2026-04-19T01:15:29.503Z - GET /v1/organization
[0] Session not found for token starting with: 45QPhy7JWU
[0] 2026-04-19T01:15:30.509Z - GET /v1/organization
[0] Session not found for token starting with: 45QPhy7JWU
[0] 2026-04-19T01:15:31.517Z - OPTIONS /v1/organization
[0] 2026-04-19T01:15:31.582Z - GET /v1/organization
[0] Session not found for token starting with: 45QPhy7JWU
[0] 2026-04-19T01:15:32.593Z - GET /v1/organization
[0] Session not found for token starting with: 45QPhy7JWU
[0] 2026-04-19T01:15:33.616Z - GET /v1/organization
[0] Session not found for token starting with: 45QPhy7JWU
[0] 2026-04-19T01:15:34.623Z - GET /v1/organization
[0] Session not found for token starting with: 45QPhy7JWU
[0] 2026-04-19T01:15:35.630Z - GET /v1/organization
[0] Session not found for token starting with: 45QPhy7JWU
[0] 2026-04-19T01:15:36.642Z - OPTIONS /v1/organization
[0] 2026-04-19T01:15:36.644Z - GET /v1/organization
[0] Session not found for token starting with: 45QPhy7JWU
[0] 2026-04-19T01:15:37.651Z - GET /v1/organization
[0] Session not found for token starting with: 45QPhy7JWU
[0] 2026-04-19T01:15:38.659Z - GET /v1/organization
[0] Session not found for token starting with: 45QPhy7JWU
[0] 2026-04-19T01:15:39.669Z - GET /v1/organization
[0] Session not found for token starting with: 45QPhy7JWU
[0] 2026-04-19T01:15:40.683Z - GET /v1/organization
[0] Session not found for token starting with: 45QPhy7JWU
[0] 2026-04-19T01:15:41.693Z - OPTIONS /v1/organization
[0] 2026-04-19T01:15:41.694Z - GET /v1/organization
[0] Session not found for token starting with: 45QPhy7JWU
[0] 2026-04-19T01:15:42.701Z - GET /v1/organization
[0] Session not found for token starting with: 45QPhy7JWU
[0] 2026-04-19T01:15:43.766Z - GET /v1/organization
[0] Session not found for token starting with: 45QPhy7JWU
[0] 2026-04-19T01:15:44.779Z - GET /v1/organization
[0] Session not found for token starting with: 45QPhy7JWU
[0] 2026-04-19T01:15:45.793Z - GET /v1/organization
[0] Session not found for token starting with: 45QPhy7JWU
[0] 2026-04-19T01:15:47.145Z - OPTIONS /v1/organization
[0] 2026-04-19T01:15:47.146Z - GET /v1/organization
[0] Session not found for token starting with: 45QPhy7JWU
[0] 2026-04-19T01:15:48.156Z - GET /v1/organization
[0] Session not found for token starting with: 45QPhy7JWU
[0] 2026-04-19T01:15:49.164Z - GET /v1/organization
[0] Session not found for token starting with: 45QPhy7JWU
[0] 2026-04-19T01:15:50.180Z - GET /v1/organization
[0] Session not found for token starting with: 45QPhy7JWU
[0] 2026-04-19T01:15:51.188Z - GET /v1/organization
[0] Session not found for token starting with: 45QPhy7JWU
[0] 2026-04-19T01:15:52.198Z - OPTIONS /v1/organization
[0] 2026-04-19T01:15:52.199Z - GET /v1/organization
[0] Session not found for token starting with: 45QPhy7JWU
[0] 2026-04-19T01:15:53.209Z - GET /v1/organization
[0] Session not found for token starting with: 45QPhy7JWU
[0] 2026-04-19T01:15:54.216Z - GET /v1/organization
[0] Session not found for token starting with: 45QPhy7JWU
[0] 2026-04-19T01:15:55.223Z - GET /v1/organization
[0] Session not found for token starting with: 45QPhy7JWU
[0] 2026-04-19T01:15:56.233Z - GET /v1/organization
[0] Session not found for token starting with: 45QPhy7JWU
[0] 2026-04-19T01:15:57.262Z - OPTIONS /v1/organization
[0] 2026-04-19T01:15:57.263Z - GET /v1/organization
[0] Session not found for token starting with: 45QPhy7JWU
[0] 2026-04-19T01:15:58.274Z - GET /v1/organization
[0] Session not found for token starting with: 45QPhy7JWU
[0] 2026-04-19T01:15:59.294Z - GET /v1/organization
[0] Session not found for token starting with: 45QPhy7JWU
[0] 2026-04-19T01:16:00.305Z - GET /v1/organization
[0] Session not found for token starting with: 45QPhy7JWU
[0] 2026-04-19T01:16:01.315Z - GET /v1/organization
[0] Session not found for token starting with: 45QPhy7JWU
[0] 2026-04-19T01:16:02.346Z - OPTIONS /v1/organization
[0] 2026-04-19T01:16:02.348Z - GET /v1/organization
[0] Session not found for token starting with: 45QPhy7JWU
[0] 2026-04-19T01:16:03.359Z - GET /v1/organization
[0] Session not found for token starting with: 45QPhy7JWU
[0] 2026-04-19T01:16:04.387Z - GET /v1/organization
[0] Session not found for token starting with: 45QPhy7JWU
[0] 2026-04-19T01:16:05.395Z - GET /v1/organization
[0] Session not found for token starting with: 45QPhy7JWU
[0] 2026-04-19T01:16:06.415Z - GET /v1/organization
[0] Session not found for token starting with: 45QPhy7JWU
[0] 2026-04-19T01:16:07.428Z - OPTIONS /v1/organization
[0] 2026-04-19T01:16:07.429Z - GET /v1/organization
[0] Session not found for token starting with: 45QPhy7JWU
[0] 2026-04-19T01:16:08.438Z - GET /v1/organization
[0] Session not found for token starting with: 45QPhy7JWU
[0] 2026-04-19T01:16:09.449Z - GET /v1/organization
[0] Session not found for token starting with: 45QPhy7JWU
[0] 2026-04-19T01:16:10.457Z - GET /v1/organization
[0] Session not found for token starting with: 45QPhy7JWU
[0] 2026-04-19T01:16:11.468Z - GET /v1/organization
[0] Session not found for token starting with: 45QPhy7JWU
[0] 2026-04-19T01:16:12.492Z - OPTIONS /v1/organization
[0] 2026-04-19T01:16:12.494Z - GET /v1/organization
[0] Session not found for token starting with: 45QPhy7JWU
[0] 2026-04-19T01:16:13.503Z - GET /v1/organization
[0] Session not found for token starting with: 45QPhy7JWU
[0] 2026-04-19T01:16:14.529Z - GET /v1/organization
[0] Session not found for token starting with: 45QPhy7JWU
[0] 2026-04-19T01:16:15.540Z - GET /v1/organization
[0] Session not found for token starting with: 45QPhy7JWU
[0] 2026-04-19T01:16:16.547Z - GET /v1/organization
[0] Session not found for token starting with: 45QPhy7JWU
[0] 2026-04-19T01:16:17.554Z - OPTIONS /v1/organization
[0] 2026-04-19T01:16:17.557Z - GET /v1/organization
[0] Session not found for token starting with: 45QPhy7JWU
[0] 2026-04-19T01:16:18.567Z - GET /v1/organization
[0] Session not found for token starting with: 45QPhy7JWU
[0] 2026-04-19T01:16:19.578Z - GET /v1/organization
[0] Session not found for token starting with: 45QPhy7JWU
[0] 2026-04-19T01:16:20.585Z - GET /v1/organization
[0] Session not found for token starting with: 45QPhy7JWU
[0] 2026-04-19T01:16:21.594Z - GET /v1/organization
[0] Session not found for token starting with: 45QPhy7JWU
[0] 2026-04-19T01:16:22.600Z - OPTIONS /v1/organization
[0] 2026-04-19T01:16:22.604Z - GET /v1/organization
[0] Session not found for token starting with: 45QPhy7JWU
[0] 2026-04-19T01:16:23.614Z - GET /v1/organization
[0] Session not found for token starting with: 45QPhy7JWU
[0] 2026-04-19T01:16:24.620Z - GET /v1/organization
[0] Session not found for token starting with: 45QPhy7JWU
[0] 2026-04-19T01:16:25.635Z - GET /v1/organization
[0] Session not found for token starting with: 45QPhy7JWU
[0] 2026-04-19T01:16:26.645Z - GET /v1/organization
[0] Session not found for token starting with: 45QPhy7JWU
[0] 2026-04-19T01:16:27.652Z - OPTIONS /v1/organization
[0] 2026-04-19T01:16:27.653Z - GET /v1/organization
[0] Session not found for token starting with: 45QPhy7JWU
[0] 2026-04-19T01:16:28.673Z - GET /v1/organization
[0] Session not found for token starting with: 45QPhy7JWU
[0] 2026-04-19T01:16:29.681Z - GET /v1/organization
[0] Session not found for token starting with: 45QPhy7JWU
[0] 2026-04-19T01:16:30.694Z - GET /v1/organization
[0] Session not found for token starting with: 45QPhy7JWU
[0] 2026-04-19T01:16:31.703Z - GET /v1/organization
[0] Session not found for token starting with: 45QPhy7JWU
[0] 2026-04-19T01:16:32.747Z - OPTIONS /v1/organization
[0] 2026-04-19T01:16:32.755Z - GET /v1/organization
[0] Session not found for token starting with: 45QPhy7JWU
[0] 2026-04-19T01:16:33.766Z - GET /v1/organization
[0] Session not found for token starting with: 45QPhy7JWU
[0] 2026-04-19T01:16:34.786Z - GET /v1/organization
[0] Session not found for token starting with: 45QPhy7JWU
[0] 2026-04-19T01:16:35.794Z - GET /v1/organization
[0] Session not found for token starting with: 45QPhy7JWU
[0] 2026-04-19T01:16:36.802Z - GET /v1/organization
[0] Session not found for token starting with: 45QPhy7JWU
[0] 2026-04-19T01:16:37.811Z - OPTIONS /v1/organization
[0] 2026-04-19T01:16:37.812Z - GET /v1/organization
[0] Session not found for token starting with: 45QPhy7JWU
[0] 2026-04-19T01:16:38.830Z - GET /v1/organization
[0] Session not found for token starting with: 45QPhy7JWU
[0] 2026-04-19T01:16:39.837Z - GET /v1/organization
[0] Session not found for token starting with: 45QPhy7JWU
[0] 2026-04-19T01:16:40.843Z - GET /v1/organization
[0] Session not found for token starting with: 45QPhy7JWU
[0] 2026-04-19T01:16:41.855Z - GET /v1/organization
[0] Session not found for token starting with: 45QPhy7JWU
[0] 2026-04-19T01:16:42.927Z - OPTIONS /v1/organization
[0] 2026-04-19T01:16:42.950Z - GET /v1/organization
[0] Session not found for token starting with: 45QPhy7JWU
[0] 2026-04-19T01:16:43.962Z - GET /v1/organization
[0] Session not found for token starting with: 45QPhy7JWU
[0] 2026-04-19T01:16:44.969Z - GET /v1/organization
[0] Session not found for token starting with: 45QPhy7JWU
[0] 2026-04-19T01:16:45.979Z - GET /v1/organization
[0] Session not found for token starting with: 45QPhy7JWU
[0] 2026-04-19T01:16:46.985Z - GET /v1/organization
[0] Session not found for token starting with: 45QPhy7JWU
[0] 2026-04-19T01:16:47.992Z - OPTIONS /v1/organization
[0] 2026-04-19T01:16:47.994Z - GET /v1/organization
[0] Session not found for token starting with: 45QPhy7JWU
[0] 2026-04-19T01:16:49.004Z - GET /v1/organization
[0] Session not found for token starting with: 45QPhy7JWU
[0] 2026-04-19T01:16:50.011Z - GET /v1/organization
[0] Session not found for token starting with: 45QPhy7JWU
[0] 2026-04-19T01:16:51.017Z - GET /v1/organization
[0] Session not found for token starting with: 45QPhy7JWU
[0] 2026-04-19T01:16:52.025Z - GET /v1/organization
[0] Session not found for token starting with: 45QPhy7JWU
[0] 2026-04-19T01:16:53.035Z - OPTIONS /v1/organization
[0] 2026-04-19T01:16:53.036Z - GET /v1/organization
[0] Session not found for token starting with: 45QPhy7JWU
[0] 2026-04-19T01:16:54.042Z - GET /v1/organization
[0] Session not found for token starting with: 45QPhy7JWU
[0] 2026-04-19T01:16:55.054Z - GET /v1/organization
[0] Session not found for token starting with: 45QPhy7JWU
[0] 2026-04-19T01:16:56.102Z - GET /v1/organization
[0] Session not found for token starting with: 45QPhy7JWU
[0] 2026-04-19T01:16:57.116Z - GET /v1/organization
[0] Session not found for token starting with: 45QPhy7JWU
[0] 2026-04-19T01:16:58.122Z - OPTIONS /v1/organization
[0] 2026-04-19T01:16:58.125Z - GET /v1/organization
[0] Session not found for token starting with: 45QPhy7JWU
[0] 2026-04-19T01:16:59.132Z - GET /v1/organization
[0] Session not found for token starting with: 45QPhy7JWU
[0] 2026-04-19T01:17:00.138Z - GET /v1/organization
[0] Session not found for token starting with: 45QPhy7JWU
[0] 2026-04-19T01:17:01.146Z - GET /v1/organization
[0] Session not found for token starting with: 45QPhy7JWU
[0] 2026-04-19T01:17:02.153Z - GET /v1/organization
[0] Session not found for token starting with: 45QPhy7JWU
[0] 2026-04-19T01:17:02.767Z - OPTIONS /v1/metrics/country
[0] 2026-04-19T01:17:02.776Z - POST /v1/metrics/country
[0] 2026-04-19T01:17:02.785Z - OPTIONS /v1/metrics/quantiles
[0] 2026-04-19T01:17:02.786Z - OPTIONS /v1/dashboard/scores/query
[0] 2026-04-19T01:17:02.787Z - OPTIONS /v1/metrics/errorOverTime
[0] 2026-04-19T01:17:02.788Z - OPTIONS /v1/metrics/requestOverTime
[0] Session not found for token starting with: 45QPhy7JWU
[0] 401 Unauthorized: Invalid or expired session for path: /v1/metrics/country
[0] POST /v1/metrics/country 401 70 - 5.785 ms
[0] 2026-04-19T01:17:02.790Z - OPTIONS /v1/request/count/query
[0] 2026-04-19T01:17:02.791Z - OPTIONS /v1/metrics/requestStatusOverTime
[0] 2026-04-19T01:17:02.797Z - OPTIONS /v1/metrics/costOverTime
[0] 2026-04-19T01:17:02.797Z - OPTIONS /v1/metrics/models
[0] 2026-04-19T01:17:02.798Z - OPTIONS /v1/metrics/usersOverTime
[0] 2026-04-19T01:17:02.799Z - OPTIONS /v1/metrics/timeToFirstToken
[0] 2026-04-19T01:17:02.799Z - OPTIONS /v1/metrics/latencyOverTime
[0] 2026-04-19T01:17:02.799Z - POST /v1/request/count/query
[0] 2026-04-19T01:17:02.807Z - OPTIONS /v1/providers
[0] 2026-04-19T01:17:02.815Z - OPTIONS /v1/metrics/totalCost
[0] 2026-04-19T01:17:02.816Z - OPTIONS /v1/metrics/totalRequests
[0] 2026-04-19T01:17:02.816Z - OPTIONS /v1/metrics/averageLatency
[0] 2026-04-19T01:17:02.818Z - OPTIONS /v1/metrics/averageTokensPerRequest
[0] 2026-04-19T01:17:02.818Z - OPTIONS /v1/metrics/threatsOverTime
[0] 2026-04-19T01:17:02.819Z - OPTIONS /v1/metrics/tokensOverTime
[0] 2026-04-19T01:17:02.819Z - OPTIONS /v1/metrics/activeUsers
[0] 2026-04-19T01:17:02.820Z - OPTIONS /v1/metrics/averageTimeToFirstToken
[0] 2026-04-19T01:17:02.824Z - OPTIONS /v1/metrics/totalThreats
[0] Session not found for token starting with: 45QPhy7JWU
[0] 401 Unauthorized: Invalid or expired session for path: /v1/request/count/query
[0] POST /v1/request/count/query 401 70 - 19.612 ms
[0] 2026-04-19T01:17:02.826Z - POST /v1/metrics/quantiles
[0] 2026-04-19T01:17:02.828Z - POST /v1/metrics/costOverTime
[0] 2026-04-19T01:17:02.828Z - POST /v1/dashboard/scores/query
[0] Session not found for token starting with: 45QPhy7JWU
[0] 401 Unauthorized: Invalid or expired session for path: /v1/metrics/quantiles
[0] POST /v1/metrics/quantiles 401 70 - 42.640 ms
[0] 2026-04-19T01:17:02.871Z - POST /v1/metrics/errorOverTime
[0] 2026-04-19T01:17:02.872Z - POST /v1/metrics/models
[0] 2026-04-19T01:17:02.876Z - POST /v1/metrics/requestOverTime
[0] Session not found for token starting with: 45QPhy7JWU
[0] 401 Unauthorized: Invalid or expired session for path: /v1/metrics/errorOverTime
[0] POST /v1/metrics/errorOverTime 401 70 - 7.655 ms
[0] 2026-04-19T01:17:02.879Z - POST /v1/metrics/requestStatusOverTime
[0] 2026-04-19T01:17:02.887Z - POST /v1/metrics/usersOverTime
[0] Session not found for token starting with: 45QPhy7JWU
[0] 401 Unauthorized: Invalid or expired session for path: /v1/metrics/requestStatusOverTime
[0] POST /v1/metrics/requestStatusOverTime 401 70 - 15.069 ms
[0] 2026-04-19T01:17:02.900Z - POST /v1/metrics/timeToFirstToken
[0] Session not found for token starting with: 45QPhy7JWU
[0] 401 Unauthorized: Invalid or expired session for path: /v1/metrics/timeToFirstToken
[0] POST /v1/metrics/timeToFirstToken 401 70 - 0.671 ms
[0] 2026-04-19T01:17:02.902Z - POST /v1/metrics/latencyOverTime
[0] Session not found for token starting with: 45QPhy7JWU
[0] 401 Unauthorized: Invalid or expired session for path: /v1/metrics/latencyOverTime
[0] POST /v1/metrics/latencyOverTime 401 70 - 1.353 ms
[0] 2026-04-19T01:17:02.904Z - POST /v1/providers
[0] Session not found for token starting with: 45QPhy7JWU
[0] 401 Unauthorized: Invalid or expired session for path: /v1/providers
[0] POST /v1/providers 401 70 - 0.872 ms
[0] 2026-04-19T01:17:02.906Z - POST /v1/metrics/totalCost
[0] Session not found for token starting with: 45QPhy7JWU
[0] 401 Unauthorized: Invalid or expired session for path: /v1/metrics/costOverTime
[0] POST /v1/metrics/costOverTime 401 70 - 78.808 ms
[0] Session not found for token starting with: 45QPhy7JWU
[0] 401 Unauthorized: Invalid or expired session for path: /v1/dashboard/scores/query
[0] POST /v1/dashboard/scores/query 401 70 - 78.348 ms
[0] Session not found for token starting with: 45QPhy7JWU
[0] 401 Unauthorized: Invalid or expired session for path: /v1/metrics/requestOverTime
[0] POST /v1/metrics/requestOverTime 401 70 - 31.548 ms
[0] Session not found for token starting with: 45QPhy7JWU
[0] 401 Unauthorized: Invalid or expired session for path: /v1/metrics/models
[0] POST /v1/metrics/models 401 70 - 34.906 ms
[0] Session not found for token starting with: 45QPhy7JWU
[0] 401 Unauthorized: Invalid or expired session for path: /v1/metrics/usersOverTime
[0] POST /v1/metrics/usersOverTime 401 70 - 20.081 ms
[0] Session not found for token starting with: 45QPhy7JWU
[0] 401 Unauthorized: Invalid or expired session for path: /v1/metrics/totalCost
[0] POST /v1/metrics/totalCost 401 70 - 2.026 ms
[0] 2026-04-19T01:17:02.913Z - POST /v1/metrics/totalRequests
[0] 2026-04-19T01:17:02.913Z - POST /v1/metrics/averageLatency
[0] 2026-04-19T01:17:02.913Z - POST /v1/metrics/averageTokensPerRequest
[0] 2026-04-19T01:17:02.914Z - POST /v1/metrics/threatsOverTime
[0] 2026-04-19T01:17:02.914Z - POST /v1/metrics/tokensOverTime
[0] 2026-04-19T01:17:02.914Z - POST /v1/metrics/activeUsers
[0] Session not found for token starting with: 45QPhy7JWU
[0] 401 Unauthorized: Invalid or expired session for path: /v1/metrics/threatsOverTime
[0] POST /v1/metrics/threatsOverTime 401 70 - 1.210 ms
[0] Session not found for token starting with: 45QPhy7JWU
[0] 401 Unauthorized: Invalid or expired session for path: /v1/metrics/averageLatency
[0] POST /v1/metrics/averageLatency 401 70 - 2.057 ms
[0] Session not found for token starting with: 45QPhy7JWU
[0] 401 Unauthorized: Invalid or expired session for path: /v1/metrics/totalRequests
[0] POST /v1/metrics/totalRequests 401 70 - 3.377 ms
[0] Session not found for token starting with: 45QPhy7JWU
[0] 401 Unauthorized: Invalid or expired session for path: /v1/metrics/averageTokensPerRequest
[0] POST /v1/metrics/averageTokensPerRequest 401 70 - 3.205 ms
[0] Session not found for token starting with: 45QPhy7JWU
[0] 401 Unauthorized: Invalid or expired session for path: /v1/metrics/tokensOverTime
[0] POST /v1/metrics/tokensOverTime 401 70 - 2.405 ms
[0] Session not found for token starting with: 45QPhy7JWU
[0] 401 Unauthorized: Invalid or expired session for path: /v1/metrics/activeUsers
[0] POST /v1/metrics/activeUsers 401 70 - 2.575 ms
[0] 2026-04-19T01:17:02.917Z - POST /v1/metrics/averageTimeToFirstToken
[0] 2026-04-19T01:17:02.918Z - POST /v1/metrics/totalThreats
[0] Session not found for token starting with: 45QPhy7JWU
[0] 401 Unauthorized: Invalid or expired session for path: /v1/metrics/averageTimeToFirstToken
[0] POST /v1/metrics/averageTimeToFirstToken 401 70 - 2.275 ms
[0] Session not found for token starting with: 45QPhy7JWU
[0] 401 Unauthorized: Invalid or expired session for path: /v1/metrics/totalThreats
[0] POST /v1/metrics/totalThreats 401 70 - 2.342 ms
[0] 2026-04-19T01:17:03.158Z - OPTIONS /v1/organization
[0] 2026-04-19T01:17:03.159Z - GET /v1/organization
[0] Session not found for token starting with: 45QPhy7JWU
[0] 2026-04-19T01:17:03.867Z - POST /v1/metrics/country
[0] 2026-04-19T01:17:03.867Z - POST /v1/request/count/query
[0] Session not found for token starting with: 45QPhy7JWU
[0] 401 Unauthorized: Invalid or expired session for path: /v1/metrics/country
[0] POST /v1/metrics/country 401 70 - 1.954 ms
[0] Session not found for token starting with: 45QPhy7JWU
[0] 401 Unauthorized: Invalid or expired session for path: /v1/request/count/query
[0] POST /v1/request/count/query 401 70 - 1.913 ms
[0] 2026-04-19T01:17:03.872Z - POST /v1/metrics/quantiles
[0] Session not found for token starting with: 45QPhy7JWU
[0] 401 Unauthorized: Invalid or expired session for path: /v1/metrics/quantiles
[0] POST /v1/metrics/quantiles 401 70 - 1.389 ms
[0] 2026-04-19T01:17:03.882Z - POST /v1/metrics/errorOverTime
[0] Session not found for token starting with: 45QPhy7JWU
[0] 401 Unauthorized: Invalid or expired session for path: /v1/metrics/errorOverTime
[0] POST /v1/metrics/errorOverTime 401 70 - 1.833 ms
[0] 2026-04-19T01:17:03.898Z - POST /v1/metrics/requestStatusOverTime
[0] Session not found for token starting with: 45QPhy7JWU
[0] 401 Unauthorized: Invalid or expired session for path: /v1/metrics/requestStatusOverTime
[0] POST /v1/metrics/requestStatusOverTime 401 70 - 1.777 ms
[0] 2026-04-19T01:17:03.904Z - POST /v1/metrics/timeToFirstToken
[0] 2026-04-19T01:17:03.909Z - POST /v1/metrics/latencyOverTime
[0] Session not found for token starting with: 45QPhy7JWU
[0] 401 Unauthorized: Invalid or expired session for path: /v1/metrics/timeToFirstToken
[0] POST /v1/metrics/timeToFirstToken 401 70 - 4.460 ms
[0] Session not found for token starting with: 45QPhy7JWU
[0] 401 Unauthorized: Invalid or expired session for path: /v1/metrics/latencyOverTime
[0] POST /v1/metrics/latencyOverTime 401 70 - 1.311 ms
[0] 2026-04-19T01:17:03.929Z - POST /v1/metrics/costOverTime
[0] 2026-04-19T01:17:03.930Z - POST /v1/metrics/requestOverTime
[0] 2026-04-19T01:17:03.930Z - POST /v1/metrics/models
[0] 2026-04-19T01:17:03.930Z - POST /v1/metrics/usersOverTime
[0] 2026-04-19T01:17:03.930Z - POST /v1/metrics/totalCost
[0] 2026-04-19T01:17:03.931Z - POST /v1/metrics/threatsOverTime
[0] Session not found for token starting with: 45QPhy7JWU
[0] 401 Unauthorized: Invalid or expired session for path: /v1/metrics/costOverTime
[0] POST /v1/metrics/costOverTime 401 70 - 1.606 ms
[0] 2026-04-19T01:17:03.933Z - POST /v1/metrics/averageLatency
[0] Session not found for token starting with: 45QPhy7JWU
[0] 401 Unauthorized: Invalid or expired session for path: /v1/metrics/requestOverTime
[0] POST /v1/metrics/requestOverTime 401 70 - 3.105 ms
[0] Session not found for token starting with: 45QPhy7JWU
[0] 401 Unauthorized: Invalid or expired session for path: /v1/metrics/models
[0] POST /v1/metrics/models 401 70 - 3.074 ms
[0] Session not found for token starting with: 45QPhy7JWU
[0] 401 Unauthorized: Invalid or expired session for path: /v1/metrics/threatsOverTime
[0] POST /v1/metrics/threatsOverTime 401 70 - 2.765 ms
[0] Session not found for token starting with: 45QPhy7JWU
[0] 401 Unauthorized: Invalid or expired session for path: /v1/metrics/usersOverTime
[0] POST /v1/metrics/usersOverTime 401 70 - 3.059 ms
[0] Session not found for token starting with: 45QPhy7JWU
[0] 401 Unauthorized: Invalid or expired session for path: /v1/metrics/totalCost
[0] POST /v1/metrics/totalCost 401 70 - 2.990 ms
[0] Session not found for token starting with: 45QPhy7JWU
[0] 401 Unauthorized: Invalid or expired session for path: /v1/metrics/averageLatency
[0] POST /v1/metrics/averageLatency 401 70 - 1.106 ms
[0] 2026-04-19T01:17:03.935Z - POST /v1/metrics/totalRequests
[0] 2026-04-19T01:17:03.935Z - POST /v1/metrics/averageTokensPerRequest
[0] 2026-04-19T01:17:03.948Z - POST /v1/metrics/tokensOverTime
[0] 2026-04-19T01:17:03.948Z - POST /v1/metrics/activeUsers
[0] 2026-04-19T01:17:03.949Z - POST /v1/metrics/averageTimeToFirstToken
[0] 2026-04-19T01:17:03.950Z - POST /v1/metrics/totalThreats
[0] Session not found for token starting with: 45QPhy7JWU
[0] 401 Unauthorized: Invalid or expired session for path: /v1/metrics/totalRequests
[0] POST /v1/metrics/totalRequests 401 70 - 20.286 ms
[0] Session not found for token starting with: 45QPhy7JWU
[0] 401 Unauthorized: Invalid or expired session for path: /v1/metrics/averageTokensPerRequest
[0] POST /v1/metrics/averageTokensPerRequest 401 70 - 19.833 ms
[0] Session not found for token starting with: 45QPhy7JWU
[0] 401 Unauthorized: Invalid or expired session for path: /v1/metrics/activeUsers
[0] POST /v1/metrics/activeUsers 401 70 - 7.172 ms
[0] Session not found for token starting with: 45QPhy7JWU
[0] 401 Unauthorized: Invalid or expired session for path: /v1/metrics/tokensOverTime
[0] POST /v1/metrics/tokensOverTime 401 70 - 7.503 ms
[0] Session not found for token starting with: 45QPhy7JWU
[0] 401 Unauthorized: Invalid or expired session for path: /v1/metrics/averageTimeToFirstToken
[0] POST /v1/metrics/averageTimeToFirstToken 401 70 - 6.949 ms
[0] Session not found for token starting with: 45QPhy7JWU
[0] 401 Unauthorized: Invalid or expired session for path: /v1/metrics/totalThreats
[0] POST /v1/metrics/totalThreats 401 70 - 5.575 ms
[0] 2026-04-19T01:17:04.167Z - GET /v1/organization
[0] Session not found for token starting with: 45QPhy7JWU
[0] 2026-04-19T01:17:05.174Z - GET /v1/organization
[0] Session not found for token starting with: 45QPhy7JWU
[0] 2026-04-19T01:17:05.872Z - POST /v1/metrics/country
[0] 2026-04-19T01:17:05.873Z - POST /v1/request/count/query
[0] Session not found for token starting with: 45QPhy7JWU
[0] 401 Unauthorized: Invalid or expired session for path: /v1/metrics/country
[0] POST /v1/metrics/country 401 70 - 1.605 ms
[0] Session not found for token starting with: 45QPhy7JWU
[0] 401 Unauthorized: Invalid or expired session for path: /v1/request/count/query
[0] POST /v1/request/count/query 401 70 - 1.411 ms
[0] 2026-04-19T01:17:05.876Z - POST /v1/metrics/quantiles
[0] Session not found for token starting with: 45QPhy7JWU
[0] 401 Unauthorized: Invalid or expired session for path: /v1/metrics/quantiles
[0] POST /v1/metrics/quantiles 401 70 - 1.694 ms
[0] 2026-04-19T01:17:05.888Z - POST /v1/metrics/errorOverTime
[0] Session not found for token starting with: 45QPhy7JWU
[0] 401 Unauthorized: Invalid or expired session for path: /v1/metrics/errorOverTime
[0] POST /v1/metrics/errorOverTime 401 70 - 1.235 ms
[0] 2026-04-19T01:17:05.904Z - POST /v1/metrics/requestStatusOverTime
[0] Session not found for token starting with: 45QPhy7JWU
[0] 401 Unauthorized: Invalid or expired session for path: /v1/metrics/requestStatusOverTime
[0] POST /v1/metrics/requestStatusOverTime 401 70 - 2.017 ms
[0] 2026-04-19T01:17:05.912Z - POST /v1/metrics/timeToFirstToken
[0] 2026-04-19T01:17:05.913Z - POST /v1/metrics/latencyOverTime
[0] Session not found for token starting with: 45QPhy7JWU
[0] 401 Unauthorized: Invalid or expired session for path: /v1/metrics/timeToFirstToken
[0] POST /v1/metrics/timeToFirstToken 401 70 - 4.835 ms
[0] Session not found for token starting with: 45QPhy7JWU
[0] 401 Unauthorized: Invalid or expired session for path: /v1/metrics/latencyOverTime
[0] POST /v1/metrics/latencyOverTime 401 70 - 3.601 ms
[0] 2026-04-19T01:17:05.937Z - POST /v1/metrics/costOverTime
[0] 2026-04-19T01:17:05.938Z - POST /v1/metrics/requestOverTime
[0] 2026-04-19T01:17:05.938Z - POST /v1/metrics/models
[0] 2026-04-19T01:17:05.940Z - POST /v1/metrics/threatsOverTime
[0] 2026-04-19T01:17:05.941Z - POST /v1/metrics/usersOverTime
[0] 2026-04-19T01:17:05.941Z - POST /v1/metrics/totalCost
[0] Session not found for token starting with: 45QPhy7JWU
[0] 401 Unauthorized: Invalid or expired session for path: /v1/metrics/costOverTime
[0] POST /v1/metrics/costOverTime 401 70 - 7.720 ms
[0] Session not found for token starting with: 45QPhy7JWU
[0] 401 Unauthorized: Invalid or expired session for path: /v1/metrics/requestOverTime
[0] POST /v1/metrics/requestOverTime 401 70 - 7.610 ms
[0] Session not found for token starting with: 45QPhy7JWU
[0] 401 Unauthorized: Invalid or expired session for path: /v1/metrics/models
[0] POST /v1/metrics/models 401 70 - 5.691 ms
[0] Session not found for token starting with: 45QPhy7JWU
[0] 401 Unauthorized: Invalid or expired session for path: /v1/metrics/threatsOverTime
[0] POST /v1/metrics/threatsOverTime 401 70 - 5.414 ms
[0] 2026-04-19T01:17:05.946Z - POST /v1/metrics/averageLatency
[0] Session not found for token starting with: 45QPhy7JWU
[0] 401 Unauthorized: Invalid or expired session for path: /v1/metrics/usersOverTime
[0] POST /v1/metrics/usersOverTime 401 70 - 5.771 ms
[0] Session not found for token starting with: 45QPhy7JWU
[0] 401 Unauthorized: Invalid or expired session for path: /v1/metrics/totalCost
[0] POST /v1/metrics/totalCost 401 70 - 5.641 ms
[0] Session not found for token starting with: 45QPhy7JWU
[0] 401 Unauthorized: Invalid or expired session for path: /v1/metrics/averageLatency
[0] POST /v1/metrics/averageLatency 401 70 - 2.476 ms
[0] 2026-04-19T01:17:05.959Z - POST /v1/metrics/totalRequests
[0] 2026-04-19T01:17:05.960Z - POST /v1/metrics/averageTokensPerRequest
[0] 2026-04-19T01:17:05.961Z - POST /v1/metrics/activeUsers
[0] 2026-04-19T01:17:05.962Z - POST /v1/metrics/tokensOverTime
[0] 2026-04-19T01:17:05.962Z - POST /v1/metrics/averageTimeToFirstToken
[0] 2026-04-19T01:17:05.962Z - POST /v1/metrics/totalThreats
[0] Session not found for token starting with: 45QPhy7JWU
[0] 401 Unauthorized: Invalid or expired session for path: /v1/metrics/totalRequests
[0] POST /v1/metrics/totalRequests 401 70 - 10.568 ms
[0] Session not found for token starting with: 45QPhy7JWU
[0] 401 Unauthorized: Invalid or expired session for path: /v1/metrics/activeUsers
[0] POST /v1/metrics/activeUsers 401 70 - 8.750 ms
[0] Session not found for token starting with: 45QPhy7JWU
[0] 401 Unauthorized: Invalid or expired session for path: /v1/metrics/averageTokensPerRequest
[0] POST /v1/metrics/averageTokensPerRequest 401 70 - 9.677 ms
[0] Session not found for token starting with: 45QPhy7JWU
[0] 401 Unauthorized: Invalid or expired session for path: /v1/metrics/averageTimeToFirstToken
[0] POST /v1/metrics/averageTimeToFirstToken 401 70 - 7.971 ms
[0] Session not found for token starting with: 45QPhy7JWU
[0] 401 Unauthorized: Invalid or expired session for path: /v1/metrics/totalThreats
[0] POST /v1/metrics/totalThreats 401 70 - 7.285 ms
[0] Session not found for token starting with: 45QPhy7JWU
[0] 401 Unauthorized: Invalid or expired session for path: /v1/metrics/tokensOverTime
[0] POST /v1/metrics/tokensOverTime 401 70 - 8.386 ms
[0] 2026-04-19T01:17:06.188Z - GET /v1/organization
[0] Session not found for token starting with: 45QPhy7JWU
[0] 2026-04-19T01:17:07.199Z - GET /v1/organization
[0] Session not found for token starting with: 45QPhy7JWU
[0] 2026-04-19T01:17:08.205Z - OPTIONS /v1/organization
[0] 2026-04-19T01:17:08.207Z - GET /v1/organization
[0] Session not found for token starting with: 45QPhy7JWU
[0] 2026-04-19T01:17:09.212Z - GET /v1/organization
[0] Session not found for token starting with: 45QPhy7JWU
[0] 2026-04-19T01:17:09.878Z - OPTIONS /v1/metrics/country
[0] 2026-04-19T01:17:09.879Z - OPTIONS /v1/request/count/query
[0] 2026-04-19T01:17:09.880Z - POST /v1/metrics/country
[0] 2026-04-19T01:17:09.880Z - POST /v1/request/count/query
[0] Session not found for token starting with: 45QPhy7JWU
[0] 401 Unauthorized: Invalid or expired session for path: /v1/metrics/country
[0] POST /v1/metrics/country 401 70 - 1.611 ms
[0] Session not found for token starting with: 45QPhy7JWU
[0] 401 Unauthorized: Invalid or expired session for path: /v1/request/count/query
[0] POST /v1/request/count/query 401 70 - 1.352 ms
[0] 2026-04-19T01:17:09.882Z - OPTIONS /v1/metrics/quantiles
[0] 2026-04-19T01:17:09.886Z - POST /v1/metrics/quantiles
[0] Session not found for token starting with: 45QPhy7JWU
[0] 401 Unauthorized: Invalid or expired session for path: /v1/metrics/quantiles
[0] POST /v1/metrics/quantiles 401 70 - 1.613 ms
[0] 2026-04-19T01:17:09.908Z - OPTIONS /v1/metrics/errorOverTime
[0] 2026-04-19T01:17:09.909Z - OPTIONS /v1/metrics/requestStatusOverTime
[0] 2026-04-19T01:17:09.913Z - POST /v1/metrics/errorOverTime
[0] 2026-04-19T01:17:09.914Z - POST /v1/metrics/requestStatusOverTime
[0] Session not found for token starting with: 45QPhy7JWU
[0] 401 Unauthorized: Invalid or expired session for path: /v1/metrics/errorOverTime
[0] POST /v1/metrics/errorOverTime 401 70 - 1.453 ms
[0] Session not found for token starting with: 45QPhy7JWU
[0] 401 Unauthorized: Invalid or expired session for path: /v1/metrics/requestStatusOverTime
[0] POST /v1/metrics/requestStatusOverTime 401 70 - 1.430 ms
[0] 2026-04-19T01:17:09.930Z - OPTIONS /v1/metrics/timeToFirstToken
[0] 2026-04-19T01:17:09.931Z - OPTIONS /v1/metrics/latencyOverTime
[0] 2026-04-19T01:17:09.934Z - POST /v1/metrics/timeToFirstToken
[0] 2026-04-19T01:17:09.935Z - POST /v1/metrics/latencyOverTime
[0] Session not found for token starting with: 45QPhy7JWU
[0] 401 Unauthorized: Invalid or expired session for path: /v1/metrics/timeToFirstToken
[0] POST /v1/metrics/timeToFirstToken 401 70 - 0.958 ms
[0] Session not found for token starting with: 45QPhy7JWU
[0] 401 Unauthorized: Invalid or expired session for path: /v1/metrics/latencyOverTime
[0] POST /v1/metrics/latencyOverTime 401 70 - 0.617 ms
[0] 2026-04-19T01:17:09.951Z - OPTIONS /v1/metrics/costOverTime
[0] 2026-04-19T01:17:09.952Z - OPTIONS /v1/metrics/requestOverTime
[0] 2026-04-19T01:17:09.952Z - POST /v1/metrics/costOverTime
[0] 2026-04-19T01:17:09.952Z - OPTIONS /v1/metrics/models
[0] 2026-04-19T01:17:09.953Z - POST /v1/metrics/requestOverTime
[0] 2026-04-19T01:17:09.953Z - OPTIONS /v1/metrics/threatsOverTime
[0] 2026-04-19T01:17:09.953Z - OPTIONS /v1/metrics/usersOverTime
[0] 2026-04-19T01:17:09.954Z - OPTIONS /v1/metrics/totalCost
[0] 2026-04-19T01:17:09.954Z - POST /v1/metrics/models
[0] 2026-04-19T01:17:09.955Z - POST /v1/metrics/threatsOverTime
[0] 2026-04-19T01:17:09.955Z - POST /v1/metrics/usersOverTime
[0] 2026-04-19T01:17:09.956Z - POST /v1/metrics/totalCost
[0] Session not found for token starting with: 45QPhy7JWU
[0] 401 Unauthorized: Invalid or expired session for path: /v1/metrics/costOverTime
[0] POST /v1/metrics/costOverTime 401 70 - 3.760 ms
[0] Session not found for token starting with: 45QPhy7JWU
[0] 401 Unauthorized: Invalid or expired session for path: /v1/metrics/requestOverTime
[0] POST /v1/metrics/requestOverTime 401 70 - 3.089 ms
[0] Session not found for token starting with: 45QPhy7JWU
[0] 401 Unauthorized: Invalid or expired session for path: /v1/metrics/models
[0] POST /v1/metrics/models 401 70 - 3.079 ms
[0] Session not found for token starting with: 45QPhy7JWU
[0] 401 Unauthorized: Invalid or expired session for path: /v1/metrics/threatsOverTime
[0] POST /v1/metrics/threatsOverTime 401 70 - 2.397 ms
[0] Session not found for token starting with: 45QPhy7JWU
[0] 401 Unauthorized: Invalid or expired session for path: /v1/metrics/usersOverTime
[0] POST /v1/metrics/usersOverTime 401 70 - 2.389 ms
[0] Session not found for token starting with: 45QPhy7JWU
[0] 401 Unauthorized: Invalid or expired session for path: /v1/metrics/totalCost
[0] POST /v1/metrics/totalCost 401 70 - 2.079 ms
[0] 2026-04-19T01:17:09.977Z - OPTIONS /v1/metrics/averageLatency
[0] 2026-04-19T01:17:09.977Z - OPTIONS /v1/metrics/totalRequests
[0] 2026-04-19T01:17:09.977Z - OPTIONS /v1/metrics/activeUsers
[0] 2026-04-19T01:17:09.977Z - OPTIONS /v1/metrics/averageTimeToFirstToken
[0] 2026-04-19T01:17:09.978Z - OPTIONS /v1/metrics/tokensOverTime
[0] 2026-04-19T01:17:09.978Z - POST /v1/metrics/averageLatency
[0] 2026-04-19T01:17:09.978Z - OPTIONS /v1/metrics/averageTokensPerRequest
[0] 2026-04-19T01:17:09.978Z - POST /v1/metrics/totalRequests
[0] 2026-04-19T01:17:09.979Z - POST /v1/metrics/activeUsers
[0] 2026-04-19T01:17:09.979Z - POST /v1/metrics/averageTimeToFirstToken
[0] 2026-04-19T01:17:09.979Z - POST /v1/metrics/tokensOverTime
[0] 2026-04-19T01:17:09.979Z - OPTIONS /v1/metrics/totalThreats
[0] 2026-04-19T01:17:09.980Z - POST /v1/metrics/averageTokensPerRequest
[0] Session not found for token starting with: 45QPhy7JWU
[0] 401 Unauthorized: Invalid or expired session for path: /v1/metrics/averageLatency
[0] POST /v1/metrics/averageLatency 401 70 - 2.108 ms
[0] 2026-04-19T01:17:09.983Z - POST /v1/metrics/totalThreats
[0] Session not found for token starting with: 45QPhy7JWU
[0] 401 Unauthorized: Invalid or expired session for path: /v1/metrics/activeUsers
[0] POST /v1/metrics/activeUsers 401 70 - 4.382 ms
[0] Session not found for token starting with: 45QPhy7JWU
[0] 401 Unauthorized: Invalid or expired session for path: /v1/metrics/tokensOverTime
[0] POST /v1/metrics/tokensOverTime 401 70 - 3.833 ms
[0] Session not found for token starting with: 45QPhy7JWU
[0] 401 Unauthorized: Invalid or expired session for path: /v1/metrics/averageTimeToFirstToken
[0] POST /v1/metrics/averageTimeToFirstToken 401 70 - 4.394 ms
[0] Session not found for token starting with: 45QPhy7JWU
[0] 401 Unauthorized: Invalid or expired session for path: /v1/metrics/totalRequests
[0] POST /v1/metrics/totalRequests 401 70 - 5.075 ms
[0] Session not found for token starting with: 45QPhy7JWU
[0] 401 Unauthorized: Invalid or expired session for path: /v1/metrics/averageTokensPerRequest
[0] POST /v1/metrics/averageTokensPerRequest 401 70 - 3.489 ms
[0] Session not found for token starting with: 45QPhy7JWU
[0] 401 Unauthorized: Invalid or expired session for path: /v1/metrics/totalThreats
[0] POST /v1/metrics/totalThreats 401 70 - 1.523 ms
[0] 2026-04-19T01:17:10.219Z - GET /v1/organization
[0] Session not found for token starting with: 45QPhy7JWU
[0] 2026-04-19T01:17:11.225Z - GET /v1/organization
[0] Session not found for token starting with: 45QPhy7JWU
[0] 2026-04-19T01:17:12.233Z - GET /v1/organization
[0] Session not found for token starting with: 45QPhy7JWU
[0] 2026-04-19T01:17:13.242Z - OPTIONS /v1/organization
[0] 2026-04-19T01:17:13.244Z - GET /v1/organization
[0] Session not found for token starting with: 45QPhy7JWU
[0] 2026-04-19T01:17:14.252Z - GET /v1/organization
[0] Session not found for token starting with: 45QPhy7JWU
[0] 2026-04-19T01:17:15.261Z - GET /v1/organization
[0] Session not found for token starting with: 45QPhy7JWU
[0] 2026-04-19T01:17:16.269Z - GET /v1/organization
[0] Session not found for token starting with: 45QPhy7JWU
[0] 2026-04-19T01:17:17.277Z - GET /v1/organization
[0] Session not found for token starting with: 45QPhy7JWU
[0] 2026-04-19T01:17:18.320Z - OPTIONS /v1/metrics/country
[0] 2026-04-19T01:17:18.321Z - POST /v1/metrics/country
[0] 2026-04-19T01:17:18.322Z - OPTIONS /v1/dashboard/scores/query
[0] 2026-04-19T01:17:18.323Z - POST /v1/dashboard/scores/query
[0] 2026-04-19T01:17:18.324Z - OPTIONS /v1/metrics/quantiles
[0] Session not found for token starting with: 45QPhy7JWU
[0] 401 Unauthorized: Invalid or expired session for path: /v1/metrics/country
[0] POST /v1/metrics/country 401 70 - 2.729 ms
[0] 2026-04-19T01:17:18.324Z - OPTIONS /v1/request/count/query
[0] 2026-04-19T01:17:18.327Z - POST /v1/metrics/quantiles
[0] Session not found for token starting with: 45QPhy7JWU
[0] 401 Unauthorized: Invalid or expired session for path: /v1/dashboard/scores/query
[0] POST /v1/dashboard/scores/query 401 70 - 3.782 ms
[0] 2026-04-19T01:17:18.327Z - OPTIONS /v1/metrics/models
[0] 2026-04-19T01:17:18.328Z - OPTIONS /v1/providers
[0] 2026-04-19T01:17:18.328Z - POST /v1/request/count/query
[0] 2026-04-19T01:17:18.328Z - OPTIONS /v1/metrics/costOverTime
[0] 2026-04-19T01:17:18.328Z - POST /v1/metrics/models
[0] 2026-04-19T01:17:18.329Z - OPTIONS /v1/metrics/tokensOverTime
[0] 2026-04-19T01:17:18.329Z - OPTIONS /v1/metrics/usersOverTime
[0] 2026-04-19T01:17:18.329Z - OPTIONS /v1/metrics/timeToFirstToken
[0] 2026-04-19T01:17:18.329Z - OPTIONS /v1/metrics/latencyOverTime
[0] Session not found for token starting with: 45QPhy7JWU
[0] 401 Unauthorized: Invalid or expired session for path: /v1/metrics/quantiles
[0] POST /v1/metrics/quantiles 401 70 - 2.512 ms
[0] 2026-04-19T01:17:18.330Z - OPTIONS /v1/metrics/errorOverTime
[0] 2026-04-19T01:17:18.330Z - OPTIONS /v1/metrics/threatsOverTime
[0] 2026-04-19T01:17:18.330Z - OPTIONS /v1/metrics/totalCost
[0] Session not found for token starting with: 45QPhy7JWU
[0] 401 Unauthorized: Invalid or expired session for path: /v1/request/count/query
[0] POST /v1/request/count/query 401 70 - 2.016 ms
[0] 2026-04-19T01:17:18.330Z - OPTIONS /v1/metrics/requestOverTime
[0] 2026-04-19T01:17:18.331Z - OPTIONS /v1/metrics/totalRequests
[0] 2026-04-19T01:17:18.331Z - POST /v1/metrics/usersOverTime
[0] 2026-04-19T01:17:18.331Z - OPTIONS /v1/metrics/requestStatusOverTime
[0] 2026-04-19T01:17:18.332Z - OPTIONS /v1/metrics/totalThreats
[0] Session not found for token starting with: 45QPhy7JWU
[0] 401 Unauthorized: Invalid or expired session for path: /v1/metrics/models
[0] POST /v1/metrics/models 401 70 - 3.160 ms
[0] 2026-04-19T01:17:18.332Z - OPTIONS /v1/metrics/averageLatency
[0] 2026-04-19T01:17:18.332Z - OPTIONS /v1/metrics/averageTokensPerRequest
[0] 2026-04-19T01:17:18.332Z - OPTIONS /v1/metrics/activeUsers
[0] 2026-04-19T01:17:18.332Z - POST /v1/metrics/timeToFirstToken
[0] 2026-04-19T01:17:18.333Z - OPTIONS /v1/metrics/averageTimeToFirstToken
[0] 2026-04-19T01:17:18.333Z - POST /v1/providers
[0] 2026-04-19T01:17:18.333Z - POST /v1/metrics/latencyOverTime
[0] Session not found for token starting with: 45QPhy7JWU
[0] 401 Unauthorized: Invalid or expired session for path: /v1/metrics/usersOverTime
[0] POST /v1/metrics/usersOverTime 401 70 - 2.192 ms
[0] 2026-04-19T01:17:18.334Z - POST /v1/metrics/costOverTime
[0] 2026-04-19T01:17:18.335Z - POST /v1/metrics/tokensOverTime
[0] 2026-04-19T01:17:18.335Z - POST /v1/metrics/errorOverTime
[0] Session not found for token starting with: 45QPhy7JWU
[0] 401 Unauthorized: Invalid or expired session for path: /v1/metrics/timeToFirstToken
[0] POST /v1/metrics/timeToFirstToken 401 70 - 2.863 ms
[0] Session not found for token starting with: 45QPhy7JWU
[0] 401 Unauthorized: Invalid or expired session for path: /v1/providers
[0] POST /v1/providers 401 70 - 2.497 ms
[0] Session not found for token starting with: 45QPhy7JWU
[0] 401 Unauthorized: Invalid or expired session for path: /v1/metrics/costOverTime
[0] POST /v1/metrics/costOverTime 401 70 - 1.910 ms
[0] Session not found for token starting with: 45QPhy7JWU
[0] 401 Unauthorized: Invalid or expired session for path: /v1/metrics/latencyOverTime
[0] POST /v1/metrics/latencyOverTime 401 70 - 2.216 ms
[0] Session not found for token starting with: 45QPhy7JWU
[0] 401 Unauthorized: Invalid or expired session for path: /v1/metrics/tokensOverTime
[0] POST /v1/metrics/tokensOverTime 401 70 - 0.986 ms
[0] 2026-04-19T01:17:18.336Z - POST /v1/metrics/threatsOverTime
[0] 2026-04-19T01:17:18.337Z - POST /v1/metrics/totalCost
[0] 2026-04-19T01:17:18.337Z - POST /v1/metrics/requestOverTime
[0] Session not found for token starting with: 45QPhy7JWU
[0] 401 Unauthorized: Invalid or expired session for path: /v1/metrics/errorOverTime
[0] POST /v1/metrics/errorOverTime 401 70 - 2.155 ms
[0] 2026-04-19T01:17:18.338Z - POST /v1/metrics/totalRequests
[0] 2026-04-19T01:17:18.338Z - POST /v1/metrics/requestStatusOverTime
[0] Session not found for token starting with: 45QPhy7JWU
[0] 401 Unauthorized: Invalid or expired session for path: /v1/metrics/threatsOverTime
[0] POST /v1/metrics/threatsOverTime 401 70 - 2.175 ms
[0] Session not found for token starting with: 45QPhy7JWU
[0] 401 Unauthorized: Invalid or expired session for path: /v1/metrics/totalCost
[0] POST /v1/metrics/totalCost 401 70 - 1.636 ms
[0] 2026-04-19T01:17:18.339Z - POST /v1/metrics/totalThreats
[0] 2026-04-19T01:17:18.342Z - POST /v1/metrics/averageLatency
[0] 2026-04-19T01:17:18.342Z - POST /v1/metrics/averageTokensPerRequest
[0] Session not found for token starting with: 45QPhy7JWU
[0] 401 Unauthorized: Invalid or expired session for path: /v1/metrics/requestStatusOverTime
[0] POST /v1/metrics/requestStatusOverTime 401 70 - 4.508 ms
[0] Session not found for token starting with: 45QPhy7JWU
[0] 401 Unauthorized: Invalid or expired session for path: /v1/metrics/totalRequests
[0] POST /v1/metrics/totalRequests 401 70 - 4.909 ms
[0] Session not found for token starting with: 45QPhy7JWU
[0] 401 Unauthorized: Invalid or expired session for path: /v1/metrics/requestOverTime
[0] POST /v1/metrics/requestOverTime 401 70 - 5.322 ms
[0] Session not found for token starting with: 45QPhy7JWU
[0] 401 Unauthorized: Invalid or expired session for path: /v1/metrics/totalThreats
[0] POST /v1/metrics/totalThreats 401 70 - 4.160 ms
[0] 2026-04-19T01:17:18.343Z - POST /v1/metrics/activeUsers
[0] 2026-04-19T01:17:18.343Z - POST /v1/metrics/averageTimeToFirstToken
[0] Session not found for token starting with: 45QPhy7JWU
[0] 401 Unauthorized: Invalid or expired session for path: /v1/metrics/averageLatency
[0] POST /v1/metrics/averageLatency 401 70 - 1.821 ms
[0] Session not found for token starting with: 45QPhy7JWU
[0] 401 Unauthorized: Invalid or expired session for path: /v1/metrics/averageTokensPerRequest
[0] POST /v1/metrics/averageTokensPerRequest 401 70 - 1.747 ms
[0] Session not found for token starting with: 45QPhy7JWU
[0] 401 Unauthorized: Invalid or expired session for path: /v1/metrics/activeUsers
[0] POST /v1/metrics/activeUsers 401 70 - 1.627 ms
[0] Session not found for token starting with: 45QPhy7JWU
[0] 401 Unauthorized: Invalid or expired session for path: /v1/metrics/averageTimeToFirstToken
[0] POST /v1/metrics/averageTimeToFirstToken 401 70 - 1.588 ms
[0] 2026-04-19T01:17:18.377Z - OPTIONS /v1/organization
[0] 2026-04-19T01:17:18.382Z - GET /v1/organization
[0] Session not found for token starting with: 45QPhy7JWU
[0] 2026-04-19T01:17:19.385Z - POST /v1/metrics/country
[0] 2026-04-19T01:17:19.386Z - POST /v1/metrics/quantiles
[0] 2026-04-19T01:17:19.386Z - POST /v1/request/count/query
[0] 2026-04-19T01:17:19.386Z - POST /v1/metrics/models
[0] Session not found for token starting with: 45QPhy7JWU
[0] 401 Unauthorized: Invalid or expired session for path: /v1/metrics/country
[0] POST /v1/metrics/country 401 70 - 2.919 ms
[0] 2026-04-19T01:17:19.389Z - POST /v1/metrics/tokensOverTime
[0] 2026-04-19T01:17:19.390Z - POST /v1/metrics/errorOverTime
[0] 2026-04-19T01:17:19.391Z - POST /v1/metrics/requestOverTime
[0] Session not found for token starting with: 45QPhy7JWU
[0] 401 Unauthorized: Invalid or expired session for path: /v1/metrics/models
[0] POST /v1/metrics/models 401 70 - 4.966 ms
[0] Session not found for token starting with: 45QPhy7JWU
[0] 401 Unauthorized: Invalid or expired session for path: /v1/metrics/quantiles
[0] POST /v1/metrics/quantiles 401 70 - 5.333 ms
[0] Session not found for token starting with: 45QPhy7JWU
[0] 401 Unauthorized: Invalid or expired session for path: /v1/request/count/query
[0] POST /v1/request/count/query 401 70 - 5.255 ms
[0] 2026-04-19T01:17:19.392Z - POST /v1/metrics/requestStatusOverTime
[0] 2026-04-19T01:17:19.392Z - POST /v1/metrics/costOverTime
[0] Session not found for token starting with: 45QPhy7JWU
[0] 401 Unauthorized: Invalid or expired session for path: /v1/metrics/errorOverTime
[0] POST /v1/metrics/errorOverTime 401 70 - 1.519 ms
[0] 2026-04-19T01:17:19.392Z - POST /v1/metrics/latencyOverTime
[0] Session not found for token starting with: 45QPhy7JWU
[0] 401 Unauthorized: Invalid or expired session for path: /v1/metrics/tokensOverTime
[0] POST /v1/metrics/tokensOverTime 401 70 - 3.113 ms
[0] Session not found for token starting with: 45QPhy7JWU
[0] 401 Unauthorized: Invalid or expired session for path: /v1/metrics/requestOverTime
[0] POST /v1/metrics/requestOverTime 401 70 - 1.380 ms
[0] Session not found for token starting with: 45QPhy7JWU
[0] 401 Unauthorized: Invalid or expired session for path: /v1/metrics/requestStatusOverTime
[0] POST /v1/metrics/requestStatusOverTime 401 70 - 0.764 ms
[0] 2026-04-19T01:17:19.393Z - POST /v1/metrics/usersOverTime
[0] 2026-04-19T01:17:19.393Z - POST /v1/metrics/timeToFirstToken
[0] 2026-04-19T01:17:19.395Z - POST /v1/metrics/threatsOverTime
[0] 2026-04-19T01:17:19.395Z - POST /v1/metrics/totalCost
[0] Session not found for token starting with: 45QPhy7JWU
[0] 401 Unauthorized: Invalid or expired session for path: /v1/metrics/latencyOverTime
[0] POST /v1/metrics/latencyOverTime 401 70 - 2.995 ms
[0] Session not found for token starting with: 45QPhy7JWU
[0] 401 Unauthorized: Invalid or expired session for path: /v1/metrics/usersOverTime
[0] POST /v1/metrics/usersOverTime 401 70 - 2.791 ms
[0] Session not found for token starting with: 45QPhy7JWU
[0] 401 Unauthorized: Invalid or expired session for path: /v1/metrics/costOverTime
[0] POST /v1/metrics/costOverTime 401 70 - 3.598 ms
[0] Session not found for token starting with: 45QPhy7JWU
[0] 401 Unauthorized: Invalid or expired session for path: /v1/metrics/threatsOverTime
[0] POST /v1/metrics/threatsOverTime 401 70 - 21.913 ms
[0] Session not found for token starting with: 45QPhy7JWU
[0] 401 Unauthorized: Invalid or expired session for path: /v1/metrics/timeToFirstToken
[0] POST /v1/metrics/timeToFirstToken 401 70 - 29.219 ms
[0] 2026-04-19T01:17:19.423Z - POST /v1/metrics/totalRequests
[0] 2026-04-19T01:17:19.435Z - POST /v1/metrics/averageLatency
[0] 2026-04-19T01:17:19.446Z - POST /v1/metrics/averageTokensPerRequest
[0] Session not found for token starting with: 45QPhy7JWU
[0] 401 Unauthorized: Invalid or expired session for path: /v1/metrics/totalCost
[0] POST /v1/metrics/totalCost 401 70 - 51.933 ms
[0] 2026-04-19T01:17:19.447Z - POST /v1/metrics/activeUsers
[0] 2026-04-19T01:17:19.448Z - POST /v1/metrics/averageTimeToFirstToken
[0] 2026-04-19T01:17:19.449Z - POST /v1/metrics/totalThreats
[0] Session not found for token starting with: 45QPhy7JWU
[0] 401 Unauthorized: Invalid or expired session for path: /v1/metrics/totalRequests
[0] POST /v1/metrics/totalRequests 401 70 - 20.727 ms
[0] Session not found for token starting with: 45QPhy7JWU
[0] 401 Unauthorized: Invalid or expired session for path: /v1/metrics/averageLatency
[0] POST /v1/metrics/averageLatency 401 70 - 9.937 ms
[0] Session not found for token starting with: 45QPhy7JWU
[0] 401 Unauthorized: Invalid or expired session for path: /v1/metrics/averageTokensPerRequest
[0] POST /v1/metrics/averageTokensPerRequest 401 70 - 4.304 ms
[0] Session not found for token starting with: 45QPhy7JWU
[0] 401 Unauthorized: Invalid or expired session for path: /v1/metrics/activeUsers
[0] POST /v1/metrics/activeUsers 401 70 - 3.733 ms
[0] Session not found for token starting with: 45QPhy7JWU
[0] 401 Unauthorized: Invalid or expired session for path: /v1/metrics/averageTimeToFirstToken
[0] POST /v1/metrics/averageTimeToFirstToken 401 70 - 3.467 ms
[0] 2026-04-19T01:17:19.452Z - GET /v1/organization
[0] Session not found for token starting with: 45QPhy7JWU
[0] 401 Unauthorized: Invalid or expired session for path: /v1/metrics/totalThreats
[0] POST /v1/metrics/totalThreats 401 70 - 4.799 ms
[0] Session not found for token starting with: 45QPhy7JWU
[0] 2026-04-19T01:17:20.459Z - GET /v1/organization
[0] Session not found for token starting with: 45QPhy7JWU
[0] 2026-04-19T01:17:21.392Z - POST /v1/metrics/country
[0] 2026-04-19T01:17:21.396Z - POST /v1/metrics/models
[0] 2026-04-19T01:17:21.397Z - POST /v1/metrics/quantiles
[0] 2026-04-19T01:17:21.397Z - POST /v1/request/count/query
[0] 2026-04-19T01:17:21.397Z - POST /v1/metrics/errorOverTime
[0] Session not found for token starting with: 45QPhy7JWU
[0] 401 Unauthorized: Invalid or expired session for path: /v1/metrics/country
[0] POST /v1/metrics/country 401 70 - 5.189 ms
[0] 2026-04-19T01:17:21.398Z - POST /v1/metrics/tokensOverTime
[0] Session not found for token starting with: 45QPhy7JWU
[0] 401 Unauthorized: Invalid or expired session for path: /v1/metrics/models
[0] POST /v1/metrics/models 401 70 - 2.295 ms
[0] 2026-04-19T01:17:21.400Z - POST /v1/metrics/requestOverTime
[0] 2026-04-19T01:17:21.402Z - POST /v1/metrics/requestStatusOverTime
[0] Session not found for token starting with: 45QPhy7JWU
[0] 401 Unauthorized: Invalid or expired session for path: /v1/metrics/errorOverTime
[0] POST /v1/metrics/errorOverTime 401 70 - 6.430 ms
[0] Session not found for token starting with: 45QPhy7JWU
[0] 401 Unauthorized: Invalid or expired session for path: /v1/metrics/requestOverTime
[0] POST /v1/metrics/requestOverTime 401 70 - 4.564 ms
[0] Session not found for token starting with: 45QPhy7JWU
[0] 401 Unauthorized: Invalid or expired session for path: /v1/request/count/query
[0] POST /v1/request/count/query 401 70 - 7.028 ms
[0] Session not found for token starting with: 45QPhy7JWU
[0] 401 Unauthorized: Invalid or expired session for path: /v1/metrics/quantiles
[0] POST /v1/metrics/quantiles 401 70 - 7.430 ms
[0] Session not found for token starting with: 45QPhy7JWU
[0] 401 Unauthorized: Invalid or expired session for path: /v1/metrics/tokensOverTime
[0] POST /v1/metrics/tokensOverTime 401 70 - 6.364 ms
[0] 2026-04-19T01:17:21.405Z - POST /v1/metrics/latencyOverTime
[0] 2026-04-19T01:17:21.406Z - POST /v1/metrics/usersOverTime
[0] 2026-04-19T01:17:21.406Z - POST /v1/metrics/costOverTime
[0] Session not found for token starting with: 45QPhy7JWU
[0] 401 Unauthorized: Invalid or expired session for path: /v1/metrics/latencyOverTime
[0] POST /v1/metrics/latencyOverTime 401 70 - 1.382 ms
[0] Session not found for token starting with: 45QPhy7JWU
[0] 401 Unauthorized: Invalid or expired session for path: /v1/metrics/usersOverTime
[0] POST /v1/metrics/usersOverTime 401 70 - 0.946 ms
[0] Session not found for token starting with: 45QPhy7JWU
[0] 401 Unauthorized: Invalid or expired session for path: /v1/metrics/costOverTime
[0] POST /v1/metrics/costOverTime 401 70 - 0.685 ms
[0] Session not found for token starting with: 45QPhy7JWU
[0] 401 Unauthorized: Invalid or expired session for path: /v1/metrics/requestStatusOverTime
[0] POST /v1/metrics/requestStatusOverTime 401 70 - 6.810 ms
[0] 2026-04-19T01:17:21.422Z - POST /v1/metrics/threatsOverTime
[0] Session not found for token starting with: 45QPhy7JWU
[0] 401 Unauthorized: Invalid or expired session for path: /v1/metrics/threatsOverTime
[0] POST /v1/metrics/threatsOverTime 401 70 - 0.707 ms
[0] 2026-04-19T01:17:21.425Z - POST /v1/metrics/timeToFirstToken
[0] Session not found for token starting with: 45QPhy7JWU
[0] 401 Unauthorized: Invalid or expired session for path: /v1/metrics/timeToFirstToken
[0] POST /v1/metrics/timeToFirstToken 401 70 - 0.597 ms
[0] 2026-04-19T01:17:21.456Z - POST /v1/metrics/totalCost
[0] 2026-04-19T01:17:21.456Z - POST /v1/metrics/totalRequests
[0] 2026-04-19T01:17:21.456Z - POST /v1/metrics/averageLatency
[0] 2026-04-19T01:17:21.456Z - POST /v1/metrics/averageTokensPerRequest
[0] 2026-04-19T01:17:21.457Z - POST /v1/metrics/activeUsers
[0] 2026-04-19T01:17:21.457Z - POST /v1/metrics/averageTimeToFirstToken
[0] Session not found for token starting with: 45QPhy7JWU
[0] 401 Unauthorized: Invalid or expired session for path: /v1/metrics/totalCost
[0] POST /v1/metrics/totalCost 401 70 - 1.265 ms
[0] Session not found for token starting with: 45QPhy7JWU
[0] 401 Unauthorized: Invalid or expired session for path: /v1/metrics/averageLatency
[0] POST /v1/metrics/averageLatency 401 70 - 0.945 ms
[0] Session not found for token starting with: 45QPhy7JWU
[0] 401 Unauthorized: Invalid or expired session for path: /v1/metrics/totalRequests
[0] POST /v1/metrics/totalRequests 401 70 - 1.323 ms
[0] Session not found for token starting with: 45QPhy7JWU
[0] 401 Unauthorized: Invalid or expired session for path: /v1/metrics/averageTokensPerRequest
[0] POST /v1/metrics/averageTokensPerRequest 401 70 - 1.166 ms
[0] Session not found for token starting with: 45QPhy7JWU
[0] 401 Unauthorized: Invalid or expired session for path: /v1/metrics/averageTimeToFirstToken
[0] POST /v1/metrics/averageTimeToFirstToken 401 70 - 1.037 ms
[0] Session not found for token starting with: 45QPhy7JWU
[0] 401 Unauthorized: Invalid or expired session for path: /v1/metrics/activeUsers
[0] POST /v1/metrics/activeUsers 401 70 - 1.200 ms
[0] 2026-04-19T01:17:21.458Z - POST /v1/metrics/totalThreats
[0] Session not found for token starting with: 45QPhy7JWU
[0] 401 Unauthorized: Invalid or expired session for path: /v1/metrics/totalThreats
[0] POST /v1/metrics/totalThreats 401 70 - 0.561 ms
[0] 2026-04-19T01:17:21.464Z - GET /v1/organization
[0] Session not found for token starting with: 45QPhy7JWU
[0] 2026-04-19T01:17:22.473Z - GET /v1/organization
[0] Session not found for token starting with: 45QPhy7JWU
[0] 2026-04-19T01:17:23.479Z - OPTIONS /v1/organization
[0] 2026-04-19T01:17:23.480Z - GET /v1/organization
[0] Session not found for token starting with: 45QPhy7JWU
[0] 2026-04-19T01:17:24.489Z - GET /v1/organization
[0] Session not found for token starting with: 45QPhy7JWU
[0] 2026-04-19T01:17:25.405Z - OPTIONS /v1/metrics/country
[0] 2026-04-19T01:17:25.406Z - OPTIONS /v1/metrics/models
[0] 2026-04-19T01:17:25.407Z - POST /v1/metrics/country
[0] 2026-04-19T01:17:25.408Z - POST /v1/metrics/models
[0] 2026-04-19T01:17:25.408Z - OPTIONS /v1/metrics/errorOverTime
[0] 2026-04-19T01:17:25.408Z - OPTIONS /v1/metrics/requestOverTime
[0] Session not found for token starting with: 45QPhy7JWU
[0] 401 Unauthorized: Invalid or expired session for path: /v1/metrics/country
[0] POST /v1/metrics/country 401 70 - 1.490 ms
[0] 2026-04-19T01:17:25.409Z - OPTIONS /v1/request/count/query
[0] 2026-04-19T01:17:25.409Z - OPTIONS /v1/metrics/latencyOverTime
[0] 2026-04-19T01:17:25.409Z - POST /v1/metrics/errorOverTime
[0] 2026-04-19T01:17:25.409Z - OPTIONS /v1/metrics/quantiles
[0] 2026-04-19T01:17:25.410Z - OPTIONS /v1/metrics/usersOverTime
[0] Session not found for token starting with: 45QPhy7JWU
[0] 401 Unauthorized: Invalid or expired session for path: /v1/metrics/models
[0] POST /v1/metrics/models 401 70 - 1.999 ms
[0] 2026-04-19T01:17:25.410Z - POST /v1/metrics/requestOverTime
[0] 2026-04-19T01:17:25.410Z - POST /v1/request/count/query
[0] 2026-04-19T01:17:25.410Z - POST /v1/metrics/latencyOverTime
[0] 2026-04-19T01:17:25.410Z - OPTIONS /v1/metrics/tokensOverTime
[0] 2026-04-19T01:17:25.411Z - POST /v1/metrics/quantiles
[0] 2026-04-19T01:17:25.412Z - POST /v1/metrics/usersOverTime
[0] Session not found for token starting with: 45QPhy7JWU
[0] 401 Unauthorized: Invalid or expired session for path: /v1/metrics/errorOverTime
[0] POST /v1/metrics/errorOverTime 401 70 - 3.029 ms
[0] 2026-04-19T01:17:25.412Z - OPTIONS /v1/metrics/costOverTime
[0] 2026-04-19T01:17:25.415Z - OPTIONS /v1/metrics/requestStatusOverTime
[0] Session not found for token starting with: 45QPhy7JWU
[0] 401 Unauthorized: Invalid or expired session for path: /v1/metrics/requestOverTime
[0] POST /v1/metrics/requestOverTime 401 70 - 4.701 ms
[0] Session not found for token starting with: 45QPhy7JWU
[0] 401 Unauthorized: Invalid or expired session for path: /v1/request/count/query
[0] POST /v1/request/count/query 401 70 - 4.643 ms
[0] Session not found for token starting with: 45QPhy7JWU
[0] 401 Unauthorized: Invalid or expired session for path: /v1/metrics/latencyOverTime
[0] POST /v1/metrics/latencyOverTime 401 70 - 4.577 ms
[0] 2026-04-19T01:17:25.415Z - POST /v1/metrics/tokensOverTime
[0] Session not found for token starting with: 45QPhy7JWU
[0] 401 Unauthorized: Invalid or expired session for path: /v1/metrics/usersOverTime
[0] POST /v1/metrics/usersOverTime 401 70 - 3.188 ms
[0] Session not found for token starting with: 45QPhy7JWU
[0] 401 Unauthorized: Invalid or expired session for path: /v1/metrics/quantiles
[0] POST /v1/metrics/quantiles 401 70 - 4.548 ms
[0] 2026-04-19T01:17:25.415Z - POST /v1/metrics/costOverTime
[0] 2026-04-19T01:17:25.416Z - POST /v1/metrics/requestStatusOverTime
[0] Session not found for token starting with: 45QPhy7JWU
[0] 401 Unauthorized: Invalid or expired session for path: /v1/metrics/costOverTime
[0] POST /v1/metrics/costOverTime 401 70 - 0.771 ms
[0] Session not found for token starting with: 45QPhy7JWU
[0] 401 Unauthorized: Invalid or expired session for path: /v1/metrics/tokensOverTime
[0] POST /v1/metrics/tokensOverTime 401 70 - 1.228 ms
[0] Session not found for token starting with: 45QPhy7JWU
[0] 401 Unauthorized: Invalid or expired session for path: /v1/metrics/requestStatusOverTime
[0] POST /v1/metrics/requestStatusOverTime 401 70 - 0.932 ms
[0] 2026-04-19T01:17:25.433Z - OPTIONS /v1/metrics/threatsOverTime
[0] 2026-04-19T01:17:25.434Z - OPTIONS /v1/metrics/timeToFirstToken
[0] 2026-04-19T01:17:25.434Z - POST /v1/metrics/threatsOverTime
[0] 2026-04-19T01:17:25.434Z - POST /v1/metrics/timeToFirstToken
[0] Session not found for token starting with: 45QPhy7JWU
[0] 401 Unauthorized: Invalid or expired session for path: /v1/metrics/timeToFirstToken
[0] POST /v1/metrics/timeToFirstToken 401 70 - 1.461 ms
[0] Session not found for token starting with: 45QPhy7JWU
[0] 401 Unauthorized: Invalid or expired session for path: /v1/metrics/threatsOverTime
[0] POST /v1/metrics/threatsOverTime 401 70 - 1.996 ms
[0] 2026-04-19T01:17:25.472Z - OPTIONS /v1/metrics/totalCost
[0] 2026-04-19T01:17:25.474Z - OPTIONS /v1/metrics/averageLatency
[0] 2026-04-19T01:17:25.475Z - OPTIONS /v1/metrics/averageTimeToFirstToken
[0] 2026-04-19T01:17:25.476Z - OPTIONS /v1/metrics/activeUsers
[0] 2026-04-19T01:17:25.477Z - OPTIONS /v1/metrics/totalRequests
[0] 2026-04-19T01:17:25.477Z - OPTIONS /v1/metrics/averageTokensPerRequest
[0] 2026-04-19T01:17:25.477Z - OPTIONS /v1/metrics/totalThreats
[0] 2026-04-19T01:17:25.478Z - POST /v1/metrics/totalCost
[0] 2026-04-19T01:17:25.478Z - POST /v1/metrics/averageLatency
[0] 2026-04-19T01:17:25.479Z - POST /v1/metrics/averageTimeToFirstToken
[0] 2026-04-19T01:17:25.479Z - POST /v1/metrics/activeUsers
[0] 2026-04-19T01:17:25.480Z - POST /v1/metrics/totalRequests
[0] 2026-04-19T01:17:25.480Z - POST /v1/metrics/averageTokensPerRequest
[0] Session not found for token starting with: 45QPhy7JWU
[0] 401 Unauthorized: Invalid or expired session for path: /v1/metrics/totalCost
[0] POST /v1/metrics/totalCost 401 70 - 3.884 ms
[0] Session not found for token starting with: 45QPhy7JWU
[0] 401 Unauthorized: Invalid or expired session for path: /v1/metrics/averageTimeToFirstToken
[0] POST /v1/metrics/averageTimeToFirstToken 401 70 - 2.904 ms
[0] Session not found for token starting with: 45QPhy7JWU
[0] 401 Unauthorized: Invalid or expired session for path: /v1/metrics/averageLatency
[0] POST /v1/metrics/averageLatency 401 70 - 3.371 ms
[0] Session not found for token starting with: 45QPhy7JWU
[0] 401 Unauthorized: Invalid or expired session for path: /v1/metrics/activeUsers
[0] POST /v1/metrics/activeUsers 401 70 - 2.842 ms
[0] Session not found for token starting with: 45QPhy7JWU
[0] 401 Unauthorized: Invalid or expired session for path: /v1/metrics/averageTokensPerRequest
[0] POST /v1/metrics/averageTokensPerRequest 401 70 - 1.911 ms
[0] Session not found for token starting with: 45QPhy7JWU
[0] 401 Unauthorized: Invalid or expired session for path: /v1/metrics/totalRequests
[0] POST /v1/metrics/totalRequests 401 70 - 2.215 ms
[0] 2026-04-19T01:17:25.483Z - POST /v1/metrics/totalThreats
[0] Session not found for token starting with: 45QPhy7JWU
[0] 401 Unauthorized: Invalid or expired session for path: /v1/metrics/totalThreats
[0] POST /v1/metrics/totalThreats 401 70 - 2.015 ms
[0] 2026-04-19T01:17:25.511Z - GET /v1/organization
[0] Session not found for token starting with: 45QPhy7JWU
[0] 2026-04-19T01:17:26.550Z - GET /v1/organization
[0] Session not found for token starting with: 45QPhy7JWU
[0] 2026-04-19T01:17:27.557Z - GET /v1/organization
[0] Session not found for token starting with: 45QPhy7JWU
[0] 2026-04-19T01:17:28.564Z - OPTIONS /v1/organization
[0] 2026-04-19T01:17:28.566Z - GET /v1/organization
[0] Session not found for token starting with: 45QPhy7JWU
[0] 2026-04-19T01:17:29.573Z - GET /v1/organization
[0] Session not found for token starting with: 45QPhy7JWU
[0] 2026-04-19T01:17:30.582Z - GET /v1/organization
[0] Session not found for token starting with: 45QPhy7JWU
[0] 2026-04-19T01:17:31.590Z - GET /v1/organization
[0] Session not found for token starting with: 45QPhy7JWU
[0] 2026-04-19T01:17:32.596Z - GET /v1/organization
[0] Session not found for token starting with: 45QPhy7JWU
[0] 2026-04-19T01:17:33.603Z - OPTIONS /v1/organization
[0] 2026-04-19T01:17:33.605Z - GET /v1/organization
[0] Session not found for token starting with: 45QPhy7JWU
[0] 2026-04-19T01:17:34.616Z - GET /v1/organization
[0] Session not found for token starting with: 45QPhy7JWU
[0] 2026-04-19T01:17:35.623Z - GET /v1/organization
[0] Session not found for token starting with: 45QPhy7JWU
[0] 2026-04-19T01:17:36.631Z - GET /v1/organization
[0] Session not found for token starting with: 45QPhy7JWU
[0] 2026-04-19T01:17:37.639Z - GET /v1/organization
[0] Session not found for token starting with: 45QPhy7JWU
[0] 2026-04-19T01:17:38.645Z - OPTIONS /v1/organization
[0] 2026-04-19T01:17:38.647Z - GET /v1/organization
[0] Session not found for token starting with: 45QPhy7JWU
[0] 2026-04-19T01:17:39.656Z - GET /v1/organization
[0] Session not found for token starting with: 45QPhy7JWU
[0] 2026-04-19T01:17:40.664Z - GET /v1/organization
[0] Session not found for token starting with: 45QPhy7JWU
[0] 2026-04-19T01:17:41.670Z - GET /v1/organization
[0] Session not found for token starting with: 45QPhy7JWU
[0] 2026-04-19T01:17:42.677Z - GET /v1/organization
[0] Session not found for token starting with: 45QPhy7JWU
[0] 2026-04-19T01:17:43.684Z - OPTIONS /v1/organization
[0] 2026-04-19T01:17:43.686Z - GET /v1/organization
[0] Session not found for token starting with: 45QPhy7JWU
[0] 2026-04-19T01:17:44.693Z - GET /v1/organization
[0] Session not found for token starting with: 45QPhy7JWU
[0] 2026-04-19T01:17:45.701Z - GET /v1/organization
[0] Session not found for token starting with: 45QPhy7JWU
[0] 2026-04-19T01:17:46.711Z - GET /v1/organization
[0] Session not found for token starting with: 45QPhy7JWU
[0] 2026-04-19T01:17:47.717Z - GET /v1/organization
[0] Session not found for token starting with: 45QPhy7JWU
[0] 2026-04-19T01:17:48.723Z - OPTIONS /v1/organization
[0] 2026-04-19T01:17:48.724Z - GET /v1/organization
[0] Session not found for token starting with: 45QPhy7JWU
[0] 2026-04-19T01:17:49.732Z - GET /v1/organization
[0] Session not found for token starting with: 45QPhy7JWU
[0] 2026-04-19T01:17:50.738Z - GET /v1/organization
[0] Session not found for token starting with: 45QPhy7JWU
[0] 2026-04-19T01:17:51.746Z - GET /v1/organization
[0] Session not found for token starting with: 45QPhy7JWU
[0] 2026-04-19T01:17:52.753Z - GET /v1/organization
[0] Session not found for token starting with: 45QPhy7JWU
[0] 2026-04-19T01:17:53.759Z - OPTIONS /v1/organization
[0] 2026-04-19T01:17:53.760Z - GET /v1/organization
[0] Session not found for token starting with: 45QPhy7JWU
[0] 2026-04-19T01:17:54.767Z - GET /v1/organization
[0] Session not found for token starting with: 45QPhy7JWU
[0] 2026-04-19T01:17:55.774Z - GET /v1/organization
[0] Session not found for token starting with: 45QPhy7JWU
[0] 2026-04-19T01:17:56.781Z - GET /v1/organization
[0] Session not found for token starting with: 45QPhy7JWU
[0] 2026-04-19T01:17:57.789Z - GET /v1/organization
[0] Session not found for token starting with: 45QPhy7JWU
[0] 2026-04-19T01:17:58.796Z - OPTIONS /v1/organization
[0] 2026-04-19T01:17:58.798Z - GET /v1/organization
[0] Session not found for token starting with: 45QPhy7JWU
[0] 2026-04-19T01:17:59.803Z - GET /v1/organization
[0] Session not found for token starting with: 45QPhy7JWU
[0] 2026-04-19T01:18:00.811Z - GET /v1/organization
[0] Session not found for token starting with: 45QPhy7JWU
[0] 2026-04-19T01:18:01.820Z - GET /v1/organization
[0] Session not found for token starting with: 45QPhy7JWU
[0] 2026-04-19T01:18:02.827Z - GET /v1/organization
[0] Session not found for token starting with: 45QPhy7JWU
[0] 2026-04-19T01:18:03.833Z - OPTIONS /v1/organization
[0] 2026-04-19T01:18:03.834Z - GET /v1/organization
[0] Session not found for token starting with: 45QPhy7JWU
[0] 2026-04-19T01:18:04.841Z - GET /v1/organization
[0] Session not found for token starting with: 45QPhy7JWU
[0] 2026-04-19T01:18:05.849Z - GET /v1/organization
[0] Session not found for token starting with: 45QPhy7JWU
[0] 2026-04-19T01:18:06.857Z - GET /v1/organization
[0] Session not found for token starting with: 45QPhy7JWU
[0] 2026-04-19T01:18:07.863Z - GET /v1/organization
[0] Session not found for token starting with: 45QPhy7JWU
[0] 2026-04-19T01:18:08.871Z - OPTIONS /v1/organization
[0] 2026-04-19T01:18:08.872Z - GET /v1/organization
[0] Session not found for token starting with: 45QPhy7JWU
[0] 2026-04-19T01:18:09.879Z - GET /v1/organization
[0] Session not found for token starting with: 45QPhy7JWU
[0] 2026-04-19T01:18:10.886Z - GET /v1/organization
[0] Session not found for token starting with: 45QPhy7JWU
[0] 2026-04-19T01:18:11.894Z - GET /v1/organization
[0] Session not found for token starting with: 45QPhy7JWU
[0] 2026-04-19T01:18:12.900Z - GET /v1/organization
[0] Session not found for token starting with: 45QPhy7JWU
[0] 2026-04-19T01:18:13.907Z - OPTIONS /v1/organization
[0] 2026-04-19T01:18:13.908Z - GET /v1/organization
[0] Session not found for token starting with: 45QPhy7JWU
[0] 2026-04-19T01:18:14.916Z - GET /v1/organization
[0] Session not found for token starting with: 45QPhy7JWU
[0] 2026-04-19T01:18:15.924Z - GET /v1/organization
[0] Session not found for token starting with: 45QPhy7JWU
[0] 2026-04-19T01:18:16.931Z - GET /v1/organization
[0] Session not found for token starting with: 45QPhy7JWU
[0] 2026-04-19T01:18:17.939Z - GET /v1/organization
[0] Session not found for token starting with: 45QPhy7JWU
[0] 2026-04-19T01:18:18.945Z - OPTIONS /v1/organization
[0] 2026-04-19T01:18:18.956Z - GET /v1/organization
[0] Session not found for token starting with: 45QPhy7JWU
[0] 2026-04-19T01:18:19.963Z - GET /v1/organization
[0] Session not found for token starting with: 45QPhy7JWU
[0] 2026-04-19T01:18:20.970Z - GET /v1/organization
[0] Session not found for token starting with: 45QPhy7JWU
[0] 2026-04-19T01:18:21.977Z - GET /v1/organization
[0] Session not found for token starting with: 45QPhy7JWU
[0] 2026-04-19T01:18:22.984Z - GET /v1/organization
[0] Session not found for token starting with: 45QPhy7JWU
[0] 2026-04-19T01:18:23.992Z - OPTIONS /v1/organization
[0] 2026-04-19T01:18:23.994Z - GET /v1/organization
[0] Session not found for token starting with: 45QPhy7JWU
[0] 2026-04-19T01:18:25.001Z - GET /v1/organization
[0] Session not found for token starting with: 45QPhy7JWU
[0] 2026-04-19T01:18:26.008Z - GET /v1/organization
[0] Session not found for token starting with: 45QPhy7JWU
[0] 2026-04-19T01:18:27.015Z - GET /v1/organization
[0] Session not found for token starting with: 45QPhy7JWU
[0] 2026-04-19T01:18:28.022Z - GET /v1/organization
[0] Session not found for token starting with: 45QPhy7JWU
[0] 2026-04-19T01:18:29.028Z - OPTIONS /v1/organization
[0] 2026-04-19T01:18:29.030Z - GET /v1/organization
[0] Session not found for token starting with: 45QPhy7JWU
[0] 2026-04-19T01:18:30.036Z - GET /v1/organization
[0] Session not found for token starting with: 45QPhy7JWU
[0] 2026-04-19T01:18:31.043Z - GET /v1/organization
[0] Session not found for token starting with: 45QPhy7JWU
[0] 2026-04-19T01:18:32.051Z - GET /v1/organization
[0] Session not found for token starting with: 45QPhy7JWU
[0] 2026-04-19T01:18:33.060Z - GET /v1/organization
[0] Session not found for token starting with: 45QPhy7JWU
[0] 2026-04-19T01:18:34.015Z - OPTIONS /v1/organization
[0] 2026-04-19T01:18:34.017Z - GET /v1/organization
[0] Session not found for token starting with: 45QPhy7JWU
[0] 2026-04-19T01:18:35.023Z - GET /v1/organization
[0] Session not found for token starting with: 45QPhy7JWU
[0] 2026-04-19T01:18:36.031Z - GET /v1/organization
[0] Session not found for token starting with: 45QPhy7JWU
[0] 2026-04-19T01:18:37.038Z - GET /v1/organization
[0] Session not found for token starting with: 45QPhy7JWU
[0] 2026-04-19T01:18:38.046Z - GET /v1/organization
[0] Session not found for token starting with: 45QPhy7JWU
[0] 2026-04-19T01:18:39.054Z - OPTIONS /v1/organization
[0] 2026-04-19T01:18:39.055Z - GET /v1/organization
[0] Session not found for token starting with: 45QPhy7JWU
[0] 2026-04-19T01:18:40.061Z - GET /v1/organization
[0] Session not found for token starting with: 45QPhy7JWU
[0] 2026-04-19T01:18:41.068Z - GET /v1/organization
[0] Session not found for token starting with: 45QPhy7JWU
[0] 2026-04-19T01:18:42.075Z - GET /v1/organization
[0] Session not found for token starting with: 45QPhy7JWU
[0] 2026-04-19T01:18:43.082Z - GET /v1/organization
[0] Session not found for token starting with: 45QPhy7JWU
[0] 2026-04-19T01:18:44.090Z - OPTIONS /v1/organization
[0] 2026-04-19T01:18:44.092Z - GET /v1/organization
[0] Session not found for token starting with: 45QPhy7JWU
[0] 2026-04-19T01:18:45.100Z - GET /v1/organization
[0] Session not found for token starting with: 45QPhy7JWU
[0] 2026-04-19T01:18:46.107Z - GET /v1/organization
[0] Session not found for token starting with: 45QPhy7JWU
[0] 2026-04-19T01:18:47.114Z - GET /v1/organization
[0] Session not found for token starting with: 45QPhy7JWU
[0] 2026-04-19T01:18:48.121Z - GET /v1/organization
[0] Session not found for token starting with: 45QPhy7JWU
[0] 2026-04-19T01:18:49.129Z - OPTIONS /v1/organization
[0] 2026-04-19T01:18:49.130Z - GET /v1/organization
[0] Session not found for token starting with: 45QPhy7JWU
[0] 2026-04-19T01:18:50.137Z - GET /v1/organization
[0] Session not found for token starting with: 45QPhy7JWU
[0] 2026-04-19T01:18:51.144Z - GET /v1/organization
[0] Session not found for token starting with: 45QPhy7JWU
[0] 2026-04-19T01:18:52.155Z - GET /v1/organization
[0] Session not found for token starting with: 45QPhy7JWU
[0] 2026-04-19T01:18:53.168Z - GET /v1/organization
[0] Session not found for token starting with: 45QPhy7JWU
[0] 2026-04-19T01:18:54.181Z - OPTIONS /v1/organization
[0] 2026-04-19T01:18:54.184Z - GET /v1/organization
[0] Session not found for token starting with: 45QPhy7JWU
[0] 2026-04-19T01:18:55.207Z - GET /v1/organization
[0] Session not found for token starting with: 45QPhy7JWU
[0] 2026-04-19T01:18:56.214Z - GET /v1/organization
[0] Session not found for token starting with: 45QPhy7JWU
[0] 2026-04-19T01:18:57.226Z - GET /v1/organization
[0] Session not found for token starting with: 45QPhy7JWU
[0] 2026-04-19T01:18:58.241Z - GET /v1/organization
[0] Session not found for token starting with: 45QPhy7JWU
[0] 2026-04-19T01:18:59.247Z - OPTIONS /v1/organization
[0] 2026-04-19T01:18:59.248Z - GET /v1/organization
[0] Session not found for token starting with: 45QPhy7JWU
[0] 2026-04-19T01:19:00.255Z - GET /v1/organization
[0] Session not found for token starting with: 45QPhy7JWU
[0] 2026-04-19T01:19:01.262Z - GET /v1/organization
[0] Session not found for token starting with: 45QPhy7JWU
[0] 2026-04-19T01:19:02.271Z - GET /v1/organization
[0] Session not found for token starting with: 45QPhy7JWU
[0] 2026-04-19T01:19:03.279Z - GET /v1/organization
[0] Session not found for token starting with: 45QPhy7JWU
[0] 2026-04-19T01:19:04.286Z - OPTIONS /v1/organization
[0] 2026-04-19T01:19:04.287Z - GET /v1/organization
[0] Session not found for token starting with: 45QPhy7JWU
[0] 2026-04-19T01:19:05.294Z - GET /v1/organization
[0] Session not found for token starting with: 45QPhy7JWU
[0] 2026-04-19T01:19:06.304Z - GET /v1/organization
[0] Session not found for token starting with: 45QPhy7JWU
[0] 2026-04-19T01:19:07.313Z - GET /v1/organization
[0] Session not found for token starting with: 45QPhy7JWU
[0] 2026-04-19T01:19:08.322Z - GET /v1/organization
[0] Session not found for token starting with: 45QPhy7JWU
[0] 2026-04-19T01:19:09.330Z - OPTIONS /v1/organization
[0] 2026-04-19T01:19:09.331Z - GET /v1/organization
[0] Session not found for token starting with: 45QPhy7JWU
[0] 2026-04-19T01:19:10.338Z - GET /v1/organization
[0] Session not found for token starting with: 45QPhy7JWU
[0] 2026-04-19T01:19:11.346Z - GET /v1/organization
[0] Session not found for token starting with: 45QPhy7JWU
[0] 2026-04-19T01:19:12.354Z - GET /v1/organization
[0] Session not found for token starting with: 45QPhy7JWU
[0] 2026-04-19T01:19:13.363Z - GET /v1/organization
[0] Session not found for token starting with: 45QPhy7JWU
[0] 2026-04-19T01:19:14.372Z - OPTIONS /v1/organization
[0] 2026-04-19T01:19:14.374Z - GET /v1/organization
[0] Session not found for token starting with: 45QPhy7JWU
[0] 2026-04-19T01:19:15.381Z - GET /v1/organization
[0] Session not found for token starting with: 45QPhy7JWU
[0] 2026-04-19T01:19:16.389Z - GET /v1/organization
[0] Session not found for token starting with: 45QPhy7JWU
[0] 2026-04-19T01:19:17.397Z - GET /v1/organization
[0] Session not found for token starting with: 45QPhy7JWU
[0] 2026-04-19T01:19:18.405Z - GET /v1/organization
[0] Session not found for token starting with: 45QPhy7JWU
[0] 2026-04-19T01:19:19.413Z - OPTIONS /v1/organization
[0] 2026-04-19T01:19:19.414Z - GET /v1/organization
[0] Session not found for token starting with: 45QPhy7JWU
[0] 2026-04-19T01:19:20.420Z - GET /v1/organization
[0] Session not found for token starting with: 45QPhy7JWU
[0] 2026-04-19T01:19:21.429Z - GET /v1/organization
[0] Session not found for token starting with: 45QPhy7JWU
[0] 2026-04-19T01:19:22.435Z - GET /v1/organization
[0] Session not found for token starting with: 45QPhy7JWU
[0] 2026-04-19T01:19:23.443Z - GET /v1/organization
[0] Session not found for token starting with: 45QPhy7JWU
[0] 2026-04-19T01:19:24.451Z - OPTIONS /v1/organization
[0] 2026-04-19T01:19:24.453Z - GET /v1/organization
[0] Session not found for token starting with: 45QPhy7JWU
[0] 2026-04-19T01:19:25.459Z - GET /v1/organization
[0] Session not found for token starting with: 45QPhy7JWU
[0] 2026-04-19T01:19:26.466Z - GET /v1/organization
[0] Session not found for token starting with: 45QPhy7JWU
[0] 2026-04-19T01:19:27.475Z - GET /v1/organization
[0] Session not found for token starting with: 45QPhy7JWU
[0] 2026-04-19T01:19:28.483Z - GET /v1/organization
[0] Session not found for token starting with: 45QPhy7JWU
[0] 2026-04-19T01:19:29.489Z - OPTIONS /v1/organization
[0] 2026-04-19T01:19:29.491Z - GET /v1/organization
[0] Session not found for token starting with: 45QPhy7JWU
[0] 2026-04-19T01:19:30.497Z - GET /v1/organization
[0] Session not found for token starting with: 45QPhy7JWU
[0] 2026-04-19T01:19:31.504Z - GET /v1/organization
[0] Session not found for token starting with: 45QPhy7JWU
[0] 2026-04-19T01:19:32.512Z - GET /v1/organization
[0] Session not found for token starting with: 45QPhy7JWU
[0] 2026-04-19T01:19:33.520Z - GET /v1/organization
[0] Session not found for token starting with: 45QPhy7JWU
[0] 2026-04-19T01:19:34.527Z - OPTIONS /v1/organization
[0] 2026-04-19T01:19:34.529Z - GET /v1/organization
[0] Session not found for token starting with: 45QPhy7JWU
[0] 2026-04-19T01:19:35.544Z - GET /v1/organization
[0] Session not found for token starting with: 45QPhy7JWU
[0] 2026-04-19T01:19:36.552Z - GET /v1/organization
[0] Session not found for token starting with: 45QPhy7JWU
[0] 2026-04-19T01:19:37.561Z - GET /v1/organization
[0] Session not found for token starting with: 45QPhy7JWU
[0] 2026-04-19T01:19:38.568Z - GET /v1/organization
[0] Session not found for token starting with: 45QPhy7JWU
[0] 2026-04-19T01:19:39.576Z - OPTIONS /v1/organization
[0] 2026-04-19T01:19:39.578Z - GET /v1/organization
[0] Session not found for token starting with: 45QPhy7JWU
[0] 2026-04-19T01:19:40.594Z - GET /v1/organization
[0] Session not found for token starting with: 45QPhy7JWU
[0] 2026-04-19T01:19:41.601Z - GET /v1/organization
[0] Session not found for token starting with: 45QPhy7JWU
[0] 2026-04-19T01:19:42.610Z - GET /v1/organization
[0] Session not found for token starting with: 45QPhy7JWU
[0] 2026-04-19T01:19:43.618Z - GET /v1/organization
[0] Session not found for token starting with: 45QPhy7JWU
[0] 2026-04-19T01:19:44.625Z - OPTIONS /v1/organization
[0] 2026-04-19T01:19:44.627Z - GET /v1/organization
[0] Session not found for token starting with: 45QPhy7JWU
[0] 2026-04-19T01:19:45.647Z - GET /v1/organization
[0] Session not found for token starting with: 45QPhy7JWU
[0] 2026-04-19T01:19:46.656Z - GET /v1/organization
[0] Session not found for token starting with: 45QPhy7JWU
[0] 2026-04-19T01:19:47.663Z - GET /v1/organization
[0] Session not found for token starting with: 45QPhy7JWU
[0] 2026-04-19T01:19:48.670Z - GET /v1/organization
[0] Session not found for token starting with: 45QPhy7JWU
[0] 2026-04-19T01:19:49.679Z - OPTIONS /v1/organization
[0] 2026-04-19T01:19:49.680Z - GET /v1/organization
[0] Session not found for token starting with: 45QPhy7JWU
[0] 2026-04-19T01:19:50.690Z - GET /v1/organization
[0] Session not found for token starting with: 45QPhy7JWU
[0] 2026-04-19T01:19:51.697Z - GET /v1/organization
[0] Session not found for token starting with: 45QPhy7JWU
[0] 2026-04-19T01:19:52.706Z - GET /v1/organization
[0] Session not found for token starting with: 45QPhy7JWU
[0] 2026-04-19T01:19:53.712Z - GET /v1/organization
[0] Session not found for token starting with: 45QPhy7JWU
[0] 2026-04-19T01:19:54.719Z - OPTIONS /v1/organization
[0] 2026-04-19T01:19:54.721Z - GET /v1/organization
[0] Session not found for token starting with: 45QPhy7JWU
[0] 2026-04-19T01:19:55.733Z - GET /v1/organization
[0] Session not found for token starting with: 45QPhy7JWU
[0] 2026-04-19T01:19:56.740Z - GET /v1/organization
[0] Session not found for token starting with: 45QPhy7JWU
[0] 2026-04-19T01:19:57.747Z - GET /v1/organization
[0] Session not found for token starting with: 45QPhy7JWU
[0] 2026-04-19T01:19:58.754Z - GET /v1/organization
[0] Session not found for token starting with: 45QPhy7JWU
[0] 2026-04-19T01:19:59.761Z - OPTIONS /v1/organization
[0] 2026-04-19T01:19:59.763Z - GET /v1/organization
[0] Session not found for token starting with: 45QPhy7JWU
[0] 2026-04-19T01:20:00.769Z - GET /v1/organization
[0] Session not found for token starting with: 45QPhy7JWU
[0] 2026-04-19T01:20:01.776Z - GET /v1/organization
[0] Session not found for token starting with: 45QPhy7JWU
[0] 2026-04-19T01:20:02.782Z - GET /v1/organization
[0] Session not found for token starting with: 45QPhy7JWU
[0] 2026-04-19T01:20:03.789Z - GET /v1/organization
[0] Session not found for token starting with: 45QPhy7JWU
[0] 2026-04-19T01:20:04.798Z - OPTIONS /v1/organization
[0] 2026-04-19T01:20:04.800Z - GET /v1/organization
[0] Session not found for token starting with: 45QPhy7JWU
[0] 2026-04-19T01:20:05.807Z - GET /v1/organization
[0] Session not found for token starting with: 45QPhy7JWU
[0] 2026-04-19T01:20:06.814Z - GET /v1/organization
[0] Session not found for token starting with: 45QPhy7JWU
[0] 2026-04-19T01:20:07.821Z - GET /v1/organization
[0] Session not found for token starting with: 45QPhy7JWU
[0] 2026-04-19T01:20:08.829Z - GET /v1/organization
[0] Session not found for token starting with: 45QPhy7JWU
[0] 2026-04-19T01:20:09.835Z - OPTIONS /v1/organization
[0] 2026-04-19T01:20:09.837Z - GET /v1/organization
[0] Session not found for token starting with: 45QPhy7JWU
[0] 2026-04-19T01:20:10.845Z - GET /v1/organization
[0] Session not found for token starting with: 45QPhy7JWU
[0] 2026-04-19T01:20:11.853Z - GET /v1/organization
[0] Session not found for token starting with: 45QPhy7JWU
[0] 2026-04-19T01:20:12.861Z - GET /v1/organization
[0] Session not found for token starting with: 45QPhy7JWU
[0] 2026-04-19T01:20:13.868Z - GET /v1/organization
[0] Session not found for token starting with: 45QPhy7JWU
[0] 2026-04-19T01:20:14.877Z - OPTIONS /v1/organization
[0] 2026-04-19T01:20:14.879Z - GET /v1/organization
[0] Session not found for token starting with: 45QPhy7JWU
[0] 2026-04-19T01:20:15.886Z - GET /v1/organization
[0] Session not found for token starting with: 45QPhy7JWU
[0] 2026-04-19T01:20:16.893Z - GET /v1/organization
[0] Session not found for token starting with: 45QPhy7JWU
[0] 2026-04-19T01:20:17.900Z - GET /v1/organization
[0] Session not found for token starting with: 45QPhy7JWU
[0] 2026-04-19T01:20:18.908Z - GET /v1/organization
[0] Session not found for token starting with: 45QPhy7JWU
[0] 2026-04-19T01:20:19.916Z - OPTIONS /v1/organization
[0] 2026-04-19T01:20:19.917Z - GET /v1/organization
[0] Session not found for token starting with: 45QPhy7JWU
[0] 2026-04-19T01:20:20.924Z - GET /v1/organization
[0] Session not found for token starting with: 45QPhy7JWU
[0] 2026-04-19T01:20:21.932Z - GET /v1/organization
[0] Session not found for token starting with: 45QPhy7JWU
[0] 2026-04-19T01:20:22.938Z - GET /v1/organization
[0] Session not found for token starting with: 45QPhy7JWU
[0] 2026-04-19T01:20:23.948Z - GET /v1/organization
[0] Session not found for token starting with: 45QPhy7JWU
[0] 2026-04-19T01:20:24.954Z - OPTIONS /v1/organization
[0] 2026-04-19T01:20:24.955Z - GET /v1/organization
[0] Session not found for token starting with: 45QPhy7JWU
[0] 2026-04-19T01:20:25.961Z - GET /v1/organization
[0] Session not found for token starting with: 45QPhy7JWU
[0] 2026-04-19T01:20:26.968Z - GET /v1/organization
[0] Session not found for token starting with: 45QPhy7JWU
[0] 2026-04-19T01:20:27.976Z - GET /v1/organization
[0] Session not found for token starting with: 45QPhy7JWU
[0] 2026-04-19T01:20:28.983Z - GET /v1/organization
[0] Session not found for token starting with: 45QPhy7JWU
[0] 2026-04-19T01:20:29.992Z - OPTIONS /v1/organization
[0] 2026-04-19T01:20:29.994Z - GET /v1/organization
[0] Session not found for token starting with: 45QPhy7JWU
[0] 2026-04-19T01:20:31.001Z - GET /v1/organization
[0] Session not found for token starting with: 45QPhy7JWU
[0] 2026-04-19T01:20:32.008Z - GET /v1/organization
[0] Session not found for token starting with: 45QPhy7JWU
[0] 2026-04-19T01:20:33.014Z - GET /v1/organization
[0] Session not found for token starting with: 45QPhy7JWU
[0] 2026-04-19T01:20:34.020Z - GET /v1/organization
[0] Session not found for token starting with: 45QPhy7JWU
[0] 2026-04-19T01:20:35.028Z - OPTIONS /v1/organization
[0] 2026-04-19T01:20:35.030Z - GET /v1/organization
[0] Session not found for token starting with: 45QPhy7JWU
[0] 2026-04-19T01:20:36.037Z - GET /v1/organization
[0] Session not found for token starting with: 45QPhy7JWU
[0] 2026-04-19T01:20:37.045Z - GET /v1/organization
[0] Session not found for token starting with: 45QPhy7JWU
[0] 2026-04-19T01:20:38.052Z - GET /v1/organization
[0] Session not found for token starting with: 45QPhy7JWU
[0] 2026-04-19T01:20:39.058Z - GET /v1/organization
[0] Session not found for token starting with: 45QPhy7JWU
[0] 2026-04-19T01:20:40.066Z - OPTIONS /v1/organization
[0] 2026-04-19T01:20:40.067Z - GET /v1/organization
[0] Session not found for token starting with: 45QPhy7JWU
[0] 2026-04-19T01:20:41.073Z - GET /v1/organization
[0] Session not found for token starting with: 45QPhy7JWU
[0] 2026-04-19T01:20:42.080Z - GET /v1/organization
[0] Session not found for token starting with: 45QPhy7JWU
[0] 2026-04-19T01:20:43.088Z - GET /v1/organization
[0] Session not found for token starting with: 45QPhy7JWU
[0] 2026-04-19T01:20:44.095Z - GET /v1/organization
[0] Session not found for token starting with: 45QPhy7JWU
[0] 2026-04-19T01:20:45.103Z - OPTIONS /v1/organization
[0] 2026-04-19T01:20:45.105Z - GET /v1/organization
[0] Session not found for token starting with: 45QPhy7JWU
[0] 2026-04-19T01:20:46.111Z - GET /v1/organization
[0] Session not found for token starting with: 45QPhy7JWU
[0] 2026-04-19T01:20:47.119Z - GET /v1/organization
[0] Session not found for token starting with: 45QPhy7JWU
[0] 2026-04-19T01:20:48.131Z - GET /v1/organization
[0] Session not found for token starting with: 45QPhy7JWU
[0] 2026-04-19T01:20:49.138Z - GET /v1/organization
[0] Session not found for token starting with: 45QPhy7JWU
[0] 2026-04-19T01:20:50.146Z - OPTIONS /v1/organization
[0] 2026-04-19T01:20:50.148Z - GET /v1/organization
[0] Session not found for token starting with: 45QPhy7JWU
[0] 2026-04-19T01:20:51.154Z - GET /v1/organization
[0] Session not found for token starting with: 45QPhy7JWU
[0] 2026-04-19T01:20:52.161Z - GET /v1/organization
[0] Session not found for token starting with: 45QPhy7JWU
[0] 2026-04-19T01:20:53.171Z - GET /v1/organization
[0] Session not found for token starting with: 45QPhy7JWU
[0] 2026-04-19T01:20:54.179Z - GET /v1/organization
[0] Session not found for token starting with: 45QPhy7JWU
[0] 2026-04-19T01:20:55.186Z - OPTIONS /v1/organization
[0] 2026-04-19T01:20:55.188Z - GET /v1/organization
[0] Session not found for token starting with: 45QPhy7JWU
[0] 2026-04-19T01:20:56.196Z - GET /v1/organization
[0] Session not found for token starting with: 45QPhy7JWU
[0] 2026-04-19T01:20:57.203Z - GET /v1/organization
[0] Session not found for token starting with: 45QPhy7JWU
[0] 2026-04-19T01:20:58.210Z - GET /v1/organization
[0] Session not found for token starting with: 45QPhy7JWU
[0] 2026-04-19T01:20:59.218Z - GET /v1/organization
[0] Session not found for token starting with: 45QPhy7JWU
[0] 2026-04-19T01:21:00.223Z - OPTIONS /v1/organization
[0] 2026-04-19T01:21:00.224Z - GET /v1/organization
[0] Session not found for token starting with: 45QPhy7JWU
[0] 2026-04-19T01:21:01.230Z - GET /v1/organization
[0] Session not found for token starting with: 45QPhy7JWU
[0] 2026-04-19T01:21:02.237Z - GET /v1/organization
[0] Session not found for token starting with: 45QPhy7JWU
[0] 2026-04-19T01:21:03.244Z - GET /v1/organization
[0] Session not found for token starting with: 45QPhy7JWU
[0] 2026-04-19T01:21:04.251Z - GET /v1/organization
[0] Session not found for token starting with: 45QPhy7JWU
[0] 2026-04-19T01:21:05.259Z - OPTIONS /v1/organization
[0] 2026-04-19T01:21:05.260Z - GET /v1/organization
[0] Session not found for token starting with: 45QPhy7JWU
[0] 2026-04-19T01:21:06.269Z - GET /v1/organization
[0] Session not found for token starting with: 45QPhy7JWU
[0] 2026-04-19T01:21:07.278Z - GET /v1/organization
[0] Session not found for token starting with: 45QPhy7JWU
[0] 2026-04-19T01:21:08.289Z - GET /v1/organization
[0] Session not found for token starting with: 45QPhy7JWU
[0] 2026-04-19T01:21:09.300Z - GET /v1/organization
[0] Session not found for token starting with: 45QPhy7JWU
[0] 2026-04-19T01:21:10.314Z - OPTIONS /v1/organization
[0] 2026-04-19T01:21:10.315Z - GET /v1/organization
[0] Session not found for token starting with: 45QPhy7JWU
[0] 2026-04-19T01:21:11.322Z - GET /v1/organization
[0] Session not found for token starting with: 45QPhy7JWU
[0] 2026-04-19T01:21:12.330Z - GET /v1/organization
[0] Session not found for token starting with: 45QPhy7JWU
[0] 2026-04-19T01:21:13.337Z - GET /v1/organization
[0] Session not found for token starting with: 45QPhy7JWU
[0] 2026-04-19T01:21:14.343Z - GET /v1/organization
[0] Session not found for token starting with: 45QPhy7JWU
[0] 2026-04-19T01:21:15.351Z - OPTIONS /v1/organization
[0] 2026-04-19T01:21:15.353Z - GET /v1/organization
[0] Session not found for token starting with: 45QPhy7JWU
[0] 2026-04-19T01:21:16.365Z - GET /v1/organization
[0] Session not found for token starting with: 45QPhy7JWU
[0] 2026-04-19T01:21:17.373Z - GET /v1/organization
[0] Session not found for token starting with: 45QPhy7JWU
[0] 2026-04-19T01:21:18.380Z - GET /v1/organization
[0] Session not found for token starting with: 45QPhy7JWU
[0] 2026-04-19T01:21:19.387Z - GET /v1/organization
[0] Session not found for token starting with: 45QPhy7JWU
[0] 2026-04-19T01:21:20.394Z - OPTIONS /v1/organization
[0] 2026-04-19T01:21:20.396Z - GET /v1/organization
[0] Session not found for token starting with: 45QPhy7JWU
[0] 2026-04-19T01:21:21.404Z - GET /v1/organization
[0] Session not found for token starting with: 45QPhy7JWU
[0] 2026-04-19T01:21:22.412Z - GET /v1/organization
[0] Session not found for token starting with: 45QPhy7JWU
[0] 2026-04-19T01:21:23.418Z - GET /v1/organization
[0] Session not found for token starting with: 45QPhy7JWU
[0] 2026-04-19T01:21:24.424Z - GET /v1/organization
[0] Session not found for token starting with: 45QPhy7JWU
[0] 2026-04-19T01:21:25.432Z - OPTIONS /v1/organization
[0] 2026-04-19T01:21:25.433Z - GET /v1/organization
[0] Session not found for token starting with: 45QPhy7JWU
[0] 2026-04-19T01:21:26.441Z - GET /v1/organization
[0] Session not found for token starting with: 45QPhy7JWU
[0] 2026-04-19T01:21:27.451Z - GET /v1/organization
[0] Session not found for token starting with: 45QPhy7JWU
[0] 2026-04-19T01:21:28.459Z - GET /v1/organization
[0] Session not found for token starting with: 45QPhy7JWU
[0] 2026-04-19T01:21:29.466Z - GET /v1/organization
[0] Session not found for token starting with: 45QPhy7JWU
[0] 2026-04-19T01:21:30.473Z - OPTIONS /v1/organization
[0] 2026-04-19T01:21:30.475Z - GET /v1/organization
[0] Session not found for token starting with: 45QPhy7JWU
[0] 2026-04-19T01:21:31.482Z - GET /v1/organization
[0] Session not found for token starting with: 45QPhy7JWU
[0] 2026-04-19T01:21:32.487Z - GET /v1/organization
[0] Session not found for token starting with: 45QPhy7JWU
[0] 2026-04-19T01:21:33.494Z - GET /v1/organization
[0] Session not found for token starting with: 45QPhy7JWU
[0] 2026-04-19T01:21:34.501Z - GET /v1/organization
[0] Session not found for token starting with: 45QPhy7JWU
[0] 2026-04-19T01:21:35.507Z - OPTIONS /v1/organization
[0] 2026-04-19T01:21:35.509Z - GET /v1/organization
[0] Session not found for token starting with: 45QPhy7JWU
[0] 2026-04-19T01:21:36.518Z - GET /v1/organization
[0] Session not found for token starting with: 45QPhy7JWU
[0] 2026-04-19T01:21:37.526Z - GET /v1/organization
[0] Session not found for token starting with: 45QPhy7JWU
[0] 2026-04-19T01:21:38.534Z - GET /v1/organization
[0] Session not found for token starting with: 45QPhy7JWU
[0] 2026-04-19T01:21:39.542Z - GET /v1/organization
[0] Session not found for token starting with: 45QPhy7JWU
[0] 2026-04-19T01:21:40.550Z - OPTIONS /v1/organization
[0] 2026-04-19T01:21:40.552Z - GET /v1/organization
[0] Session not found for token starting with: 45QPhy7JWU
[0] 2026-04-19T01:21:41.559Z - GET /v1/organization
[0] Session not found for token starting with: 45QPhy7JWU
[0] 2026-04-19T01:21:42.567Z - GET /v1/organization
[0] Session not found for token starting with: 45QPhy7JWU
[0] 2026-04-19T01:21:43.573Z - GET /v1/organization
[0] Session not found for token starting with: 45QPhy7JWU
[0] 2026-04-19T01:21:44.581Z - GET /v1/organization
[0] Session not found for token starting with: 45QPhy7JWU
[0] 2026-04-19T01:21:45.586Z - OPTIONS /v1/organization
[0] 2026-04-19T01:21:45.587Z - GET /v1/organization
[0] Session not found for token starting with: 45QPhy7JWU
[0] 2026-04-19T01:21:46.595Z - GET /v1/organization
[0] Session not found for token starting with: 45QPhy7JWU
[0] 2026-04-19T01:21:47.602Z - GET /v1/organization
[0] Session not found for token starting with: 45QPhy7JWU
[0] 2026-04-19T01:21:48.608Z - GET /v1/organization
[0] Session not found for token starting with: 45QPhy7JWU
[0] 2026-04-19T01:21:49.616Z - GET /v1/organization
[0] Session not found for token starting with: 45QPhy7JWU
[0] 2026-04-19T01:21:50.622Z - OPTIONS /v1/organization
[0] 2026-04-19T01:21:50.623Z - GET /v1/organization
[0] Session not found for token starting with: 45QPhy7JWU
[0] 2026-04-19T01:21:51.628Z - GET /v1/organization
[0] Session not found for token starting with: 45QPhy7JWU
[0] 2026-04-19T01:21:52.634Z - GET /v1/organization
[0] Session not found for token starting with: 45QPhy7JWU
[0] 2026-04-19T01:21:53.641Z - GET /v1/organization
[0] Session not found for token starting with: 45QPhy7JWU
[0] 2026-04-19T01:21:54.646Z - GET /v1/organization
[0] Session not found for token starting with: 45QPhy7JWU
[0] 2026-04-19T01:21:55.652Z - OPTIONS /v1/organization
[0] 2026-04-19T01:21:55.653Z - GET /v1/organization
[0] Session not found for token starting with: 45QPhy7JWU
[0] 2026-04-19T01:21:56.660Z - GET /v1/organization
[0] Session not found for token starting with: 45QPhy7JWU
[0] 2026-04-19T01:21:57.666Z - GET /v1/organization
[0] Session not found for token starting with: 45QPhy7JWU
[0] 2026-04-19T01:21:58.672Z - GET /v1/organization
[0] Session not found for token starting with: 45QPhy7JWU
[0] 2026-04-19T01:21:59.680Z - GET /v1/organization
[0] Session not found for token starting with: 45QPhy7JWU
[0] 2026-04-19T01:22:00.687Z - OPTIONS /v1/organization
[0] 2026-04-19T01:22:00.688Z - GET /v1/organization
[0] Session not found for token starting with: 45QPhy7JWU
[0] 2026-04-19T01:22:01.695Z - GET /v1/organization
[0] Session not found for token starting with: 45QPhy7JWU
[0] 2026-04-19T01:22:02.700Z - GET /v1/organization
[0] Session not found for token starting with: 45QPhy7JWU
[0] 2026-04-19T01:22:03.707Z - GET /v1/organization
[0] Session not found for token starting with: 45QPhy7JWU
[0] 2026-04-19T01:22:04.712Z - GET /v1/organization
[0] Session not found for token starting with: 45QPhy7JWU
[0] 2026-04-19T01:22:05.718Z - OPTIONS /v1/organization
[0] 2026-04-19T01:22:05.719Z - GET /v1/organization
[0] Session not found for token starting with: 45QPhy7JWU
[0] 2026-04-19T01:22:06.726Z - GET /v1/organization
[0] Session not found for token starting with: 45QPhy7JWU
[0] 2026-04-19T01:22:07.733Z - GET /v1/organization
[0] Session not found for token starting with: 45QPhy7JWU
[0] 2026-04-19T01:22:08.741Z - GET /v1/organization
[0] Session not found for token starting with: 45QPhy7JWU
[0] 2026-04-19T01:22:09.748Z - GET /v1/organization
[0] Session not found for token starting with: 45QPhy7JWU
[0] 2026-04-19T01:22:10.756Z - OPTIONS /v1/organization
[0] 2026-04-19T01:22:10.757Z - GET /v1/organization
[0] Session not found for token starting with: 45QPhy7JWU
[0] 2026-04-19T01:22:11.764Z - GET /v1/organization
[0] Session not found for token starting with: 45QPhy7JWU
[0] 2026-04-19T01:22:12.771Z - GET /v1/organization
[0] Session not found for token starting with: 45QPhy7JWU
[0] 2026-04-19T01:22:13.779Z - GET /v1/organization
[0] Session not found for token starting with: 45QPhy7JWU
[0] 2026-04-19T01:22:14.786Z - GET /v1/organization
[0] Session not found for token starting with: 45QPhy7JWU
[0] 2026-04-19T01:22:15.793Z - OPTIONS /v1/organization
[0] 2026-04-19T01:22:15.795Z - GET /v1/organization
[0] Session not found for token starting with: 45QPhy7JWU
[0] 2026-04-19T01:22:16.801Z - GET /v1/organization
[0] Session not found for token starting with: 45QPhy7JWU
[0] 2026-04-19T01:22:17.809Z - GET /v1/organization
[0] Session not found for token starting with: 45QPhy7JWU
[0] 2026-04-19T01:22:18.816Z - GET /v1/organization
[0] Session not found for token starting with: 45QPhy7JWU
[0] 2026-04-19T01:22:19.823Z - GET /v1/organization
[0] Session not found for token starting with: 45QPhy7JWU
[0] 2026-04-19T01:22:20.831Z - OPTIONS /v1/organization
[0] 2026-04-19T01:22:20.833Z - GET /v1/organization
[0] Session not found for token starting with: 45QPhy7JWU
[0] 2026-04-19T01:22:21.840Z - GET /v1/organization
[0] Session not found for token starting with: 45QPhy7JWU
[0] 2026-04-19T01:22:22.848Z - GET /v1/organization
[0] Session not found for token starting with: 45QPhy7JWU
[0] 2026-04-19T01:22:23.855Z - GET /v1/organization
[0] Session not found for token starting with: 45QPhy7JWU
[0] 2026-04-19T01:22:24.861Z - GET /v1/organization
[0] Session not found for token starting with: 45QPhy7JWU
[0] 2026-04-19T01:22:25.868Z - OPTIONS /v1/organization
[0] 2026-04-19T01:22:25.870Z - GET /v1/organization
[0] Session not found for token starting with: 45QPhy7JWU
[0] 2026-04-19T01:22:26.877Z - GET /v1/organization
[0] Session not found for token starting with: 45QPhy7JWU
[0] 2026-04-19T01:22:27.884Z - GET /v1/organization
[0] Session not found for token starting with: 45QPhy7JWU
[0] 2026-04-19T01:22:28.891Z - GET /v1/organization
[0] Session not found for token starting with: 45QPhy7JWU
[0] 2026-04-19T01:22:29.897Z - GET /v1/organization
[0] Session not found for token starting with: 45QPhy7JWU
[0] 2026-04-19T01:22:30.904Z - OPTIONS /v1/organization
[0] 2026-04-19T01:22:30.905Z - GET /v1/organization
[0] Session not found for token starting with: 45QPhy7JWU
[0] 2026-04-19T01:22:31.913Z - GET /v1/organization
[0] Session not found for token starting with: 45QPhy7JWU
[0] 2026-04-19T01:22:32.920Z - GET /v1/organization
[0] Session not found for token starting with: 45QPhy7JWU
[0] 2026-04-19T01:22:33.927Z - GET /v1/organization
[0] Session not found for token starting with: 45QPhy7JWU
[0] 2026-04-19T01:22:34.934Z - GET /v1/organization
[0] Session not found for token starting with: 45QPhy7JWU
[0] 2026-04-19T01:22:35.941Z - OPTIONS /v1/organization
[0] 2026-04-19T01:22:35.942Z - GET /v1/organization
[0] Session not found for token starting with: 45QPhy7JWU
[0] 2026-04-19T01:22:36.949Z - GET /v1/organization
[0] Session not found for token starting with: 45QPhy7JWU
[0] 2026-04-19T01:22:37.955Z - GET /v1/organization
[0] Session not found for token starting with: 45QPhy7JWU
[0] 2026-04-19T01:22:38.963Z - GET /v1/organization
[0] Session not found for token starting with: 45QPhy7JWU
[0] 2026-04-19T01:22:39.970Z - GET /v1/organization
[0] Session not found for token starting with: 45QPhy7JWU
[0] 2026-04-19T01:22:40.977Z - OPTIONS /v1/organization
[0] 2026-04-19T01:22:40.979Z - GET /v1/organization
[0] Session not found for token starting with: 45QPhy7JWU
[0] 2026-04-19T01:22:41.986Z - GET /v1/organization
[0] Session not found for token starting with: 45QPhy7JWU
[0] 2026-04-19T01:22:42.993Z - GET /v1/organization
[0] Session not found for token starting with: 45QPhy7JWU
[0] 2026-04-19T01:22:44.001Z - GET /v1/organization
[0] Session not found for token starting with: 45QPhy7JWU
[0] 2026-04-19T01:22:45.007Z - GET /v1/organization
[0] Session not found for token starting with: 45QPhy7JWU
[0] 2026-04-19T01:22:46.013Z - OPTIONS /v1/organization
[0] 2026-04-19T01:22:46.014Z - GET /v1/organization
[0] Session not found for token starting with: 45QPhy7JWU
[0] 2026-04-19T01:22:47.022Z - GET /v1/organization
[0] Session not found for token starting with: 45QPhy7JWU
[0] 2026-04-19T01:22:48.030Z - GET /v1/organization
[0] Session not found for token starting with: 45QPhy7JWU
[0] 2026-04-19T01:22:49.038Z - GET /v1/organization
[0] Session not found for token starting with: 45QPhy7JWU
[0] 2026-04-19T01:22:50.046Z - GET /v1/organization
[0] Session not found for token starting with: 45QPhy7JWU
[0] 2026-04-19T01:22:51.054Z - OPTIONS /v1/organization
[0] 2026-04-19T01:22:51.056Z - GET /v1/organization
[0] Session not found for token starting with: 45QPhy7JWU
[0] 2026-04-19T01:22:52.063Z - GET /v1/organization
[0] Session not found for token starting with: 45QPhy7JWU
[0] 2026-04-19T01:22:53.070Z - GET /v1/organization
[0] Session not found for token starting with: 45QPhy7JWU
[0] 2026-04-19T01:22:54.078Z - GET /v1/organization
[0] Session not found for token starting with: 45QPhy7JWU
[0] 2026-04-19T01:22:55.085Z - GET /v1/organization
[0] Session not found for token starting with: 45QPhy7JWU
[0] 2026-04-19T01:22:56.093Z - OPTIONS /v1/organization
[0] 2026-04-19T01:22:56.094Z - GET /v1/organization
[0] Session not found for token starting with: 45QPhy7JWU
[0] 2026-04-19T01:22:57.101Z - GET /v1/organization
[0] Session not found for token starting with: 45QPhy7JWU
[0] 2026-04-19T01:22:58.109Z - GET /v1/organization
[0] Session not found for token starting with: 45QPhy7JWU
[0] 2026-04-19T01:22:59.116Z - GET /v1/organization
[0] Session not found for token starting with: 45QPhy7JWU
[0] 2026-04-19T01:23:00.123Z - GET /v1/organization
[0] Session not found for token starting with: 45QPhy7JWU
[0] 2026-04-19T01:23:01.132Z - OPTIONS /v1/organization
[0] 2026-04-19T01:23:01.133Z - GET /v1/organization
[0] Session not found for token starting with: 45QPhy7JWU
[0] 2026-04-19T01:23:02.139Z - GET /v1/organization
[0] Session not found for token starting with: 45QPhy7JWU
[0] 2026-04-19T01:23:03.147Z - GET /v1/organization
[0] Session not found for token starting with: 45QPhy7JWU
[0] 2026-04-19T01:23:04.156Z - GET /v1/organization
[0] Session not found for token starting with: 45QPhy7JWU
[0] 2026-04-19T01:23:05.164Z - GET /v1/organization
[0] Session not found for token starting with: 45QPhy7JWU
[0] 2026-04-19T01:23:06.170Z - OPTIONS /v1/organization
[0] 2026-04-19T01:23:06.172Z - GET /v1/organization
[0] Session not found for token starting with: 45QPhy7JWU
[0] 2026-04-19T01:23:07.178Z - GET /v1/organization
[0] Session not found for token starting with: 45QPhy7JWU
[0] 2026-04-19T01:23:08.185Z - GET /v1/organization
[0] Session not found for token starting with: 45QPhy7JWU
[0] 2026-04-19T01:23:09.193Z - GET /v1/organization
[0] Session not found for token starting with: 45QPhy7JWU
[0] 2026-04-19T01:23:10.201Z - GET /v1/organization
[0] Session not found for token starting with: 45QPhy7JWU
[0] 2026-04-19T01:23:11.209Z - OPTIONS /v1/organization
[0] 2026-04-19T01:23:11.211Z - GET /v1/organization
[0] Session not found for token starting with: 45QPhy7JWU
[0] 2026-04-19T01:23:12.219Z - GET /v1/organization
[0] Session not found for token starting with: 45QPhy7JWU
[0] 2026-04-19T01:23:13.226Z - GET /v1/organization
[0] Session not found for token starting with: 45QPhy7JWU
[0] 2026-04-19T01:23:14.234Z - GET /v1/organization
[0] Session not found for token starting with: 45QPhy7JWU
[0] 2026-04-19T01:23:15.241Z - GET /v1/organization
[0] Session not found for token starting with: 45QPhy7JWU
[0] 2026-04-19T01:23:16.249Z - OPTIONS /v1/organization
[0] 2026-04-19T01:23:16.251Z - GET /v1/organization
[0] Session not found for token starting with: 45QPhy7JWU
[0] 2026-04-19T01:23:17.259Z - GET /v1/organization
[0] Session not found for token starting with: 45QPhy7JWU
[0] 2026-04-19T01:23:18.267Z - GET /v1/organization
[0] Session not found for token starting with: 45QPhy7JWU
[0] 2026-04-19T01:23:19.274Z - GET /v1/organization
[0] Session not found for token starting with: 45QPhy7JWU
[0] 2026-04-19T01:23:20.283Z - GET /v1/organization
[0] Session not found for token starting with: 45QPhy7JWU
[0] 2026-04-19T01:23:21.291Z - OPTIONS /v1/organization
[0] 2026-04-19T01:23:21.293Z - GET /v1/organization
[0] Session not found for token starting with: 45QPhy7JWU
[0] 2026-04-19T01:23:22.301Z - GET /v1/organization
[0] Session not found for token starting with: 45QPhy7JWU
[0] 2026-04-19T01:23:23.310Z - GET /v1/organization
[0] Session not found for token starting with: 45QPhy7JWU
[0] 2026-04-19T01:23:24.316Z - GET /v1/organization
[0] Session not found for token starting with: 45QPhy7JWU
[0] 2026-04-19T01:23:25.323Z - GET /v1/organization
[0] Session not found for token starting with: 45QPhy7JWU
[0] 2026-04-19T01:23:26.329Z - OPTIONS /v1/organization
[0] 2026-04-19T01:23:26.330Z - GET /v1/organization
[0] Session not found for token starting with: 45QPhy7JWU
[0] 2026-04-19T01:23:27.338Z - GET /v1/organization
[0] Session not found for token starting with: 45QPhy7JWU
[0] 2026-04-19T01:23:28.346Z - GET /v1/organization
[0] Session not found for token starting with: 45QPhy7JWU
[0] 2026-04-19T01:23:29.355Z - GET /v1/organization
[0] Session not found for token starting with: 45QPhy7JWU
[0] 2026-04-19T01:23:30.364Z - GET /v1/organization
[0] Session not found for token starting with: 45QPhy7JWU
[0] 2026-04-19T01:23:31.371Z - OPTIONS /v1/organization
[0] 2026-04-19T01:23:31.373Z - GET /v1/organization
[0] Session not found for token starting with: 45QPhy7JWU
[0] 2026-04-19T01:23:32.381Z - GET /v1/organization
[0] Session not found for token starting with: 45QPhy7JWU
[0] 2026-04-19T01:23:33.388Z - GET /v1/organization
[0] Session not found for token starting with: 45QPhy7JWU
[0] 2026-04-19T01:23:34.396Z - GET /v1/organization
[0] Session not found for token starting with: 45QPhy7JWU
[0] 2026-04-19T01:23:35.403Z - GET /v1/organization
[0] Session not found for token starting with: 45QPhy7JWU
[0] 2026-04-19T01:23:36.411Z - OPTIONS /v1/organization
[0] 2026-04-19T01:23:36.413Z - GET /v1/organization
[0] Session not found for token starting with: 45QPhy7JWU
[0] 2026-04-19T01:23:37.422Z - GET /v1/organization
[0] Session not found for token starting with: 45QPhy7JWU
[0] 2026-04-19T01:23:38.430Z - GET /v1/organization
[0] Session not found for token starting with: 45QPhy7JWU
[0] 2026-04-19T01:23:39.437Z - GET /v1/organization
[0] Session not found for token starting with: 45QPhy7JWU
[0] 2026-04-19T01:23:40.445Z - GET /v1/organization
[0] Session not found for token starting with: 45QPhy7JWU
[0] 2026-04-19T01:23:41.452Z - OPTIONS /v1/organization
[0] 2026-04-19T01:23:41.453Z - GET /v1/organization
[0] Session not found for token starting with: 45QPhy7JWU
[0] 2026-04-19T01:23:42.460Z - GET /v1/organization
[0] Session not found for token starting with: 45QPhy7JWU
[0] 2026-04-19T01:23:43.467Z - GET /v1/organization
[0] Session not found for token starting with: 45QPhy7JWU
[0] 2026-04-19T01:23:44.475Z - GET /v1/organization
[0] Session not found for token starting with: 45QPhy7JWU
[0] 2026-04-19T01:23:45.483Z - GET /v1/organization
[0] Session not found for token starting with: 45QPhy7JWU
[0] 2026-04-19T01:23:46.494Z - OPTIONS /v1/organization
[0] 2026-04-19T01:23:46.497Z - GET /v1/organization
[0] Session not found for token starting with: 45QPhy7JWU
[0] 2026-04-19T01:23:47.503Z - GET /v1/organization
[0] Session not found for token starting with: 45QPhy7JWU
[0] 2026-04-19T01:23:48.509Z - GET /v1/organization
[0] Session not found for token starting with: 45QPhy7JWU
[0] 2026-04-19T01:23:49.517Z - GET /v1/organization
[0] Session not found for token starting with: 45QPhy7JWU
[0] 2026-04-19T01:23:50.523Z - GET /v1/organization
[0] Session not found for token starting with: 45QPhy7JWU
[0] 2026-04-19T01:23:51.532Z - OPTIONS /v1/organization
[0] 2026-04-19T01:23:51.533Z - GET /v1/organization
[0] Session not found for token starting with: 45QPhy7JWU
[0] 2026-04-19T01:23:52.540Z - GET /v1/organization
[0] Session not found for token starting with: 45QPhy7JWU
[0] 2026-04-19T01:23:53.548Z - GET /v1/organization
[0] Session not found for token starting with: 45QPhy7JWU
[0] 2026-04-19T01:23:54.554Z - GET /v1/organization
[0] Session not found for token starting with: 45QPhy7JWU
[0] 2026-04-19T01:23:55.562Z - GET /v1/organization
[0] Session not found for token starting with: 45QPhy7JWU
[0] 2026-04-19T01:23:56.570Z - OPTIONS /v1/organization
[0] 2026-04-19T01:23:56.572Z - GET /v1/organization
[0] Session not found for token starting with: 45QPhy7JWU
[0] 2026-04-19T01:23:57.579Z - GET /v1/organization
[0] Session not found for token starting with: 45QPhy7JWU
[0] 2026-04-19T01:23:58.585Z - GET /v1/organization
[0] Session not found for token starting with: 45QPhy7JWU
[0] 2026-04-19T01:23:59.592Z - GET /v1/organization
[0] Session not found for token starting with: 45QPhy7JWU
[0] 2026-04-19T01:24:00.598Z - GET /v1/organization
[0] Session not found for token starting with: 45QPhy7JWU
[0] 2026-04-19T01:24:01.604Z - OPTIONS /v1/organization
[0] 2026-04-19T01:24:01.606Z - GET /v1/organization
[0] Session not found for token starting with: 45QPhy7JWU
[0] 2026-04-19T01:24:02.612Z - GET /v1/organization
[0] Session not found for token starting with: 45QPhy7JWU
[0] 2026-04-19T01:24:03.620Z - GET /v1/organization
[0] Session not found for token starting with: 45QPhy7JWU
[0] 2026-04-19T01:24:04.628Z - GET /v1/organization
[0] Session not found for token starting with: 45QPhy7JWU
[0] 2026-04-19T01:24:05.634Z - GET /v1/organization
[0] Session not found for token starting with: 45QPhy7JWU
[0] 2026-04-19T01:24:06.641Z - OPTIONS /v1/organization
[0] 2026-04-19T01:24:06.643Z - GET /v1/organization
[0] Session not found for token starting with: 45QPhy7JWU
[0] 2026-04-19T01:24:07.650Z - GET /v1/organization
[0] Session not found for token starting with: 45QPhy7JWU
[0] 2026-04-19T01:24:08.657Z - GET /v1/organization
[0] Session not found for token starting with: 45QPhy7JWU
[0] 2026-04-19T01:24:09.663Z - GET /v1/organization
[0] Session not found for token starting with: 45QPhy7JWU
[0] 2026-04-19T01:24:10.671Z - GET /v1/organization
[0] Session not found for token starting with: 45QPhy7JWU
[0] 2026-04-19T01:24:11.678Z - OPTIONS /v1/organization
[0] 2026-04-19T01:24:11.680Z - GET /v1/organization
[0] Session not found for token starting with: 45QPhy7JWU
[0] 2026-04-19T01:24:12.687Z - GET /v1/organization
[0] Session not found for token starting with: 45QPhy7JWU
[0] 2026-04-19T01:24:13.695Z - GET /v1/organization
[0] Session not found for token starting with: 45QPhy7JWU
[0] 2026-04-19T01:24:14.702Z - GET /v1/organization
[0] Session not found for token starting with: 45QPhy7JWU
[0] 2026-04-19T01:24:15.710Z - GET /v1/organization
[0] Session not found for token starting with: 45QPhy7JWU
[0] 2026-04-19T01:24:16.717Z - OPTIONS /v1/organization
[0] 2026-04-19T01:24:16.718Z - GET /v1/organization
[0] Session not found for token starting with: 45QPhy7JWU
[0] 2026-04-19T01:24:17.725Z - GET /v1/organization
[0] Session not found for token starting with: 45QPhy7JWU
[0] 2026-04-19T01:24:18.732Z - GET /v1/organization
[0] Session not found for token starting with: 45QPhy7JWU
[0] 2026-04-19T01:24:19.738Z - GET /v1/organization
[0] Session not found for token starting with: 45QPhy7JWU
[0] 2026-04-19T01:24:20.745Z - GET /v1/organization
[0] Session not found for token starting with: 45QPhy7JWU
[0] 2026-04-19T01:24:21.752Z - OPTIONS /v1/organization
[0] 2026-04-19T01:24:21.753Z - GET /v1/organization
[0] Session not found for token starting with: 45QPhy7JWU
[0] 2026-04-19T01:24:22.760Z - GET /v1/organization
[0] Session not found for token starting with: 45QPhy7JWU
[0] 2026-04-19T01:24:23.768Z - GET /v1/organization
[0] Session not found for token starting with: 45QPhy7JWU
[0] 2026-04-19T01:24:24.776Z - GET /v1/organization
[0] Session not found for token starting with: 45QPhy7JWU
[0] 2026-04-19T01:24:25.783Z - GET /v1/organization
[0] Session not found for token starting with: 45QPhy7JWU
[0] 2026-04-19T01:24:26.789Z - OPTIONS /v1/organization
[0] 2026-04-19T01:24:26.791Z - GET /v1/organization
[0] Session not found for token starting with: 45QPhy7JWU
[0] 2026-04-19T01:24:27.797Z - GET /v1/organization
[0] Session not found for token starting with: 45QPhy7JWU
[0] 2026-04-19T01:24:28.804Z - GET /v1/organization
[0] Session not found for token starting with: 45QPhy7JWU
[0] 2026-04-19T01:24:29.810Z - GET /v1/organization
[0] Session not found for token starting with: 45QPhy7JWU
[0] 2026-04-19T01:24:30.818Z - GET /v1/organization
[0] Session not found for token starting with: 45QPhy7JWU
[0] 2026-04-19T01:24:31.824Z - OPTIONS /v1/organization
[0] 2026-04-19T01:24:31.826Z - GET /v1/organization
[0] Session not found for token starting with: 45QPhy7JWU
[0] 2026-04-19T01:24:32.834Z - GET /v1/organization
[0] Session not found for token starting with: 45QPhy7JWU
[0] 2026-04-19T01:24:33.841Z - GET /v1/organization
[0] Session not found for token starting with: 45QPhy7JWU
[0] 2026-04-19T01:24:34.850Z - GET /v1/organization
[0] Session not found for token starting with: 45QPhy7JWU
[0] 2026-04-19T01:24:35.857Z - GET /v1/organization
[0] Session not found for token starting with: 45QPhy7JWU
[0] 2026-04-19T01:24:36.863Z - OPTIONS /v1/organization
[0] 2026-04-19T01:24:36.865Z - GET /v1/organization
[0] Session not found for token starting with: 45QPhy7JWU
[0] 2026-04-19T01:24:37.872Z - GET /v1/organization
[0] Session not found for token starting with: 45QPhy7JWU
[0] 2026-04-19T01:24:38.878Z - GET /v1/organization
[0] Session not found for token starting with: 45QPhy7JWU
[0] 2026-04-19T01:24:39.886Z - GET /v1/organization
[0] Session not found for token starting with: 45QPhy7JWU
[0] 2026-04-19T01:24:40.893Z - GET /v1/organization
[0] Session not found for token starting with: 45QPhy7JWU
[0] 2026-04-19T01:24:41.901Z - OPTIONS /v1/organization
[0] 2026-04-19T01:24:41.902Z - GET /v1/organization
[0] Session not found for token starting with: 45QPhy7JWU
[0] 2026-04-19T01:24:42.910Z - GET /v1/organization
[0] Session not found for token starting with: 45QPhy7JWU
[0] 2026-04-19T01:24:43.917Z - GET /v1/organization
[0] Session not found for token starting with: 45QPhy7JWU
[0] 2026-04-19T01:24:44.925Z - GET /v1/organization
[0] Session not found for token starting with: 45QPhy7JWU
[0] 2026-04-19T01:24:45.933Z - GET /v1/organization
[0] Session not found for token starting with: 45QPhy7JWU
[0] 2026-04-19T01:24:46.942Z - OPTIONS /v1/organization
[0] 2026-04-19T01:24:46.943Z - GET /v1/organization
[0] Session not found for token starting with: 45QPhy7JWU
[0] 2026-04-19T01:24:47.951Z - GET /v1/organization
[0] Session not found for token starting with: 45QPhy7JWU
[0] 2026-04-19T01:24:48.958Z - GET /v1/organization
[0] Session not found for token starting with: 45QPhy7JWU
[0] 2026-04-19T01:24:49.965Z - GET /v1/organization
[0] Session not found for token starting with: 45QPhy7JWU
[0] 2026-04-19T01:24:50.973Z - GET /v1/organization
[0] Session not found for token starting with: 45QPhy7JWU
[0] 2026-04-19T01:24:51.981Z - OPTIONS /v1/organization
[0] 2026-04-19T01:24:51.983Z - GET /v1/organization
[0] Session not found for token starting with: 45QPhy7JWU
[0] 2026-04-19T01:24:52.989Z - GET /v1/organization
[0] Session not found for token starting with: 45QPhy7JWU
[0] 2026-04-19T01:24:53.995Z - GET /v1/organization
[0] Session not found for token starting with: 45QPhy7JWU
[0] 2026-04-19T01:24:55.002Z - GET /v1/organization
[0] Session not found for token starting with: 45QPhy7JWU
[0] 2026-04-19T01:24:56.010Z - GET /v1/organization
[0] Session not found for token starting with: 45QPhy7JWU
[0] 2026-04-19T01:24:57.017Z - OPTIONS /v1/organization
[0] 2026-04-19T01:24:57.019Z - GET /v1/organization
[0] Session not found for token starting with: 45QPhy7JWU
[0] 2026-04-19T01:24:58.026Z - GET /v1/organization
[0] Session not found for token starting with: 45QPhy7JWU
[0] 2026-04-19T01:24:59.033Z - GET /v1/organization
[0] Session not found for token starting with: 45QPhy7JWU
[0] 2026-04-19T01:25:00.039Z - GET /v1/organization
[0] Session not found for token starting with: 45QPhy7JWU
[0] 2026-04-19T01:25:01.052Z - GET /v1/organization
[0] Session not found for token starting with: 45QPhy7JWU
[0] 2026-04-19T01:25:02.061Z - OPTIONS /v1/organization
[0] 2026-04-19T01:25:02.063Z - GET /v1/organization
[0] Session not found for token starting with: 45QPhy7JWU
[0] 2026-04-19T01:25:03.071Z - GET /v1/organization
[0] Session not found for token starting with: 45QPhy7JWU
[0] 2026-04-19T01:25:04.078Z - GET /v1/organization
[0] Session not found for token starting with: 45QPhy7JWU
[0] 2026-04-19T01:25:05.085Z - GET /v1/organization
[0] Session not found for token starting with: 45QPhy7JWU
[0] 2026-04-19T01:25:06.092Z - GET /v1/organization
[0] Session not found for token starting with: 45QPhy7JWU
[0] 2026-04-19T01:25:07.101Z - OPTIONS /v1/organization
[0] 2026-04-19T01:25:07.102Z - GET /v1/organization
[0] Session not found for token starting with: 45QPhy7JWU
[0] 2026-04-19T01:25:08.109Z - GET /v1/organization
[0] Session not found for token starting with: 45QPhy7JWU
[0] 2026-04-19T01:25:09.115Z - GET /v1/organization
[0] Session not found for token starting with: 45QPhy7JWU
[0] 2026-04-19T01:25:10.124Z - GET /v1/organization
[0] Session not found for token starting with: 45QPhy7JWU
[0] 2026-04-19T01:25:11.131Z - GET /v1/organization
[0] Session not found for token starting with: 45QPhy7JWU
[0] 2026-04-19T01:25:12.139Z - OPTIONS /v1/organization
[0] 2026-04-19T01:25:12.141Z - GET /v1/organization
[0] Session not found for token starting with: 45QPhy7JWU
[0] 2026-04-19T01:25:13.149Z - GET /v1/organization
[0] Session not found for token starting with: 45QPhy7JWU
[0] 2026-04-19T01:25:14.157Z - GET /v1/organization
[0] Session not found for token starting with: 45QPhy7JWU
[0] 2026-04-19T01:25:15.164Z - GET /v1/organization
[0] Session not found for token starting with: 45QPhy7JWU
[0] 2026-04-19T01:25:16.170Z - GET /v1/organization
[0] Session not found for token starting with: 45QPhy7JWU
[0] 2026-04-19T01:25:17.178Z - OPTIONS /v1/organization
[0] 2026-04-19T01:25:17.179Z - GET /v1/organization
[0] Session not found for token starting with: 45QPhy7JWU
[0] 2026-04-19T01:25:18.187Z - GET /v1/organization
[0] Session not found for token starting with: 45QPhy7JWU
[0] 2026-04-19T01:25:19.195Z - GET /v1/organization
[0] Session not found for token starting with: 45QPhy7JWU
[0] 2026-04-19T01:25:20.204Z - GET /v1/organization
[0] Session not found for token starting with: 45QPhy7JWU
[0] 2026-04-19T01:25:21.218Z - GET /v1/organization
[0] Session not found for token starting with: 45QPhy7JWU
[0] 2026-04-19T01:25:22.225Z - OPTIONS /v1/organization
[0] 2026-04-19T01:25:22.227Z - GET /v1/organization
[0] Session not found for token starting with: 45QPhy7JWU
[0] 2026-04-19T01:25:23.238Z - GET /v1/organization
[0] Session not found for token starting with: 45QPhy7JWU
[0] 2026-04-19T01:25:24.244Z - GET /v1/organization
[0] Session not found for token starting with: 45QPhy7JWU
[0] 2026-04-19T01:25:25.251Z - GET /v1/organization
[0] Session not found for token starting with: 45QPhy7JWU
[0] 2026-04-19T01:25:26.259Z - GET /v1/organization
[0] Session not found for token starting with: 45QPhy7JWU
[0] 2026-04-19T01:25:27.268Z - OPTIONS /v1/organization
[0] 2026-04-19T01:25:27.270Z - GET /v1/organization
[0] Session not found for token starting with: 45QPhy7JWU
[0] 2026-04-19T01:25:28.277Z - GET /v1/organization
[0] Session not found for token starting with: 45QPhy7JWU
[0] 2026-04-19T01:25:29.285Z - GET /v1/organization
[0] Session not found for token starting with: 45QPhy7JWU
[0] 2026-04-19T01:25:30.294Z - GET /v1/organization
[0] Session not found for token starting with: 45QPhy7JWU
[0] 2026-04-19T01:25:31.320Z - GET /v1/organization
[0] Session not found for token starting with: 45QPhy7JWU
[0] 2026-04-19T01:25:32.539Z - OPTIONS /v1/organization
[0] 2026-04-19T01:25:32.543Z - GET /v1/organization
[0] Session not found for token starting with: 45QPhy7JWU
[0] 2026-04-19T01:25:33.555Z - GET /v1/organization
[0] Session not found for token starting with: 45QPhy7JWU
[0] 2026-04-19T01:25:34.562Z - GET /v1/organization
[0] Session not found for token starting with: 45QPhy7JWU
[0] 2026-04-19T01:25:35.570Z - GET /v1/organization
[0] Session not found for token starting with: 45QPhy7JWU
[0] 2026-04-19T01:25:36.578Z - GET /v1/organization
[0] Session not found for token starting with: 45QPhy7JWU
[0] 2026-04-19T01:25:37.586Z - OPTIONS /v1/organization
[0] 2026-04-19T01:25:37.588Z - GET /v1/organization
[0] Session not found for token starting with: 45QPhy7JWU
[0] 2026-04-19T01:25:38.597Z - GET /v1/organization
[0] Session not found for token starting with: 45QPhy7JWU
[0] 2026-04-19T01:25:39.604Z - GET /v1/organization
[0] Session not found for token starting with: 45QPhy7JWU
[0] 2026-04-19T01:25:40.610Z - GET /v1/organization
[0] Session not found for token starting with: 45QPhy7JWU
[0] 2026-04-19T01:25:41.618Z - GET /v1/organization
[0] Session not found for token starting with: 45QPhy7JWU
[0] 2026-04-19T01:25:42.626Z - OPTIONS /v1/organization
[0] 2026-04-19T01:25:42.628Z - GET /v1/organization
[0] Session not found for token starting with: 45QPhy7JWU
[0] 2026-04-19T01:25:43.636Z - GET /v1/organization
[0] Session not found for token starting with: 45QPhy7JWU
[0] 2026-04-19T01:25:44.644Z - GET /v1/organization
[0] Session not found for token starting with: 45QPhy7JWU
[0] 2026-04-19T01:25:45.656Z - GET /v1/organization
[0] Session not found for token starting with: 45QPhy7JWU
[0] 2026-04-19T01:25:46.668Z - GET /v1/organization
[0] Session not found for token starting with: 45QPhy7JWU
[0] 2026-04-19T01:25:47.681Z - OPTIONS /v1/organization
[0] 2026-04-19T01:25:47.683Z - GET /v1/organization
[0] Session not found for token starting with: 45QPhy7JWU
[0] 2026-04-19T01:25:48.694Z - GET /v1/organization
[0] Session not found for token starting with: 45QPhy7JWU
[0] 2026-04-19T01:25:49.708Z - GET /v1/organization
[0] Session not found for token starting with: 45QPhy7JWU
[0] 2026-04-19T01:25:50.721Z - GET /v1/organization
[0] Session not found for token starting with: 45QPhy7JWU
[0] 2026-04-19T01:25:51.730Z - GET /v1/organization
[0] Session not found for token starting with: 45QPhy7JWU
[0] 2026-04-19T01:25:52.735Z - OPTIONS /v1/organization
[0] 2026-04-19T01:25:52.737Z - GET /v1/organization
[0] Session not found for token starting with: 45QPhy7JWU
[0] 2026-04-19T01:25:53.747Z - GET /v1/organization
[0] Session not found for token starting with: 45QPhy7JWU
[0] 2026-04-19T01:25:54.754Z - GET /v1/organization
[0] Session not found for token starting with: 45QPhy7JWU
[0] 2026-04-19T01:25:55.762Z - GET /v1/organization
[0] Session not found for token starting with: 45QPhy7JWU
[0] 2026-04-19T01:25:56.769Z - GET /v1/organization
[0] Session not found for token starting with: 45QPhy7JWU
[0] 2026-04-19T01:25:57.781Z - OPTIONS /v1/organization
[0] 2026-04-19T01:25:57.782Z - GET /v1/organization
[0] Session not found for token starting with: 45QPhy7JWU
[0] 2026-04-19T01:25:58.790Z - GET /v1/organization
[0] Session not found for token starting with: 45QPhy7JWU
[0] 2026-04-19T01:25:59.796Z - GET /v1/organization
[0] Session not found for token starting with: 45QPhy7JWU
[0] 2026-04-19T01:26:00.807Z - GET /v1/organization
[0] Session not found for token starting with: 45QPhy7JWU
[0] 2026-04-19T01:26:01.815Z - GET /v1/organization
[0] Session not found for token starting with: 45QPhy7JWU
[0] 2026-04-19T01:26:02.823Z - OPTIONS /v1/organization
[0] 2026-04-19T01:26:02.825Z - GET /v1/organization
[0] Session not found for token starting with: 45QPhy7JWU
[0] 2026-04-19T01:26:03.831Z - GET /v1/organization
[0] Session not found for token starting with: 45QPhy7JWU
[0] 2026-04-19T01:26:04.839Z - GET /v1/organization
[0] Session not found for token starting with: 45QPhy7JWU
[0] 2026-04-19T01:26:05.847Z - GET /v1/organization
[0] Session not found for token starting with: 45QPhy7JWU
[0] 2026-04-19T01:26:06.855Z - GET /v1/organization
[0] Session not found for token starting with: 45QPhy7JWU
[0] 2026-04-19T01:26:07.861Z - OPTIONS /v1/organization
[0] 2026-04-19T01:26:07.862Z - GET /v1/organization
[0] Session not found for token starting with: 45QPhy7JWU
[0] 2026-04-19T01:26:08.869Z - GET /v1/organization
[0] Session not found for token starting with: 45QPhy7JWU
[0] 2026-04-19T01:26:09.876Z - GET /v1/organization
[0] Session not found for token starting with: 45QPhy7JWU
[0] 2026-04-19T01:26:10.883Z - GET /v1/organization
[0] Session not found for token starting with: 45QPhy7JWU
[0] 2026-04-19T01:26:11.892Z - GET /v1/organization
[0] Session not found for token starting with: 45QPhy7JWU
[0] 2026-04-19T01:26:12.899Z - OPTIONS /v1/organization
[0] 2026-04-19T01:26:12.900Z - GET /v1/organization
[0] Session not found for token starting with: 45QPhy7JWU
[0] 2026-04-19T01:26:13.908Z - GET /v1/organization
[0] Session not found for token starting with: 45QPhy7JWU
[0] 2026-04-19T01:26:14.914Z - GET /v1/organization
[0] Session not found for token starting with: 45QPhy7JWU
[0] 2026-04-19T01:26:15.925Z - GET /v1/organization
[0] Session not found for token starting with: 45QPhy7JWU
[0] 2026-04-19T01:26:16.939Z - GET /v1/organization
[0] Session not found for token starting with: 45QPhy7JWU
[0] 2026-04-19T01:26:17.949Z - OPTIONS /v1/organization
[0] 2026-04-19T01:26:17.952Z - GET /v1/organization
[0] Session not found for token starting with: 45QPhy7JWU
[0] 2026-04-19T01:26:18.961Z - GET /v1/organization
[0] Session not found for token starting with: 45QPhy7JWU
[0] 2026-04-19T01:26:19.970Z - GET /v1/organization
[0] Session not found for token starting with: 45QPhy7JWU
[0] 2026-04-19T01:26:20.979Z - GET /v1/organization
[0] Session not found for token starting with: 45QPhy7JWU
[0] 2026-04-19T01:26:21.988Z - GET /v1/organization
[0] Session not found for token starting with: 45QPhy7JWU
[0] 2026-04-19T01:26:22.995Z - OPTIONS /v1/organization
[0] 2026-04-19T01:26:22.997Z - GET /v1/organization
[0] Session not found for token starting with: 45QPhy7JWU
[0] 2026-04-19T01:26:24.006Z - GET /v1/organization
[0] Session not found for token starting with: 45QPhy7JWU
[0] 2026-04-19T01:26:25.014Z - GET /v1/organization
[0] Session not found for token starting with: 45QPhy7JWU
[0] 2026-04-19T01:26:26.023Z - GET /v1/organization
[0] Session not found for token starting with: 45QPhy7JWU
[0] 2026-04-19T01:26:27.036Z - GET /v1/organization
[0] Session not found for token starting with: 45QPhy7JWU
[0] 2026-04-19T01:26:28.045Z - OPTIONS /v1/organization
[0] 2026-04-19T01:26:28.048Z - GET /v1/organization
[0] Session not found for token starting with: 45QPhy7JWU
[0] 2026-04-19T01:26:29.056Z - GET /v1/organization
[0] Session not found for token starting with: 45QPhy7JWU
[0] 2026-04-19T01:26:30.063Z - GET /v1/organization
[0] Session not found for token starting with: 45QPhy7JWU
[0] 2026-04-19T01:26:31.070Z - GET /v1/organization
[0] Session not found for token starting with: 45QPhy7JWU
[0] 2026-04-19T01:26:32.079Z - GET /v1/organization
[0] Session not found for token starting with: 45QPhy7JWU
[0] 2026-04-19T01:26:33.086Z - OPTIONS /v1/organization
[0] 2026-04-19T01:26:33.088Z - GET /v1/organization
[0] Session not found for token starting with: 45QPhy7JWU
[0] 2026-04-19T01:26:34.094Z - GET /v1/organization
[0] Session not found for token starting with: 45QPhy7JWU
[0] 2026-04-19T01:26:35.101Z - GET /v1/organization
[0] Session not found for token starting with: 45QPhy7JWU
[0] 2026-04-19T01:26:36.109Z - GET /v1/organization
[0] Session not found for token starting with: 45QPhy7JWU
[0] 2026-04-19T01:26:37.117Z - GET /v1/organization
[0] Session not found for token starting with: 45QPhy7JWU
[0] 2026-04-19T01:26:38.125Z - OPTIONS /v1/organization
[0] 2026-04-19T01:26:38.127Z - GET /v1/organization
[0] Session not found for token starting with: 45QPhy7JWU
[0] 2026-04-19T01:26:39.137Z - GET /v1/organization
[0] Session not found for token starting with: 45QPhy7JWU
[0] 2026-04-19T01:26:40.145Z - GET /v1/organization
[0] Session not found for token starting with: 45QPhy7JWU
[0] 2026-04-19T01:26:41.153Z - GET /v1/organization
[0] Session not found for token starting with: 45QPhy7JWU
[0] 2026-04-19T01:26:42.161Z - GET /v1/organization
[0] Session not found for token starting with: 45QPhy7JWU
[0] 2026-04-19T01:26:43.169Z - OPTIONS /v1/organization
[0] 2026-04-19T01:26:43.171Z - GET /v1/organization
[0] Session not found for token starting with: 45QPhy7JWU
[0] 2026-04-19T01:26:44.179Z - GET /v1/organization
[0] Session not found for token starting with: 45QPhy7JWU
[0] 2026-04-19T01:26:45.186Z - GET /v1/organization
[0] Session not found for token starting with: 45QPhy7JWU
[0] 2026-04-19T01:26:46.194Z - GET /v1/organization
[0] Session not found for token starting with: 45QPhy7JWU
[0] 2026-04-19T01:26:47.201Z - GET /v1/organization
[0] Session not found for token starting with: 45QPhy7JWU
[0] 2026-04-19T01:26:48.209Z - OPTIONS /v1/organization
[0] 2026-04-19T01:26:48.210Z - GET /v1/organization
[0] Session not found for token starting with: 45QPhy7JWU
[0] 2026-04-19T01:26:49.217Z - GET /v1/organization
[0] Session not found for token starting with: 45QPhy7JWU
[0] 2026-04-19T01:26:50.224Z - GET /v1/organization
[0] Session not found for token starting with: 45QPhy7JWU
[0] 2026-04-19T01:26:51.233Z - GET /v1/organization
[0] Session not found for token starting with: 45QPhy7JWU
[0] 2026-04-19T01:26:52.243Z - GET /v1/organization
[0] Session not found for token starting with: 45QPhy7JWU
[0] 2026-04-19T01:26:53.255Z - OPTIONS /v1/organization
[0] 2026-04-19T01:26:53.257Z - GET /v1/organization
[0] Session not found for token starting with: 45QPhy7JWU
[0] 2026-04-19T01:26:54.266Z - GET /v1/organization
[0] Session not found for token starting with: 45QPhy7JWU
[0] 2026-04-19T01:26:55.273Z - GET /v1/organization
[0] Session not found for token starting with: 45QPhy7JWU
[0] 2026-04-19T01:26:56.283Z - GET /v1/organization
[0] Session not found for token starting with: 45QPhy7JWU
[0] 2026-04-19T01:26:57.291Z - GET /v1/organization
[0] Session not found for token starting with: 45QPhy7JWU
[0] 2026-04-19T01:26:58.299Z - OPTIONS /v1/organization
[0] 2026-04-19T01:26:58.301Z - GET /v1/organization
[0] Session not found for token starting with: 45QPhy7JWU
[0] 2026-04-19T01:26:59.309Z - GET /v1/organization
[0] Session not found for token starting with: 45QPhy7JWU
[0] 2026-04-19T01:27:00.316Z - GET /v1/organization
[0] Session not found for token starting with: 45QPhy7JWU
[0] 2026-04-19T01:27:01.325Z - GET /v1/organization
[0] Session not found for token starting with: 45QPhy7JWU
[0] 2026-04-19T01:27:02.907Z - GET /v1/organization
[0] Session not found for token starting with: 45QPhy7JWU
[0] 2026-04-19T01:27:03.926Z - OPTIONS /v1/organization
[0] 2026-04-19T01:27:03.928Z - GET /v1/organization
[0] Session not found for token starting with: 45QPhy7JWU
[0] 2026-04-19T01:27:04.937Z - GET /v1/organization
[0] Session not found for token starting with: 45QPhy7JWU
[0] 2026-04-19T01:27:05.943Z - GET /v1/organization
[0] Session not found for token starting with: 45QPhy7JWU
[0] 2026-04-19T01:27:06.950Z - GET /v1/organization
[0] Session not found for token starting with: 45QPhy7JWU
[0] 2026-04-19T01:27:08.010Z - GET /v1/organization
[0] Session not found for token starting with: 45QPhy7JWU
[0] 2026-04-19T01:27:09.019Z - OPTIONS /v1/organization
[0] 2026-04-19T01:27:09.020Z - GET /v1/organization
[0] Session not found for token starting with: 45QPhy7JWU
[0] 2026-04-19T01:27:10.033Z - GET /v1/organization
[0] Session not found for token starting with: 45QPhy7JWU
[0] 2026-04-19T01:27:11.041Z - GET /v1/organization
[0] Session not found for token starting with: 45QPhy7JWU
[0] 2026-04-19T01:27:12.049Z - GET /v1/organization
[0] Session not found for token starting with: 45QPhy7JWU
[0] 2026-04-19T01:27:13.057Z - GET /v1/organization
[0] Session not found for token starting with: 45QPhy7JWU
[0] 2026-04-19T01:27:14.065Z - OPTIONS /v1/organization
[0] 2026-04-19T01:27:14.067Z - GET /v1/organization
[0] Session not found for token starting with: 45QPhy7JWU
[0] 2026-04-19T01:27:15.088Z - GET /v1/organization
[0] Session not found for token starting with: 45QPhy7JWU
[0] 2026-04-19T01:27:16.096Z - GET /v1/organization
[0] Session not found for token starting with: 45QPhy7JWU
[0] 2026-04-19T01:27:17.103Z - GET /v1/organization
[0] Session not found for token starting with: 45QPhy7JWU
[0] 2026-04-19T01:27:18.110Z - GET /v1/organization
[0] Session not found for token starting with: 45QPhy7JWU
[0] 2026-04-19T01:27:19.118Z - OPTIONS /v1/organization
[0] 2026-04-19T01:27:19.120Z - GET /v1/organization
[0] Session not found for token starting with: 45QPhy7JWU
[0] 2026-04-19T01:27:20.128Z - GET /v1/organization
[0] Session not found for token starting with: 45QPhy7JWU
[0] 2026-04-19T01:27:21.136Z - GET /v1/organization
[0] Session not found for token starting with: 45QPhy7JWU
[0] 2026-04-19T01:27:22.145Z - GET /v1/organization
[0] Session not found for token starting with: 45QPhy7JWU
[0] 2026-04-19T01:27:23.152Z - GET /v1/organization
[0] Session not found for token starting with: 45QPhy7JWU
[0] 2026-04-19T01:27:24.160Z - OPTIONS /v1/organization
[0] 2026-04-19T01:27:24.162Z - GET /v1/organization
[0] Session not found for token starting with: 45QPhy7JWU
[0] 2026-04-19T01:27:25.171Z - GET /v1/organization
[0] Session not found for token starting with: 45QPhy7JWU
[0] 2026-04-19T01:27:26.180Z - GET /v1/organization
[0] Session not found for token starting with: 45QPhy7JWU
[0] 2026-04-19T01:27:27.188Z - GET /v1/organization
[0] Session not found for token starting with: 45QPhy7JWU
[0] 2026-04-19T01:27:28.196Z - GET /v1/organization
[0] Session not found for token starting with: 45QPhy7JWU
[0] 2026-04-19T01:27:29.203Z - OPTIONS /v1/organization
[0] 2026-04-19T01:27:29.205Z - GET /v1/organization
[0] Session not found for token starting with: 45QPhy7JWU
[0] 2026-04-19T01:27:30.213Z - GET /v1/organization
[0] Session not found for token starting with: 45QPhy7JWU
[0] 2026-04-19T01:27:31.220Z - GET /v1/organization
[0] Session not found for token starting with: 45QPhy7JWU
[0] 2026-04-19T01:27:32.228Z - GET /v1/organization
[0] Session not found for token starting with: 45QPhy7JWU
[0] 2026-04-19T01:27:33.235Z - GET /v1/organization
[0] Session not found for token starting with: 45QPhy7JWU
[0] 2026-04-19T01:27:34.247Z - OPTIONS /v1/organization
[0] 2026-04-19T01:27:34.248Z - GET /v1/organization
[0] Session not found for token starting with: 45QPhy7JWU
[0] 2026-04-19T01:27:35.256Z - GET /v1/organization
[0] Session not found for token starting with: 45QPhy7JWU
[0] 2026-04-19T01:27:36.263Z - GET /v1/organization
[0] Session not found for token starting with: 45QPhy7JWU
[0] 2026-04-19T01:27:37.272Z - GET /v1/organization
[0] Session not found for token starting with: 45QPhy7JWU
[0] 2026-04-19T01:27:38.280Z - GET /v1/organization
[0] Session not found for token starting with: 45QPhy7JWU
[0] 2026-04-19T01:27:39.289Z - OPTIONS /v1/organization
[0] 2026-04-19T01:27:39.292Z - GET /v1/organization
[0] Session not found for token starting with: 45QPhy7JWU
[0] 2026-04-19T01:27:40.299Z - GET /v1/organization
[0] Session not found for token starting with: 45QPhy7JWU
[0] 2026-04-19T01:27:41.308Z - GET /v1/organization
[0] Session not found for token starting with: 45QPhy7JWU
[0] 2026-04-19T01:27:42.317Z - GET /v1/organization
[0] Session not found for token starting with: 45QPhy7JWU
[0] 2026-04-19T01:27:43.324Z - GET /v1/organization
[0] Session not found for token starting with: 45QPhy7JWU
[0] 2026-04-19T01:27:44.332Z - OPTIONS /v1/organization
[0] 2026-04-19T01:27:44.334Z - GET /v1/organization
[0] Session not found for token starting with: 45QPhy7JWU
[0] 2026-04-19T01:27:45.340Z - GET /v1/organization
[0] Session not found for token starting with: 45QPhy7JWU
[0] 2026-04-19T01:27:46.348Z - GET /v1/organization
[0] Session not found for token starting with: 45QPhy7JWU
[0] 2026-04-19T01:27:47.356Z - GET /v1/organization
[0] Session not found for token starting with: 45QPhy7JWU
[0] 2026-04-19T01:27:48.383Z - GET /v1/organization
[0] Session not found for token starting with: 45QPhy7JWU
[0] 2026-04-19T01:27:49.393Z - OPTIONS /v1/organization
[0] 2026-04-19T01:27:49.398Z - GET /v1/organization
[0] Session not found for token starting with: 45QPhy7JWU
[0] 2026-04-19T01:27:50.405Z - GET /v1/organization
[0] Session not found for token starting with: 45QPhy7JWU
[0] 2026-04-19T01:27:51.412Z - GET /v1/organization
[0] Session not found for token starting with: 45QPhy7JWU
[0] 2026-04-19T01:27:52.421Z - GET /v1/organization
[0] Session not found for token starting with: 45QPhy7JWU
[0] 2026-04-19T01:27:53.429Z - GET /v1/organization
[0] Session not found for token starting with: 45QPhy7JWU
[0] 2026-04-19T01:27:54.437Z - OPTIONS /v1/organization
[0] 2026-04-19T01:27:54.440Z - GET /v1/organization
[0] Session not found for token starting with: 45QPhy7JWU
[0] 2026-04-19T01:27:55.449Z - GET /v1/organization
[0] Session not found for token starting with: 45QPhy7JWU
[0] 2026-04-19T01:27:56.456Z - GET /v1/organization
[0] Session not found for token starting with: 45QPhy7JWU
[0] 2026-04-19T01:27:57.465Z - GET /v1/organization
[0] Session not found for token starting with: 45QPhy7JWU
[0] 2026-04-19T01:27:58.474Z - GET /v1/organization
[0] Session not found for token starting with: 45QPhy7JWU
[0] 2026-04-19T01:27:59.482Z - OPTIONS /v1/organization
[0] 2026-04-19T01:27:59.483Z - GET /v1/organization
[0] Session not found for token starting with: 45QPhy7JWU
[0] 2026-04-19T01:28:00.489Z - GET /v1/organization
[0] Session not found for token starting with: 45QPhy7JWU
[0] 2026-04-19T01:28:01.495Z - GET /v1/organization
[0] Session not found for token starting with: 45QPhy7JWU
[0] 2026-04-19T01:28:02.503Z - GET /v1/organization
[0] Session not found for token starting with: 45QPhy7JWU
[0] 2026-04-19T01:28:03.510Z - GET /v1/organization
[0] Session not found for token starting with: 45QPhy7JWU
[0] 2026-04-19T01:28:04.518Z - OPTIONS /v1/organization
[0] 2026-04-19T01:28:04.520Z - GET /v1/organization
[0] Session not found for token starting with: 45QPhy7JWU
[0] 2026-04-19T01:28:05.534Z - GET /v1/organization
[0] Session not found for token starting with: 45QPhy7JWU
[0] 2026-04-19T01:28:06.541Z - GET /v1/organization
[0] Session not found for token starting with: 45QPhy7JWU
[0] 2026-04-19T01:28:07.548Z - GET /v1/organization
[0] Session not found for token starting with: 45QPhy7JWU
[0] 2026-04-19T01:28:08.555Z - GET /v1/organization
[0] Session not found for token starting with: 45QPhy7JWU
[0] 2026-04-19T01:28:09.566Z - OPTIONS /v1/organization
[0] 2026-04-19T01:28:09.568Z - GET /v1/organization
[0] Session not found for token starting with: 45QPhy7JWU
[0] 2026-04-19T01:28:10.575Z - GET /v1/organization
[0] Session not found for token starting with: 45QPhy7JWU
[0] 2026-04-19T01:28:11.583Z - GET /v1/organization
[0] Session not found for token starting with: 45QPhy7JWU
[0] 2026-04-19T01:28:12.592Z - GET /v1/organization
[0] Session not found for token starting with: 45QPhy7JWU
[0] 2026-04-19T01:28:13.601Z - GET /v1/organization
[0] Session not found for token starting with: 45QPhy7JWU
[0] 2026-04-19T01:28:14.608Z - OPTIONS /v1/organization
[0] 2026-04-19T01:28:14.609Z - GET /v1/organization
[0] Session not found for token starting with: 45QPhy7JWU
[0] 2026-04-19T01:28:15.617Z - GET /v1/organization
[0] Session not found for token starting with: 45QPhy7JWU
[0] 2026-04-19T01:28:16.624Z - GET /v1/organization
[0] Session not found for token starting with: 45QPhy7JWU
[0] 2026-04-19T01:28:17.634Z - GET /v1/organization
[0] Session not found for token starting with: 45QPhy7JWU
[0] 2026-04-19T01:28:18.641Z - GET /v1/organization
[0] Session not found for token starting with: 45QPhy7JWU
[0] 2026-04-19T01:28:19.650Z - OPTIONS /v1/organization
[0] 2026-04-19T01:28:19.657Z - GET /v1/organization
[0] Session not found for token starting with: 45QPhy7JWU
[0] 2026-04-19T01:28:20.664Z - GET /v1/organization
[0] Session not found for token starting with: 45QPhy7JWU
[0] 2026-04-19T01:28:21.670Z - GET /v1/organization
[0] Session not found for token starting with: 45QPhy7JWU
[0] 2026-04-19T01:28:22.676Z - GET /v1/organization
[0] Session not found for token starting with: 45QPhy7JWU
[0] 2026-04-19T01:28:23.684Z - GET /v1/organization
[0] Session not found for token starting with: 45QPhy7JWU
[0] 2026-04-19T01:28:24.693Z - OPTIONS /v1/organization
[0] 2026-04-19T01:28:24.695Z - GET /v1/organization
[0] Session not found for token starting with: 45QPhy7JWU
[0] 2026-04-19T01:28:25.703Z - GET /v1/organization
[0] Session not found for token starting with: 45QPhy7JWU
[0] 2026-04-19T01:28:26.712Z - GET /v1/organization
[0] Session not found for token starting with: 45QPhy7JWU
[0] 2026-04-19T01:28:27.722Z - GET /v1/organization
[0] Session not found for token starting with: 45QPhy7JWU
[0] 2026-04-19T01:28:28.730Z - GET /v1/organization
[0] Session not found for token starting with: 45QPhy7JWU
[0] 2026-04-19T01:28:29.738Z - OPTIONS /v1/organization
[0] 2026-04-19T01:28:29.740Z - GET /v1/organization
[0] Session not found for token starting with: 45QPhy7JWU
[0] 2026-04-19T01:28:30.748Z - GET /v1/organization
[0] Session not found for token starting with: 45QPhy7JWU
[0] 2026-04-19T01:28:31.758Z - GET /v1/organization
[0] Session not found for token starting with: 45QPhy7JWU
[0] 2026-04-19T01:28:32.773Z - GET /v1/organization
[0] Session not found for token starting with: 45QPhy7JWU
[0] 2026-04-19T01:28:33.781Z - GET /v1/organization
[0] Session not found for token starting with: 45QPhy7JWU
[0] 2026-04-19T01:28:34.791Z - OPTIONS /v1/organization
[0] 2026-04-19T01:28:34.795Z - GET /v1/organization
[0] Session not found for token starting with: 45QPhy7JWU
[0] 2026-04-19T01:28:35.805Z - GET /v1/organization
[0] Session not found for token starting with: 45QPhy7JWU
[0] 2026-04-19T01:28:36.814Z - GET /v1/organization
[0] Session not found for token starting with: 45QPhy7JWU
[0] 2026-04-19T01:28:37.821Z - GET /v1/organization
[0] Session not found for token starting with: 45QPhy7JWU
[0] 2026-04-19T01:28:38.830Z - GET /v1/organization
[0] Session not found for token starting with: 45QPhy7JWU
[0] 2026-04-19T01:28:39.838Z - OPTIONS /v1/organization
[0] 2026-04-19T01:28:39.840Z - GET /v1/organization
[0] Session not found for token starting with: 45QPhy7JWU
[0] 2026-04-19T01:28:40.848Z - GET /v1/organization
[0] Session not found for token starting with: 45QPhy7JWU
[0] 2026-04-19T01:28:41.854Z - GET /v1/organization
[0] Session not found for token starting with: 45QPhy7JWU
[0] 2026-04-19T01:28:42.862Z - GET /v1/organization
[0] Session not found for token starting with: 45QPhy7JWU
[0] 2026-04-19T01:28:43.870Z - GET /v1/organization
[0] Session not found for token starting with: 45QPhy7JWU
[0] 2026-04-19T01:28:44.877Z - OPTIONS /v1/organization
[0] 2026-04-19T01:28:44.878Z - GET /v1/organization
[0] Session not found for token starting with: 45QPhy7JWU
[0] 2026-04-19T01:28:45.886Z - GET /v1/organization
[0] Session not found for token starting with: 45QPhy7JWU
[0] 2026-04-19T01:28:46.895Z - GET /v1/organization
[0] Session not found for token starting with: 45QPhy7JWU
[0] 2026-04-19T01:28:47.904Z - GET /v1/organization
[0] Session not found for token starting with: 45QPhy7JWU
[0] 2026-04-19T01:28:48.913Z - GET /v1/organization
[0] Session not found for token starting with: 45QPhy7JWU
[0] 2026-04-19T01:28:49.919Z - OPTIONS /v1/organization
[0] 2026-04-19T01:28:49.921Z - GET /v1/organization
[0] Session not found for token starting with: 45QPhy7JWU
[0] 2026-04-19T01:28:50.928Z - GET /v1/organization
[0] Session not found for token starting with: 45QPhy7JWU
[0] 2026-04-19T01:28:51.936Z - GET /v1/organization
[0] Session not found for token starting with: 45QPhy7JWU
[0] 2026-04-19T01:28:52.943Z - GET /v1/organization
[0] Session not found for token starting with: 45QPhy7JWU
[0] 2026-04-19T01:28:53.952Z - GET /v1/organization
[0] Session not found for token starting with: 45QPhy7JWU
[0] 2026-04-19T01:28:54.960Z - OPTIONS /v1/organization
[0] 2026-04-19T01:28:54.964Z - GET /v1/organization
[0] Session not found for token starting with: 45QPhy7JWU
[0] 2026-04-19T01:28:55.973Z - GET /v1/organization
[0] Session not found for token starting with: 45QPhy7JWU
[0] 2026-04-19T01:28:56.981Z - GET /v1/organization
[0] Session not found for token starting with: 45QPhy7JWU
[0] 2026-04-19T01:28:57.988Z - GET /v1/organization
[0] Session not found for token starting with: 45QPhy7JWU
[0] 2026-04-19T01:28:58.996Z - GET /v1/organization
[0] Session not found for token starting with: 45QPhy7JWU
[0] 2026-04-19T01:29:00.004Z - OPTIONS /v1/organization
[0] 2026-04-19T01:29:00.006Z - GET /v1/organization
[0] Session not found for token starting with: 45QPhy7JWU
[0] 2026-04-19T01:29:01.015Z - GET /v1/organization
[0] Session not found for token starting with: 45QPhy7JWU
[0] 2026-04-19T01:29:02.022Z - GET /v1/organization
[0] Session not found for token starting with: 45QPhy7JWU
[0] 2026-04-19T01:29:03.031Z - GET /v1/organization
[0] Session not found for token starting with: 45QPhy7JWU
[0] 2026-04-19T01:29:04.039Z - GET /v1/organization
[0] Session not found for token starting with: 45QPhy7JWU
[0] 2026-04-19T01:29:05.047Z - OPTIONS /v1/organization
[0] 2026-04-19T01:29:05.049Z - GET /v1/organization
[0] Session not found for token starting with: 45QPhy7JWU
[0] 2026-04-19T01:29:06.058Z - GET /v1/organization
[0] Session not found for token starting with: 45QPhy7JWU
[0] 2026-04-19T01:29:07.066Z - GET /v1/organization
[0] Session not found for token starting with: 45QPhy7JWU
[0] 2026-04-19T01:29:08.086Z - GET /v1/organization
[0] Session not found for token starting with: 45QPhy7JWU
[0] 2026-04-19T01:29:09.098Z - GET /v1/organization
[0] Session not found for token starting with: 45QPhy7JWU
[0] 2026-04-19T01:29:10.106Z - OPTIONS /v1/organization
[0] 2026-04-19T01:29:10.108Z - GET /v1/organization
[0] Session not found for token starting with: 45QPhy7JWU
[0] 2026-04-19T01:29:11.118Z - GET /v1/organization
[0] Session not found for token starting with: 45QPhy7JWU
[0] 2026-04-19T01:29:12.126Z - GET /v1/organization
[0] Session not found for token starting with: 45QPhy7JWU
[0] 2026-04-19T01:29:13.135Z - GET /v1/organization
[0] Session not found for token starting with: 45QPhy7JWU
[0] 2026-04-19T01:29:14.144Z - GET /v1/organization
[0] Session not found for token starting with: 45QPhy7JWU
[0] 2026-04-19T01:29:15.155Z - OPTIONS /v1/organization
[0] 2026-04-19T01:29:15.157Z - GET /v1/organization
[0] Session not found for token starting with: 45QPhy7JWU
[0] 2026-04-19T01:29:16.169Z - GET /v1/organization
[0] Session not found for token starting with: 45QPhy7JWU
[0] 2026-04-19T01:29:17.181Z - GET /v1/organization
[0] Session not found for token starting with: 45QPhy7JWU
[0] 2026-04-19T01:29:18.195Z - GET /v1/organization
[0] Session not found for token starting with: 45QPhy7JWU
[0] 2026-04-19T01:29:19.204Z - GET /v1/organization
[0] Session not found for token starting with: 45QPhy7JWU
[0] 2026-04-19T01:29:20.211Z - OPTIONS /v1/organization
[0] 2026-04-19T01:29:20.213Z - GET /v1/organization
[0] Session not found for token starting with: 45QPhy7JWU
[0] 2026-04-19T01:29:21.222Z - GET /v1/organization
[0] Session not found for token starting with: 45QPhy7JWU
[0] 2026-04-19T01:29:22.232Z - GET /v1/organization
[0] Session not found for token starting with: 45QPhy7JWU
[0] 2026-04-19T01:29:23.240Z - GET /v1/organization
[0] Session not found for token starting with: 45QPhy7JWU
[0] 2026-04-19T01:29:24.247Z - GET /v1/organization
[0] Session not found for token starting with: 45QPhy7JWU
[0] 2026-04-19T01:29:25.255Z - OPTIONS /v1/organization
[0] 2026-04-19T01:29:25.257Z - GET /v1/organization
[0] Session not found for token starting with: 45QPhy7JWU
[0] 2026-04-19T01:29:26.266Z - GET /v1/organization
[0] Session not found for token starting with: 45QPhy7JWU
[0] 2026-04-19T01:29:27.275Z - GET /v1/organization
[0] Session not found for token starting with: 45QPhy7JWU
[0] 2026-04-19T01:29:28.284Z - GET /v1/organization
[0] Session not found for token starting with: 45QPhy7JWU
[0] 2026-04-19T01:29:29.291Z - GET /v1/organization
[0] Session not found for token starting with: 45QPhy7JWU
[0] 2026-04-19T01:29:30.298Z - OPTIONS /v1/organization
[0] 2026-04-19T01:29:30.300Z - GET /v1/organization
[0] Session not found for token starting with: 45QPhy7JWU
[0] 2026-04-19T01:29:31.308Z - GET /v1/organization
[0] Session not found for token starting with: 45QPhy7JWU
[0] 2026-04-19T01:29:32.317Z - GET /v1/organization
[0] Session not found for token starting with: 45QPhy7JWU
[0] 2026-04-19T01:29:33.325Z - GET /v1/organization
[0] Session not found for token starting with: 45QPhy7JWU
[0] 2026-04-19T01:29:34.333Z - GET /v1/organization
[0] Session not found for token starting with: 45QPhy7JWU
[0] 2026-04-19T01:29:35.341Z - OPTIONS /v1/organization
[0] 2026-04-19T01:29:35.343Z - GET /v1/organization
[0] Session not found for token starting with: 45QPhy7JWU
[0] 2026-04-19T01:29:36.350Z - GET /v1/organization
[0] Session not found for token starting with: 45QPhy7JWU
[0] 2026-04-19T01:29:37.361Z - GET /v1/organization
[0] Session not found for token starting with: 45QPhy7JWU
[0] 2026-04-19T01:29:38.370Z - GET /v1/organization
[0] Session not found for token starting with: 45QPhy7JWU
[0] 2026-04-19T01:29:39.377Z - GET /v1/organization
[0] Session not found for token starting with: 45QPhy7JWU
[0] 2026-04-19T01:29:40.385Z - OPTIONS /v1/organization
[0] 2026-04-19T01:29:40.386Z - GET /v1/organization
[0] Session not found for token starting with: 45QPhy7JWU
[0] 2026-04-19T01:29:41.393Z - GET /v1/organization
[0] Session not found for token starting with: 45QPhy7JWU
[0] 2026-04-19T01:29:42.401Z - GET /v1/organization
[0] Session not found for token starting with: 45QPhy7JWU
[0] 2026-04-19T01:29:43.408Z - GET /v1/organization
[0] Session not found for token starting with: 45QPhy7JWU
[0] 2026-04-19T01:29:44.418Z - GET /v1/organization
[0] Session not found for token starting with: 45QPhy7JWU
[0] 2026-04-19T01:29:45.425Z - OPTIONS /v1/organization
[0] 2026-04-19T01:29:45.427Z - GET /v1/organization
[0] Session not found for token starting with: 45QPhy7JWU
[0] 2026-04-19T01:29:46.436Z - GET /v1/organization
[0] Session not found for token starting with: 45QPhy7JWU
[0] 2026-04-19T01:29:47.443Z - GET /v1/organization
[0] Session not found for token starting with: 45QPhy7JWU
[0] 2026-04-19T01:29:48.450Z - GET /v1/organization
[0] Session not found for token starting with: 45QPhy7JWU
[0] 2026-04-19T01:29:49.456Z - GET /v1/organization
[0] Session not found for token starting with: 45QPhy7JWU
[0] 2026-04-19T01:29:50.464Z - OPTIONS /v1/organization
[0] 2026-04-19T01:29:50.465Z - GET /v1/organization
[0] Session not found for token starting with: 45QPhy7JWU
[0] 2026-04-19T01:29:51.474Z - GET /v1/organization
[0] Session not found for token starting with: 45QPhy7JWU
[0] 2026-04-19T01:29:52.481Z - GET /v1/organization
[0] Session not found for token starting with: 45QPhy7JWU
[0] 2026-04-19T01:29:53.487Z - GET /v1/organization
[0] Session not found for token starting with: 45QPhy7JWU
[0] 2026-04-19T01:29:54.494Z - GET /v1/organization
[0] Session not found for token starting with: 45QPhy7JWU
[0] 2026-04-19T01:29:55.501Z - OPTIONS /v1/organization
[0] 2026-04-19T01:29:55.503Z - GET /v1/organization
[0] Session not found for token starting with: 45QPhy7JWU
[0] 2026-04-19T01:29:56.510Z - GET /v1/organization
[0] Session not found for token starting with: 45QPhy7JWU
[0] 2026-04-19T01:29:57.518Z - GET /v1/organization
[0] Session not found for token starting with: 45QPhy7JWU
[0] 2026-04-19T01:29:58.534Z - GET /v1/organization
[0] Session not found for token starting with: 45QPhy7JWU
[0] 2026-04-19T01:29:59.542Z - GET /v1/organization
[0] Session not found for token starting with: 45QPhy7JWU
[0] 2026-04-19T01:30:00.550Z - OPTIONS /v1/organization
[0] 2026-04-19T01:30:00.551Z - GET /v1/organization
[0] Session not found for token starting with: 45QPhy7JWU
[0] 2026-04-19T01:30:01.559Z - GET /v1/organization
[0] Session not found for token starting with: 45QPhy7JWU
[0] 2026-04-19T01:30:02.702Z - GET /v1/organization
[0] Session not found for token starting with: 45QPhy7JWU
[0] 2026-04-19T01:30:03.835Z - GET /v1/organization
[0] Session not found for token starting with: 45QPhy7JWU
[0] 2026-04-19T01:30:04.852Z - GET /v1/organization
[0] Session not found for token starting with: 45QPhy7JWU
[0] 2026-04-19T01:30:05.861Z - OPTIONS /v1/organization
[0] 2026-04-19T01:30:05.863Z - GET /v1/organization
[0] Session not found for token starting with: 45QPhy7JWU
[0] 2026-04-19T01:30:06.872Z - GET /v1/organization
[0] Session not found for token starting with: 45QPhy7JWU
[0] 2026-04-19T01:30:07.889Z - GET /v1/organization
[0] Session not found for token starting with: 45QPhy7JWU
[0] 2026-04-19T01:30:08.896Z - GET /v1/organization
[0] Session not found for token starting with: 45QPhy7JWU
[0] 2026-04-19T01:30:09.905Z - GET /v1/organization
[0] Session not found for token starting with: 45QPhy7JWU
[0] 2026-04-19T01:30:10.911Z - OPTIONS /v1/organization
[0] 2026-04-19T01:30:10.914Z - GET /v1/organization
[0] Session not found for token starting with: 45QPhy7JWU
[0] 2026-04-19T01:30:11.922Z - GET /v1/organization
[0] Session not found for token starting with: 45QPhy7JWU
[0] 2026-04-19T01:30:12.930Z - GET /v1/organization
[0] Session not found for token starting with: 45QPhy7JWU
[0] 2026-04-19T01:30:13.957Z - GET /v1/organization
[0] Session not found for token starting with: 45QPhy7JWU
[0] 2026-04-19T01:30:14.969Z - GET /v1/organization
[0] Session not found for token starting with: 45QPhy7JWU
[0] 2026-04-19T01:30:15.981Z - OPTIONS /v1/organization
[0] 2026-04-19T01:30:15.982Z - GET /v1/organization
[0] Session not found for token starting with: 45QPhy7JWU
[0] 2026-04-19T01:30:16.996Z - GET /v1/organization
[0] Session not found for token starting with: 45QPhy7JWU
[0] 2026-04-19T01:30:18.011Z - GET /v1/organization
[0] Session not found for token starting with: 45QPhy7JWU
[0] 2026-04-19T01:30:19.024Z - GET /v1/organization
[0] Session not found for token starting with: 45QPhy7JWU
[0] 2026-04-19T01:30:20.039Z - GET /v1/organization
[0] Session not found for token starting with: 45QPhy7JWU
[0] 2026-04-19T01:30:21.092Z - OPTIONS /v1/organization
[0] 2026-04-19T01:30:21.101Z - GET /v1/organization
[0] Session not found for token starting with: 45QPhy7JWU
[0] 2026-04-19T01:30:22.117Z - GET /v1/organization
[0] Session not found for token starting with: 45QPhy7JWU
[0] 2026-04-19T01:30:23.131Z - GET /v1/organization
[0] Session not found for token starting with: 45QPhy7JWU
[0] 2026-04-19T01:30:24.157Z - GET /v1/organization
[0] Session not found for token starting with: 45QPhy7JWU
[0] 2026-04-19T01:30:25.183Z - GET /v1/organization
[0] Session not found for token starting with: 45QPhy7JWU
[0] 2026-04-19T01:30:26.235Z - OPTIONS /v1/organization
[0] 2026-04-19T01:30:26.249Z - GET /v1/organization
[0] Session not found for token starting with: 45QPhy7JWU
[0] 2026-04-19T01:30:27.319Z - GET /v1/organization
[0] Session not found for token starting with: 45QPhy7JWU
[0] 2026-04-19T01:30:28.357Z - GET /v1/organization
[0] Session not found for token starting with: 45QPhy7JWU
[0] 2026-04-19T01:30:29.371Z - GET /v1/organization
[0] Session not found for token starting with: 45QPhy7JWU
[0] 2026-04-19T01:30:30.387Z - GET /v1/organization
[0] Session not found for token starting with: 45QPhy7JWU
[0] 2026-04-19T01:30:31.394Z - OPTIONS /v1/organization
[0] 2026-04-19T01:30:31.396Z - GET /v1/organization
[0] Session not found for token starting with: 45QPhy7JWU
[0] 2026-04-19T01:30:32.402Z - GET /v1/organization
[0] Session not found for token starting with: 45QPhy7JWU
[0] 2026-04-19T01:30:33.408Z - GET /v1/organization
[0] Session not found for token starting with: 45QPhy7JWU
[0] 2026-04-19T01:30:34.417Z - GET /v1/organization
[0] Session not found for token starting with: 45QPhy7JWU
[0] 2026-04-19T01:30:35.424Z - GET /v1/organization
[0] Session not found for token starting with: 45QPhy7JWU
[0] 2026-04-19T01:30:36.432Z - OPTIONS /v1/organization
[0] 2026-04-19T01:30:36.436Z - GET /v1/organization
[0] Session not found for token starting with: 45QPhy7JWU
[0] 2026-04-19T01:30:37.442Z - GET /v1/organization
[0] Session not found for token starting with: 45QPhy7JWU
[0] 2026-04-19T01:30:38.450Z - GET /v1/organization
[0] Session not found for token starting with: 45QPhy7JWU
[0] 2026-04-19T01:30:39.460Z - GET /v1/organization
[0] Session not found for token starting with: 45QPhy7JWU
[0] 2026-04-19T01:30:40.473Z - GET /v1/organization
[0] Session not found for token starting with: 45QPhy7JWU
[0] 2026-04-19T01:30:41.484Z - OPTIONS /v1/organization
[0] 2026-04-19T01:30:41.486Z - GET /v1/organization
[0] Session not found for token starting with: 45QPhy7JWU
[0] 2026-04-19T01:30:42.494Z - GET /v1/organization
[0] Session not found for token starting with: 45QPhy7JWU
[0] 2026-04-19T01:30:43.503Z - GET /v1/organization
[0] Session not found for token starting with: 45QPhy7JWU
[0] 2026-04-19T01:30:44.512Z - GET /v1/organization
[0] Session not found for token starting with: 45QPhy7JWU
[0] 2026-04-19T01:30:45.519Z - GET /v1/organization
[0] Session not found for token starting with: 45QPhy7JWU
[0] 2026-04-19T01:30:46.527Z - OPTIONS /v1/organization
[0] 2026-04-19T01:30:46.529Z - GET /v1/organization
[0] Session not found for token starting with: 45QPhy7JWU
[0] 2026-04-19T01:30:47.534Z - GET /v1/organization
[0] Session not found for token starting with: 45QPhy7JWU
[0] 2026-04-19T01:30:48.546Z - GET /v1/organization
[0] Session not found for token starting with: 45QPhy7JWU
[0] 2026-04-19T01:30:49.574Z - GET /v1/organization
[0] Session not found for token starting with: 45QPhy7JWU
[0] 2026-04-19T01:30:50.591Z - GET /v1/organization
[0] Session not found for token starting with: 45QPhy7JWU
[0] 2026-04-19T01:30:51.600Z - OPTIONS /v1/organization
[0] 2026-04-19T01:30:51.602Z - GET /v1/organization
[0] Session not found for token starting with: 45QPhy7JWU
[0] 2026-04-19T01:30:52.610Z - GET /v1/organization
[0] Session not found for token starting with: 45QPhy7JWU
[0] 2026-04-19T01:30:53.618Z - GET /v1/organization
[0] Session not found for token starting with: 45QPhy7JWU
[0] 2026-04-19T01:30:54.626Z - GET /v1/organization
[0] Session not found for token starting with: 45QPhy7JWU
[0] 2026-04-19T01:30:55.635Z - GET /v1/organization
[0] Session not found for token starting with: 45QPhy7JWU
[0] 2026-04-19T01:30:56.644Z - OPTIONS /v1/organization
[0] 2026-04-19T01:30:56.647Z - GET /v1/organization
[0] Session not found for token starting with: 45QPhy7JWU
[0] 2026-04-19T01:30:57.657Z - GET /v1/organization
[0] Session not found for token starting with: 45QPhy7JWU
[0] 2026-04-19T01:30:58.665Z - GET /v1/organization
[0] Session not found for token starting with: 45QPhy7JWU
[0] 2026-04-19T01:30:59.673Z - GET /v1/organization
[0] Session not found for token starting with: 45QPhy7JWU
[0] 2026-04-19T01:31:00.682Z - GET /v1/organization
[0] Session not found for token starting with: 45QPhy7JWU
[0] 2026-04-19T01:31:01.689Z - OPTIONS /v1/organization
[0] 2026-04-19T01:31:01.690Z - GET /v1/organization
[0] Session not found for token starting with: 45QPhy7JWU
[0] 2026-04-19T01:31:02.698Z - GET /v1/organization
[0] Session not found for token starting with: 45QPhy7JWU
[0] 2026-04-19T01:31:03.717Z - GET /v1/organization
[0] Session not found for token starting with: 45QPhy7JWU
[0] 2026-04-19T01:31:04.726Z - GET /v1/organization
[0] Session not found for token starting with: 45QPhy7JWU
[0] 2026-04-19T01:31:05.734Z - GET /v1/organization
[0] Session not found for token starting with: 45QPhy7JWU
[0] 2026-04-19T01:31:06.741Z - OPTIONS /v1/organization
[0] 2026-04-19T01:31:06.742Z - GET /v1/organization
[0] Session not found for token starting with: 45QPhy7JWU
[0] 2026-04-19T01:31:07.750Z - GET /v1/organization
[0] Session not found for token starting with: 45QPhy7JWU
[0] 2026-04-19T01:31:08.759Z - GET /v1/organization
[0] Session not found for token starting with: 45QPhy7JWU
[0] 2026-04-19T01:31:09.768Z - GET /v1/organization
[0] Session not found for token starting with: 45QPhy7JWU
[0] 2026-04-19T01:31:10.775Z - GET /v1/organization
[0] Session not found for token starting with: 45QPhy7JWU
[0] 2026-04-19T01:31:11.790Z - OPTIONS /v1/organization
[0] 2026-04-19T01:31:11.791Z - GET /v1/organization
[0] Session not found for token starting with: 45QPhy7JWU
[0] 2026-04-19T01:31:12.797Z - GET /v1/organization
[0] Session not found for token starting with: 45QPhy7JWU
[0] 2026-04-19T01:31:13.802Z - GET /v1/organization
[0] Session not found for token starting with: 45QPhy7JWU
[0] 2026-04-19T01:31:14.809Z - GET /v1/organization
[0] Session not found for token starting with: 45QPhy7JWU
[0] 2026-04-19T01:31:15.816Z - GET /v1/organization
[0] Session not found for token starting with: 45QPhy7JWU
[0] 2026-04-19T01:31:16.823Z - OPTIONS /v1/organization
[0] 2026-04-19T01:31:16.824Z - GET /v1/organization
[0] Session not found for token starting with: 45QPhy7JWU
[0] 2026-04-19T01:31:17.830Z - GET /v1/organization
[0] Session not found for token starting with: 45QPhy7JWU
[0] 2026-04-19T01:31:18.838Z - GET /v1/organization
[0] Session not found for token starting with: 45QPhy7JWU
[0] 2026-04-19T01:31:19.848Z - GET /v1/organization
[0] Session not found for token starting with: 45QPhy7JWU
[0] 2026-04-19T01:31:20.855Z - GET /v1/organization
[0] Session not found for token starting with: 45QPhy7JWU
[0] 2026-04-19T01:31:21.861Z - OPTIONS /v1/organization
[0] 2026-04-19T01:31:21.863Z - GET /v1/organization
[0] Session not found for token starting with: 45QPhy7JWU
[0] 2026-04-19T01:31:22.871Z - GET /v1/organization
[0] Session not found for token starting with: 45QPhy7JWU
[0] 2026-04-19T01:31:23.877Z - GET /v1/organization
[0] Session not found for token starting with: 45QPhy7JWU
[0] 2026-04-19T01:31:24.886Z - GET /v1/organization
[0] Session not found for token starting with: 45QPhy7JWU
[0] 2026-04-19T01:31:25.892Z - GET /v1/organization
[0] Session not found for token starting with: 45QPhy7JWU
[0] 2026-04-19T01:31:26.901Z - OPTIONS /v1/organization
[0] 2026-04-19T01:31:26.902Z - GET /v1/organization
[0] Session not found for token starting with: 45QPhy7JWU
[0] 2026-04-19T01:31:27.909Z - GET /v1/organization
[0] Session not found for token starting with: 45QPhy7JWU
[0] 2026-04-19T01:31:28.919Z - GET /v1/organization
[0] Session not found for token starting with: 45QPhy7JWU
[0] 2026-04-19T01:31:29.926Z - GET /v1/organization
[0] Session not found for token starting with: 45QPhy7JWU
[0] 2026-04-19T01:31:30.934Z - GET /v1/organization
[0] Session not found for token starting with: 45QPhy7JWU
[0] 2026-04-19T01:31:31.940Z - OPTIONS /v1/organization
[0] 2026-04-19T01:31:31.942Z - GET /v1/organization
[0] Session not found for token starting with: 45QPhy7JWU
[0] 2026-04-19T01:31:32.950Z - GET /v1/organization
[0] Session not found for token starting with: 45QPhy7JWU
[0] 2026-04-19T01:31:33.958Z - GET /v1/organization
[0] Session not found for token starting with: 45QPhy7JWU
[0] 2026-04-19T01:31:34.966Z - GET /v1/organization
[0] Session not found for token starting with: 45QPhy7JWU
[0] 2026-04-19T01:31:35.974Z - GET /v1/organization
[0] Session not found for token starting with: 45QPhy7JWU
[0] 2026-04-19T01:31:36.980Z - OPTIONS /v1/organization
[0] 2026-04-19T01:31:36.982Z - GET /v1/organization
[0] Session not found for token starting with: 45QPhy7JWU
[0] 2026-04-19T01:31:37.989Z - GET /v1/organization
[0] Session not found for token starting with: 45QPhy7JWU
[0] 2026-04-19T01:31:38.999Z - GET /v1/organization
[0] Session not found for token starting with: 45QPhy7JWU
[0] 2026-04-19T01:31:40.005Z - GET /v1/organization
[0] Session not found for token starting with: 45QPhy7JWU
[0] 2026-04-19T01:31:41.011Z - GET /v1/organization
[0] Session not found for token starting with: 45QPhy7JWU
[0] 2026-04-19T01:31:42.019Z - OPTIONS /v1/organization
[0] 2026-04-19T01:31:42.020Z - GET /v1/organization
[0] Session not found for token starting with: 45QPhy7JWU
[0] 2026-04-19T01:31:43.027Z - GET /v1/organization
[0] Session not found for token starting with: 45QPhy7JWU
[0] 2026-04-19T01:31:44.035Z - GET /v1/organization
[0] Session not found for token starting with: 45QPhy7JWU
[0] 2026-04-19T01:31:45.042Z - GET /v1/organization
[0] Session not found for token starting with: 45QPhy7JWU
[0] 2026-04-19T01:31:46.048Z - GET /v1/organization
[0] Session not found for token starting with: 45QPhy7JWU
[0] 2026-04-19T01:31:47.055Z - OPTIONS /v1/organization
[0] 2026-04-19T01:31:47.056Z - GET /v1/organization
[0] Session not found for token starting with: 45QPhy7JWU
[0] 2026-04-19T01:31:48.062Z - GET /v1/organization
[0] Session not found for token starting with: 45QPhy7JWU
[0] 2026-04-19T01:31:49.069Z - GET /v1/organization
[0] Session not found for token starting with: 45QPhy7JWU
[0] 2026-04-19T01:31:50.075Z - GET /v1/organization
[0] Session not found for token starting with: 45QPhy7JWU
[0] 2026-04-19T01:31:51.082Z - GET /v1/organization
[0] Session not found for token starting with: 45QPhy7JWU
[0] 2026-04-19T01:31:52.090Z - OPTIONS /v1/organization
[0] 2026-04-19T01:31:52.091Z - GET /v1/organization
[0] Session not found for token starting with: 45QPhy7JWU
[0] 2026-04-19T01:31:53.097Z - GET /v1/organization
[0] Session not found for token starting with: 45QPhy7JWU
[0] 2026-04-19T01:31:54.105Z - GET /v1/organization
[0] Session not found for token starting with: 45QPhy7JWU
[0] 2026-04-19T01:31:55.111Z - GET /v1/organization
[0] Session not found for token starting with: 45QPhy7JWU
[0] 2026-04-19T01:31:56.121Z - GET /v1/organization
[0] Session not found for token starting with: 45QPhy7JWU
[0] 2026-04-19T01:31:57.129Z - OPTIONS /v1/organization
[0] 2026-04-19T01:31:57.131Z - GET /v1/organization
[0] Session not found for token starting with: 45QPhy7JWU
[0] 2026-04-19T01:31:58.138Z - GET /v1/organization
[0] Session not found for token starting with: 45QPhy7JWU
[0] 2026-04-19T01:31:59.146Z - GET /v1/organization
[0] Session not found for token starting with: 45QPhy7JWU
[0] 2026-04-19T01:32:00.153Z - GET /v1/organization
[0] Session not found for token starting with: 45QPhy7JWU
[0] 2026-04-19T01:32:01.159Z - GET /v1/organization
[0] Session not found for token starting with: 45QPhy7JWU
[0] 2026-04-19T01:32:02.166Z - OPTIONS /v1/organization
[0] 2026-04-19T01:32:02.168Z - GET /v1/organization
[0] Session not found for token starting with: 45QPhy7JWU
[0] 2026-04-19T01:32:03.174Z - GET /v1/organization
[0] Session not found for token starting with: 45QPhy7JWU
[0] 2026-04-19T01:32:04.180Z - GET /v1/organization
[0] Session not found for token starting with: 45QPhy7JWU
[0] 2026-04-19T01:32:05.186Z - GET /v1/organization
[0] Session not found for token starting with: 45QPhy7JWU
[0] 2026-04-19T01:32:06.194Z - GET /v1/organization
[0] Session not found for token starting with: 45QPhy7JWU
[0] 2026-04-19T01:32:07.203Z - OPTIONS /v1/organization
[0] 2026-04-19T01:32:07.205Z - GET /v1/organization
[0] Session not found for token starting with: 45QPhy7JWU
[0] 2026-04-19T01:32:08.211Z - GET /v1/organization
[0] Session not found for token starting with: 45QPhy7JWU
[0] 2026-04-19T01:32:09.219Z - GET /v1/organization
[0] Session not found for token starting with: 45QPhy7JWU
[0] 2026-04-19T01:32:10.226Z - GET /v1/organization
[0] Session not found for token starting with: 45QPhy7JWU
[0] 2026-04-19T01:32:11.234Z - GET /v1/organization
[0] Session not found for token starting with: 45QPhy7JWU
[0] 2026-04-19T01:32:12.243Z - OPTIONS /v1/organization
[0] 2026-04-19T01:32:12.245Z - GET /v1/organization
[0] Session not found for token starting with: 45QPhy7JWU
[0] 2026-04-19T01:32:13.254Z - GET /v1/organization
[0] Session not found for token starting with: 45QPhy7JWU
[0] 2026-04-19T01:32:14.260Z - GET /v1/organization
[0] Session not found for token starting with: 45QPhy7JWU
[0] 2026-04-19T01:32:15.267Z - GET /v1/organization
[0] Session not found for token starting with: 45QPhy7JWU
[0] 2026-04-19T01:32:16.276Z - GET /v1/organization
[0] Session not found for token starting with: 45QPhy7JWU
[0] 2026-04-19T01:32:17.284Z - OPTIONS /v1/organization
[0] 2026-04-19T01:32:17.286Z - GET /v1/organization
[0] Session not found for token starting with: 45QPhy7JWU
[0] 2026-04-19T01:32:18.293Z - GET /v1/organization
[0] Session not found for token starting with: 45QPhy7JWU
[0] 2026-04-19T01:32:19.302Z - GET /v1/organization
[0] Session not found for token starting with: 45QPhy7JWU
[0] 2026-04-19T01:32:20.311Z - GET /v1/organization
[0] Session not found for token starting with: 45QPhy7JWU
[0] 2026-04-19T01:32:21.319Z - GET /v1/organization
[0] Session not found for token starting with: 45QPhy7JWU
[0] 2026-04-19T01:32:22.325Z - OPTIONS /v1/organization
[0] 2026-04-19T01:32:22.327Z - GET /v1/organization
[0] Session not found for token starting with: 45QPhy7JWU
[0] 2026-04-19T01:32:23.334Z - GET /v1/organization
[0] Session not found for token starting with: 45QPhy7JWU
[0] 2026-04-19T01:32:24.341Z - GET /v1/organization
[0] Session not found for token starting with: 45QPhy7JWU
[0] 2026-04-19T01:32:25.349Z - GET /v1/organization
[0] Session not found for token starting with: 45QPhy7JWU
[0] 2026-04-19T01:32:26.357Z - GET /v1/organization
[0] Session not found for token starting with: 45QPhy7JWU
[0] 2026-04-19T01:32:27.365Z - OPTIONS /v1/organization
[0] 2026-04-19T01:32:27.367Z - GET /v1/organization
[0] Session not found for token starting with: 45QPhy7JWU
[0] 2026-04-19T01:32:28.375Z - GET /v1/organization
[0] Session not found for token starting with: 45QPhy7JWU
[0] 2026-04-19T01:32:29.383Z - GET /v1/organization
[0] Session not found for token starting with: 45QPhy7JWU
[0] 2026-04-19T01:32:30.412Z - GET /v1/organization
[0] Session not found for token starting with: 45QPhy7JWU
[0] 2026-04-19T01:32:31.422Z - GET /v1/organization
[0] Session not found for token starting with: 45QPhy7JWU
[0] 2026-04-19T01:32:32.430Z - OPTIONS /v1/organization
[0] 2026-04-19T01:32:32.431Z - GET /v1/organization
[0] Session not found for token starting with: 45QPhy7JWU
[0] 2026-04-19T01:32:33.445Z - GET /v1/organization
[0] Session not found for token starting with: 45QPhy7JWU
[0] 2026-04-19T01:32:34.455Z - GET /v1/organization
[0] Session not found for token starting with: 45QPhy7JWU
[0] 2026-04-19T01:32:35.463Z - GET /v1/organization
[0] Session not found for token starting with: 45QPhy7JWU
[0] 2026-04-19T01:32:36.472Z - GET /v1/organization
[0] Session not found for token starting with: 45QPhy7JWU
[0] 2026-04-19T01:32:37.480Z - OPTIONS /v1/organization
[0] 2026-04-19T01:32:37.481Z - GET /v1/organization
[0] Session not found for token starting with: 45QPhy7JWU
[0] 2026-04-19T01:32:38.489Z - GET /v1/organization
[0] Session not found for token starting with: 45QPhy7JWU
[0] 2026-04-19T01:32:39.497Z - GET /v1/organization
[0] Session not found for token starting with: 45QPhy7JWU
[0] 2026-04-19T01:32:40.506Z - GET /v1/organization
[0] Session not found for token starting with: 45QPhy7JWU
[0] 2026-04-19T01:32:41.515Z - GET /v1/organization
[0] Session not found for token starting with: 45QPhy7JWU
[0] 2026-04-19T01:32:42.522Z - OPTIONS /v1/organization
[0] 2026-04-19T01:32:42.525Z - GET /v1/organization
[0] Session not found for token starting with: 45QPhy7JWU
[0] 2026-04-19T01:32:43.530Z - GET /v1/organization
[0] Session not found for token starting with: 45QPhy7JWU
[0] 2026-04-19T01:32:44.539Z - GET /v1/organization
[0] Session not found for token starting with: 45QPhy7JWU
[0] 2026-04-19T01:32:45.546Z - GET /v1/organization
[0] Session not found for token starting with: 45QPhy7JWU
[0] 2026-04-19T01:32:46.554Z - GET /v1/organization
[0] Session not found for token starting with: 45QPhy7JWU
[0] 2026-04-19T01:32:47.564Z - OPTIONS /v1/organization
[0] 2026-04-19T01:32:47.565Z - GET /v1/organization
[0] Session not found for token starting with: 45QPhy7JWU
[0] 2026-04-19T01:32:48.572Z - GET /v1/organization
[0] Session not found for token starting with: 45QPhy7JWU
[0] 2026-04-19T01:32:49.580Z - GET /v1/organization
[0] Session not found for token starting with: 45QPhy7JWU
[0] 2026-04-19T01:32:50.588Z - GET /v1/organization
[0] Session not found for token starting with: 45QPhy7JWU
[0] 2026-04-19T01:32:51.596Z - GET /v1/organization
[0] Session not found for token starting with: 45QPhy7JWU
[0] 2026-04-19T01:32:52.605Z - OPTIONS /v1/organization
[0] 2026-04-19T01:32:52.607Z - GET /v1/organization
[0] Session not found for token starting with: 45QPhy7JWU
[0] 2026-04-19T01:32:53.616Z - GET /v1/organization
[0] Session not found for token starting with: 45QPhy7JWU
[0] 2026-04-19T01:32:54.624Z - GET /v1/organization
[0] Session not found for token starting with: 45QPhy7JWU
[0] 2026-04-19T01:32:55.632Z - GET /v1/organization
[0] Session not found for token starting with: 45QPhy7JWU
[0] 2026-04-19T01:32:56.639Z - GET /v1/organization
[0] Session not found for token starting with: 45QPhy7JWU
[0] 2026-04-19T01:32:57.647Z - OPTIONS /v1/organization
[0] 2026-04-19T01:32:57.648Z - GET /v1/organization
[0] Session not found for token starting with: 45QPhy7JWU
[0] 2026-04-19T01:32:58.656Z - GET /v1/organization
[0] Session not found for token starting with: 45QPhy7JWU
[0] 2026-04-19T01:32:59.664Z - GET /v1/organization
[0] Session not found for token starting with: 45QPhy7JWU
[0] 2026-04-19T01:33:00.672Z - GET /v1/organization
[0] Session not found for token starting with: 45QPhy7JWU
[0] 2026-04-19T01:33:01.680Z - GET /v1/organization
[0] Session not found for token starting with: 45QPhy7JWU
[0] 2026-04-19T01:33:02.688Z - OPTIONS /v1/organization
[0] 2026-04-19T01:33:02.689Z - GET /v1/organization
[0] Session not found for token starting with: 45QPhy7JWU
[0] 2026-04-19T01:33:03.698Z - GET /v1/organization
[0] Session not found for token starting with: 45QPhy7JWU
[0] 2026-04-19T01:33:04.706Z - GET /v1/organization
[0] Session not found for token starting with: 45QPhy7JWU
[0] 2026-04-19T01:33:05.714Z - GET /v1/organization
[0] Session not found for token starting with: 45QPhy7JWU
[0] 2026-04-19T01:33:06.721Z - GET /v1/organization
[0] Session not found for token starting with: 45QPhy7JWU
[0] 2026-04-19T01:33:07.729Z - OPTIONS /v1/organization
[0] 2026-04-19T01:33:07.730Z - GET /v1/organization
[0] Session not found for token starting with: 45QPhy7JWU
[0] 2026-04-19T01:33:08.739Z - GET /v1/organization
[0] Session not found for token starting with: 45QPhy7JWU
[0] 2026-04-19T01:33:09.745Z - GET /v1/organization
[0] Session not found for token starting with: 45QPhy7JWU
[0] 2026-04-19T01:33:10.760Z - GET /v1/organization
[0] Session not found for token starting with: 45QPhy7JWU
[0] 2026-04-19T01:33:11.767Z - GET /v1/organization
[0] Session not found for token starting with: 45QPhy7JWU
[0] 2026-04-19T01:33:12.775Z - OPTIONS /v1/organization
[0] 2026-04-19T01:33:12.777Z - GET /v1/organization
[0] Session not found for token starting with: 45QPhy7JWU
[0] 2026-04-19T01:33:13.786Z - GET /v1/organization
[0] Session not found for token starting with: 45QPhy7JWU
[0] 2026-04-19T01:33:14.791Z - GET /v1/organization
[0] Session not found for token starting with: 45QPhy7JWU
[0] 2026-04-19T01:33:15.799Z - GET /v1/organization
[0] Session not found for token starting with: 45QPhy7JWU
[0] 2026-04-19T01:33:16.909Z - GET /v1/organization
[0] Session not found for token starting with: 45QPhy7JWU
[0] 2026-04-19T01:33:17.917Z - OPTIONS /v1/organization
[0] 2026-04-19T01:33:17.919Z - GET /v1/organization
[0] Session not found for token starting with: 45QPhy7JWU
[0] 2026-04-19T01:33:18.926Z - GET /v1/organization
[0] Session not found for token starting with: 45QPhy7JWU
[0] 2026-04-19T01:33:19.933Z - GET /v1/organization
[0] Session not found for token starting with: 45QPhy7JWU
[0] 2026-04-19T01:33:20.941Z - GET /v1/organization
[0] Session not found for token starting with: 45QPhy7JWU
[0] 2026-04-19T01:33:21.950Z - GET /v1/organization
[0] Session not found for token starting with: 45QPhy7JWU
[0] 2026-04-19T01:33:22.958Z - OPTIONS /v1/organization
[0] 2026-04-19T01:33:22.959Z - GET /v1/organization
[0] Session not found for token starting with: 45QPhy7JWU
[0] 2026-04-19T01:33:23.968Z - GET /v1/organization
[0] Session not found for token starting with: 45QPhy7JWU
[0] 2026-04-19T01:33:24.975Z - GET /v1/organization
[0] Session not found for token starting with: 45QPhy7JWU
[0] 2026-04-19T01:33:25.986Z - GET /v1/organization
[0] Session not found for token starting with: 45QPhy7JWU
[0] 2026-04-19T01:33:26.997Z - GET /v1/organization
[0] Session not found for token starting with: 45QPhy7JWU
[0] 2026-04-19T01:33:28.007Z - OPTIONS /v1/organization
[0] 2026-04-19T01:33:28.009Z - GET /v1/organization
[0] Session not found for token starting with: 45QPhy7JWU
[0] 2026-04-19T01:33:29.017Z - GET /v1/organization
[0] Session not found for token starting with: 45QPhy7JWU
[0] 2026-04-19T01:33:30.023Z - GET /v1/organization
[0] Session not found for token starting with: 45QPhy7JWU
[0] 2026-04-19T01:33:31.032Z - GET /v1/organization
[0] Session not found for token starting with: 45QPhy7JWU
[0] 2026-04-19T01:33:32.040Z - GET /v1/organization
[0] Session not found for token starting with: 45QPhy7JWU
[0] 2026-04-19T01:33:33.047Z - OPTIONS /v1/organization
[0] 2026-04-19T01:33:33.049Z - GET /v1/organization
[0] Session not found for token starting with: 45QPhy7JWU
[0] 2026-04-19T01:33:34.057Z - GET /v1/organization
[0] Session not found for token starting with: 45QPhy7JWU
[0] 2026-04-19T01:33:35.066Z - GET /v1/organization
[0] Session not found for token starting with: 45QPhy7JWU
[0] 2026-04-19T01:33:36.075Z - GET /v1/organization
[0] Session not found for token starting with: 45QPhy7JWU
[0] 2026-04-19T01:33:37.080Z - GET /v1/organization
[0] Session not found for token starting with: 45QPhy7JWU
[0] 2026-04-19T01:33:38.088Z - OPTIONS /v1/organization
[0] 2026-04-19T01:33:38.089Z - GET /v1/organization
[0] Session not found for token starting with: 45QPhy7JWU
[0] 2026-04-19T01:33:39.095Z - GET /v1/organization
[0] Session not found for token starting with: 45QPhy7JWU
[0] 2026-04-19T01:33:40.103Z - GET /v1/organization
[0] Session not found for token starting with: 45QPhy7JWU
[0] 2026-04-19T01:33:41.113Z - GET /v1/organization
[0] Session not found for token starting with: 45QPhy7JWU
[0] 2026-04-19T01:33:42.121Z - GET /v1/organization
[0] Session not found for token starting with: 45QPhy7JWU
[0] 2026-04-19T01:33:43.129Z - OPTIONS /v1/organization
[0] 2026-04-19T01:33:43.130Z - GET /v1/organization
[0] Session not found for token starting with: 45QPhy7JWU
[0] 2026-04-19T01:33:44.139Z - GET /v1/organization
[0] Session not found for token starting with: 45QPhy7JWU
[0] 2026-04-19T01:33:45.147Z - GET /v1/organization
[0] Session not found for token starting with: 45QPhy7JWU
[0] 2026-04-19T01:33:46.155Z - GET /v1/organization
[0] Session not found for token starting with: 45QPhy7JWU
[0] 2026-04-19T01:33:47.163Z - GET /v1/organization
[0] Session not found for token starting with: 45QPhy7JWU
[0] 2026-04-19T01:33:48.172Z - OPTIONS /v1/organization
[0] 2026-04-19T01:33:48.174Z - GET /v1/organization
[0] Session not found for token starting with: 45QPhy7JWU
[0] 2026-04-19T01:33:49.183Z - GET /v1/organization
[0] Session not found for token starting with: 45QPhy7JWU
[0] 2026-04-19T01:33:50.195Z - GET /v1/organization
[0] Session not found for token starting with: 45QPhy7JWU
[0] 2026-04-19T01:33:51.210Z - GET /v1/organization
[0] Session not found for token starting with: 45QPhy7JWU
[0] 2026-04-19T01:33:52.225Z - GET /v1/organization
[0] Session not found for token starting with: 45QPhy7JWU
[0] 2026-04-19T01:33:53.237Z - OPTIONS /v1/organization
[0] 2026-04-19T01:33:53.238Z - GET /v1/organization
[0] Session not found for token starting with: 45QPhy7JWU
[0] 2026-04-19T01:33:54.247Z - GET /v1/organization
[0] Session not found for token starting with: 45QPhy7JWU
[0] 2026-04-19T01:33:55.255Z - GET /v1/organization
[0] Session not found for token starting with: 45QPhy7JWU
[0] 2026-04-19T01:33:56.263Z - GET /v1/organization
[0] Session not found for token starting with: 45QPhy7JWU
[0] 2026-04-19T01:33:57.269Z - GET /v1/organization
[0] Session not found for token starting with: 45QPhy7JWU
[0] 2026-04-19T01:33:58.274Z - OPTIONS /v1/organization
[0] 2026-04-19T01:33:58.276Z - GET /v1/organization
[0] Session not found for token starting with: 45QPhy7JWU
[0] 2026-04-19T01:33:59.283Z - GET /v1/organization
[0] Session not found for token starting with: 45QPhy7JWU
[0] 2026-04-19T01:34:00.290Z - GET /v1/organization
[0] Session not found for token starting with: 45QPhy7JWU
[0] 2026-04-19T01:34:01.297Z - GET /v1/organization
[0] Session not found for token starting with: 45QPhy7JWU
[0] 2026-04-19T01:34:02.304Z - GET /v1/organization
[0] Session not found for token starting with: 45QPhy7JWU
[0] 2026-04-19T01:34:03.310Z - OPTIONS /v1/organization
[0] 2026-04-19T01:34:03.312Z - GET /v1/organization
[0] Session not found for token starting with: 45QPhy7JWU
[0] 2026-04-19T01:34:04.318Z - GET /v1/organization
[0] Session not found for token starting with: 45QPhy7JWU
[0] 2026-04-19T01:34:05.325Z - GET /v1/organization
[0] Session not found for token starting with: 45QPhy7JWU
[0] 2026-04-19T01:34:06.334Z - GET /v1/organization
[0] Session not found for token starting with: 45QPhy7JWU
[0] 2026-04-19T01:34:07.347Z - GET /v1/organization
[0] Session not found for token starting with: 45QPhy7JWU
[0] 2026-04-19T01:34:08.354Z - OPTIONS /v1/organization
[0] 2026-04-19T01:34:08.355Z - GET /v1/organization
[0] Session not found for token starting with: 45QPhy7JWU
[0] 2026-04-19T01:34:09.361Z - GET /v1/organization
[0] Session not found for token starting with: 45QPhy7JWU
[0] 2026-04-19T01:34:10.369Z - GET /v1/organization
[0] Session not found for token starting with: 45QPhy7JWU
[0] 2026-04-19T01:34:11.376Z - GET /v1/organization
[0] Session not found for token starting with: 45QPhy7JWU
[0] 2026-04-19T01:34:12.384Z - GET /v1/organization
[0] Session not found for token starting with: 45QPhy7JWU
[0] 2026-04-19T01:34:13.392Z - OPTIONS /v1/organization
[0] 2026-04-19T01:34:13.393Z - GET /v1/organization
[0] Session not found for token starting with: 45QPhy7JWU
[0] 2026-04-19T01:34:14.400Z - GET /v1/organization
[0] Session not found for token starting with: 45QPhy7JWU
[0] 2026-04-19T01:34:15.408Z - GET /v1/organization
[0] Session not found for token starting with: 45QPhy7JWU
[0] 2026-04-19T01:34:16.417Z - GET /v1/organization
[0] Session not found for token starting with: 45QPhy7JWU
[0] 2026-04-19T01:34:17.424Z - GET /v1/organization
[0] Session not found for token starting with: 45QPhy7JWU
[0] 2026-04-19T01:34:18.431Z - OPTIONS /v1/organization
[0] 2026-04-19T01:34:18.432Z - GET /v1/organization
[0] Session not found for token starting with: 45QPhy7JWU
[0] 2026-04-19T01:34:19.440Z - GET /v1/organization
[0] Session not found for token starting with: 45QPhy7JWU
[0] 2026-04-19T01:34:20.450Z - GET /v1/organization
[0] Session not found for token starting with: 45QPhy7JWU
[0] 2026-04-19T01:34:21.458Z - GET /v1/organization
[0] Session not found for token starting with: 45QPhy7JWU
[0] 2026-04-19T01:34:22.466Z - GET /v1/organization
[0] Session not found for token starting with: 45QPhy7JWU
[0] 2026-04-19T01:34:23.475Z - OPTIONS /v1/organization
[0] 2026-04-19T01:34:23.477Z - GET /v1/organization
[0] Session not found for token starting with: 45QPhy7JWU
[0] 2026-04-19T01:34:24.486Z - GET /v1/organization
[0] Session not found for token starting with: 45QPhy7JWU
[0] 2026-04-19T01:34:25.495Z - GET /v1/organization
[0] Session not found for token starting with: 45QPhy7JWU
[0] 2026-04-19T01:34:26.507Z - GET /v1/organization
[0] Session not found for token starting with: 45QPhy7JWU
[0] 2026-04-19T01:34:27.513Z - GET /v1/organization
[0] Session not found for token starting with: 45QPhy7JWU
[0] 2026-04-19T01:34:28.521Z - OPTIONS /v1/organization
[0] 2026-04-19T01:34:28.522Z - GET /v1/organization
[0] Session not found for token starting with: 45QPhy7JWU
[0] 2026-04-19T01:34:29.529Z - GET /v1/organization
[0] Session not found for token starting with: 45QPhy7JWU
[0] 2026-04-19T01:34:30.538Z - GET /v1/organization
[0] Session not found for token starting with: 45QPhy7JWU
[0] 2026-04-19T01:34:31.546Z - GET /v1/organization
[0] Session not found for token starting with: 45QPhy7JWU
[0] 2026-04-19T01:34:32.552Z - GET /v1/organization
[0] Session not found for token starting with: 45QPhy7JWU
[0] 2026-04-19T01:34:33.558Z - OPTIONS /v1/organization
[0] 2026-04-19T01:34:33.560Z - GET /v1/organization
[0] Session not found for token starting with: 45QPhy7JWU
[0] 2026-04-19T01:34:34.571Z - GET /v1/organization
[0] Session not found for token starting with: 45QPhy7JWU
[0] 2026-04-19T01:34:35.581Z - GET /v1/organization
[0] Session not found for token starting with: 45QPhy7JWU
[0] 2026-04-19T01:34:36.590Z - GET /v1/organization
[0] Session not found for token starting with: 45QPhy7JWU
[0] 2026-04-19T01:34:37.598Z - GET /v1/organization
[0] Session not found for token starting with: 45QPhy7JWU
[0] 2026-04-19T01:34:38.608Z - OPTIONS /v1/organization
[0] 2026-04-19T01:34:38.609Z - GET /v1/organization
[0] Session not found for token starting with: 45QPhy7JWU
[0] 2026-04-19T01:34:39.618Z - GET /v1/organization
[0] Session not found for token starting with: 45QPhy7JWU
[0] 2026-04-19T01:34:40.626Z - GET /v1/organization
[0] Session not found for token starting with: 45QPhy7JWU
[0] 2026-04-19T01:34:41.635Z - GET /v1/organization
[0] Session not found for token starting with: 45QPhy7JWU
[0] 2026-04-19T01:34:42.641Z - GET /v1/organization
[0] Session not found for token starting with: 45QPhy7JWU
[0] 2026-04-19T01:34:43.649Z - OPTIONS /v1/organization
[0] 2026-04-19T01:34:43.651Z - GET /v1/organization
[0] Session not found for token starting with: 45QPhy7JWU
[0] 2026-04-19T01:34:44.660Z - GET /v1/organization
[0] Session not found for token starting with: 45QPhy7JWU
[0] 2026-04-19T01:34:45.672Z - GET /v1/organization
[0] Session not found for token starting with: 45QPhy7JWU
[0] 2026-04-19T01:34:46.678Z - GET /v1/organization
[0] Session not found for token starting with: 45QPhy7JWU
[0] 2026-04-19T01:34:47.684Z - GET /v1/organization
[0] Session not found for token starting with: 45QPhy7JWU
[0] 2026-04-19T01:34:48.693Z - OPTIONS /v1/organization
[0] 2026-04-19T01:34:48.694Z - GET /v1/organization
[0] Session not found for token starting with: 45QPhy7JWU
[0] 2026-04-19T01:34:49.703Z - GET /v1/organization
[0] Session not found for token starting with: 45QPhy7JWU
[0] 2026-04-19T01:34:50.709Z - GET /v1/organization
[0] Session not found for token starting with: 45QPhy7JWU
[0] 2026-04-19T01:34:51.714Z - GET /v1/organization
[0] Session not found for token starting with: 45QPhy7JWU
[0] 2026-04-19T01:34:52.720Z - GET /v1/organization
[0] Session not found for token starting with: 45QPhy7JWU
[0] 2026-04-19T01:34:53.726Z - OPTIONS /v1/organization
[0] 2026-04-19T01:34:53.727Z - GET /v1/organization
[0] Session not found for token starting with: 45QPhy7JWU
[0] 2026-04-19T01:34:54.734Z - GET /v1/organization
[0] Session not found for token starting with: 45QPhy7JWU
[0] 2026-04-19T01:34:55.740Z - GET /v1/organization
[0] Session not found for token starting with: 45QPhy7JWU
[0] 2026-04-19T01:34:56.747Z - GET /v1/organization
[0] Session not found for token starting with: 45QPhy7JWU
[0] 2026-04-19T01:34:57.756Z - GET /v1/organization
[0] Session not found for token starting with: 45QPhy7JWU
[0] 2026-04-19T01:34:58.763Z - OPTIONS /v1/organization
[0] 2026-04-19T01:34:58.765Z - GET /v1/organization
[0] Session not found for token starting with: 45QPhy7JWU
[0] 2026-04-19T01:34:59.774Z - GET /v1/organization
[0] Session not found for token starting with: 45QPhy7JWU
[0] 2026-04-19T01:35:00.782Z - GET /v1/organization
[0] Session not found for token starting with: 45QPhy7JWU
[0] 2026-04-19T01:35:01.790Z - GET /v1/organization
[0] Session not found for token starting with: 45QPhy7JWU
[0] 2026-04-19T01:35:02.797Z - GET /v1/organization
[0] Session not found for token starting with: 45QPhy7JWU
[0] 2026-04-19T01:35:03.803Z - OPTIONS /v1/organization
[0] 2026-04-19T01:35:03.804Z - GET /v1/organization
[0] Session not found for token starting with: 45QPhy7JWU
[0] 2026-04-19T01:35:04.811Z - GET /v1/organization
[0] Session not found for token starting with: 45QPhy7JWU
[0] 2026-04-19T01:35:05.818Z - GET /v1/organization
[0] Session not found for token starting with: 45QPhy7JWU
[0] 2026-04-19T01:35:06.826Z - GET /v1/organization
[0] Session not found for token starting with: 45QPhy7JWU
[0] 2026-04-19T01:35:07.836Z - GET /v1/organization
[0] Session not found for token starting with: 45QPhy7JWU
[0] 2026-04-19T01:35:08.844Z - OPTIONS /v1/organization
[0] 2026-04-19T01:35:08.845Z - GET /v1/organization
[0] Session not found for token starting with: 45QPhy7JWU
[0] 2026-04-19T01:35:09.852Z - GET /v1/organization
[0] Session not found for token starting with: 45QPhy7JWU
[0] 2026-04-19T01:35:10.859Z - GET /v1/organization
[0] Session not found for token starting with: 45QPhy7JWU
[0] 2026-04-19T01:35:11.866Z - GET /v1/organization
[0] Session not found for token starting with: 45QPhy7JWU
[0] 2026-04-19T01:35:12.874Z - GET /v1/organization
[0] Session not found for token starting with: 45QPhy7JWU
[0] 2026-04-19T01:35:13.883Z - OPTIONS /v1/organization
[0] 2026-04-19T01:35:13.885Z - GET /v1/organization
[0] Session not found for token starting with: 45QPhy7JWU
[0] 2026-04-19T01:35:14.893Z - GET /v1/organization
[0] Session not found for token starting with: 45QPhy7JWU
[0] 2026-04-19T01:35:15.901Z - GET /v1/organization
[0] Session not found for token starting with: 45QPhy7JWU
[0] 2026-04-19T01:35:16.908Z - GET /v1/organization
[0] Session not found for token starting with: 45QPhy7JWU
[0] 2026-04-19T01:35:17.917Z - GET /v1/organization
[0] Session not found for token starting with: 45QPhy7JWU
[0] 2026-04-19T01:35:18.922Z - OPTIONS /v1/organization
[0] 2026-04-19T01:35:18.923Z - GET /v1/organization
[0] Session not found for token starting with: 45QPhy7JWU
[0] 2026-04-19T01:35:19.930Z - GET /v1/organization
[0] Session not found for token starting with: 45QPhy7JWU
[0] 2026-04-19T01:35:20.940Z - GET /v1/organization
[0] Session not found for token starting with: 45QPhy7JWU
[0] 2026-04-19T01:35:21.948Z - GET /v1/organization
[0] Session not found for token starting with: 45QPhy7JWU
[0] 2026-04-19T01:35:22.955Z - GET /v1/organization
[0] Session not found for token starting with: 45QPhy7JWU
[0] 2026-04-19T01:35:23.963Z - OPTIONS /v1/organization
[0] 2026-04-19T01:35:23.966Z - GET /v1/organization
[0] Session not found for token starting with: 45QPhy7JWU
[0] 2026-04-19T01:35:24.974Z - GET /v1/organization
[0] Session not found for token starting with: 45QPhy7JWU
[0] 2026-04-19T01:35:25.980Z - GET /v1/organization
[0] Session not found for token starting with: 45QPhy7JWU
[0] 2026-04-19T01:35:26.988Z - GET /v1/organization
[0] Session not found for token starting with: 45QPhy7JWU
[0] 2026-04-19T01:35:27.996Z - GET /v1/organization
[0] Session not found for token starting with: 45QPhy7JWU
[0] 2026-04-19T01:35:29.002Z - OPTIONS /v1/organization
[0] 2026-04-19T01:35:29.003Z - GET /v1/organization
[0] Session not found for token starting with: 45QPhy7JWU
[0] 2026-04-19T01:35:30.010Z - GET /v1/organization
[0] Session not found for token starting with: 45QPhy7JWU
[0] 2026-04-19T01:35:31.017Z - GET /v1/organization
[0] Session not found for token starting with: 45QPhy7JWU
[0] 2026-04-19T01:35:32.025Z - GET /v1/organization
[0] Session not found for token starting with: 45QPhy7JWU
[0] 2026-04-19T01:35:33.030Z - GET /v1/organization
[0] Session not found for token starting with: 45QPhy7JWU
[0] 2026-04-19T01:35:34.039Z - OPTIONS /v1/organization
[0] 2026-04-19T01:35:34.040Z - GET /v1/organization
[0] Session not found for token starting with: 45QPhy7JWU
[0] 2026-04-19T01:35:35.047Z - GET /v1/organization
[0] Session not found for token starting with: 45QPhy7JWU
[0] 2026-04-19T01:35:36.054Z - GET /v1/organization
[0] Session not found for token starting with: 45QPhy7JWU
[0] 2026-04-19T01:35:37.062Z - GET /v1/organization
[0] Session not found for token starting with: 45QPhy7JWU
[0] 2026-04-19T01:35:38.071Z - GET /v1/organization
[0] Session not found for token starting with: 45QPhy7JWU
[0] 2026-04-19T01:35:39.080Z - OPTIONS /v1/organization
[0] 2026-04-19T01:35:39.081Z - GET /v1/organization
[0] Session not found for token starting with: 45QPhy7JWU
[0] 2026-04-19T01:35:40.088Z - GET /v1/organization
[0] Session not found for token starting with: 45QPhy7JWU
[0] 2026-04-19T01:35:41.096Z - GET /v1/organization
[0] Session not found for token starting with: 45QPhy7JWU
[0] 2026-04-19T01:35:42.102Z - GET /v1/organization
[0] Session not found for token starting with: 45QPhy7JWU
[0] 2026-04-19T01:35:43.108Z - GET /v1/organization
[0] Session not found for token starting with: 45QPhy7JWU
[0] 2026-04-19T01:35:44.116Z - OPTIONS /v1/organization
[0] 2026-04-19T01:35:44.117Z - GET /v1/organization
[0] Session not found for token starting with: 45QPhy7JWU
[0] 2026-04-19T01:35:45.124Z - GET /v1/organization
[0] Session not found for token starting with: 45QPhy7JWU
[0] 2026-04-19T01:35:46.131Z - GET /v1/organization
[0] Session not found for token starting with: 45QPhy7JWU
[0] 2026-04-19T01:35:47.139Z - GET /v1/organization
[0] Session not found for token starting with: 45QPhy7JWU
[0] 2026-04-19T01:35:48.146Z - GET /v1/organization
[0] Session not found for token starting with: 45QPhy7JWU
[0] 2026-04-19T01:35:49.155Z - OPTIONS /v1/organization
[0] 2026-04-19T01:35:49.156Z - GET /v1/organization
[0] Session not found for token starting with: 45QPhy7JWU
[0] 2026-04-19T01:35:50.162Z - GET /v1/organization
[0] Session not found for token starting with: 45QPhy7JWU
[0] 2026-04-19T01:35:51.168Z - GET /v1/organization
[0] Session not found for token starting with: 45QPhy7JWU
[0] 2026-04-19T01:35:52.174Z - GET /v1/organization
[0] Session not found for token starting with: 45QPhy7JWU
[0] 2026-04-19T01:35:53.183Z - GET /v1/organization
[0] Session not found for token starting with: 45QPhy7JWU
[0] 2026-04-19T01:35:54.189Z - OPTIONS /v1/organization
[0] 2026-04-19T01:35:54.190Z - GET /v1/organization
[0] Session not found for token starting with: 45QPhy7JWU
[0] 2026-04-19T01:35:55.195Z - GET /v1/organization
[0] Session not found for token starting with: 45QPhy7JWU
[0] 2026-04-19T01:35:56.203Z - GET /v1/organization
[0] Session not found for token starting with: 45QPhy7JWU
[0] 2026-04-19T01:35:57.210Z - GET /v1/organization
[0] Session not found for token starting with: 45QPhy7JWU
[0] 2026-04-19T01:35:58.220Z - GET /v1/organization
[0] Session not found for token starting with: 45QPhy7JWU
[0] 2026-04-19T01:35:59.229Z - OPTIONS /v1/organization
[0] 2026-04-19T01:35:59.230Z - GET /v1/organization
[0] Session not found for token starting with: 45QPhy7JWU
[0] 2026-04-19T01:36:00.238Z - GET /v1/organization
[0] Session not found for token starting with: 45QPhy7JWU
[0] 2026-04-19T01:36:01.246Z - GET /v1/organization
[0] Session not found for token starting with: 45QPhy7JWU
[0] 2026-04-19T01:36:02.254Z - GET /v1/organization
[0] Session not found for token starting with: 45QPhy7JWU
[0] 2026-04-19T01:36:03.262Z - GET /v1/organization
[0] Session not found for token starting with: 45QPhy7JWU
[0] 2026-04-19T01:36:04.269Z - OPTIONS /v1/organization
[0] 2026-04-19T01:36:04.270Z - GET /v1/organization
[0] Session not found for token starting with: 45QPhy7JWU
[0] 2026-04-19T01:36:05.278Z - GET /v1/organization
[0] Session not found for token starting with: 45QPhy7JWU
[0] 2026-04-19T01:36:06.284Z - GET /v1/organization
[0] Session not found for token starting with: 45QPhy7JWU
[0] 2026-04-19T01:36:07.291Z - GET /v1/organization
[0] Session not found for token starting with: 45QPhy7JWU
[0] 2026-04-19T01:36:08.299Z - GET /v1/organization
[0] Session not found for token starting with: 45QPhy7JWU
[0] 2026-04-19T01:36:09.307Z - OPTIONS /v1/organization
[0] 2026-04-19T01:36:09.308Z - GET /v1/organization
[0] Session not found for token starting with: 45QPhy7JWU
[0] 2026-04-19T01:36:10.316Z - GET /v1/organization
[0] Session not found for token starting with: 45QPhy7JWU
[0] 2026-04-19T01:36:11.322Z - GET /v1/organization
[0] Session not found for token starting with: 45QPhy7JWU
[0] 2026-04-19T01:36:12.330Z - GET /v1/organization
[0] Session not found for token starting with: 45QPhy7JWU
[0] 2026-04-19T01:36:13.338Z - GET /v1/organization
[0] Session not found for token starting with: 45QPhy7JWU
[0] 2026-04-19T01:36:14.347Z - OPTIONS /v1/organization
[0] 2026-04-19T01:36:14.349Z - GET /v1/organization
[0] Session not found for token starting with: 45QPhy7JWU
[0] 2026-04-19T01:36:15.355Z - GET /v1/organization
[0] Session not found for token starting with: 45QPhy7JWU
[0] 2026-04-19T01:36:16.362Z - GET /v1/organization
[0] Session not found for token starting with: 45QPhy7JWU
[0] 2026-04-19T01:36:17.370Z - GET /v1/organization
[0] Session not found for token starting with: 45QPhy7JWU
[0] 2026-04-19T01:36:18.377Z - GET /v1/organization
[0] Session not found for token starting with: 45QPhy7JWU
[0] 2026-04-19T01:36:19.386Z - OPTIONS /v1/organization
[0] 2026-04-19T01:36:19.388Z - GET /v1/organization
[0] Session not found for token starting with: 45QPhy7JWU
[0] 2026-04-19T01:36:20.395Z - GET /v1/organization
[0] Session not found for token starting with: 45QPhy7JWU
[0] 2026-04-19T01:36:21.403Z - GET /v1/organization
[0] Session not found for token starting with: 45QPhy7JWU
[0] 2026-04-19T01:36:22.410Z - GET /v1/organization
[0] Session not found for token starting with: 45QPhy7JWU
[0] 2026-04-19T01:36:23.418Z - GET /v1/organization
[0] Session not found for token starting with: 45QPhy7JWU
[0] 2026-04-19T01:36:24.427Z - OPTIONS /v1/organization
[0] 2026-04-19T01:36:24.428Z - GET /v1/organization
[0] Session not found for token starting with: 45QPhy7JWU
[0] 2026-04-19T01:36:25.435Z - GET /v1/organization
[0] Session not found for token starting with: 45QPhy7JWU
[0] 2026-04-19T01:36:26.443Z - GET /v1/organization
[0] Session not found for token starting with: 45QPhy7JWU
[0] 2026-04-19T01:36:27.450Z - GET /v1/organization
[0] Session not found for token starting with: 45QPhy7JWU
[0] 2026-04-19T01:36:28.458Z - GET /v1/organization
[0] Session not found for token starting with: 45QPhy7JWU
[0] 2026-04-19T01:36:29.465Z - OPTIONS /v1/organization
[0] 2026-04-19T01:36:29.466Z - GET /v1/organization
[0] Session not found for token starting with: 45QPhy7JWU
[0] 2026-04-19T01:36:30.475Z - GET /v1/organization
[0] Session not found for token starting with: 45QPhy7JWU
[0] 2026-04-19T01:36:31.483Z - GET /v1/organization
[0] Session not found for token starting with: 45QPhy7JWU
[0] 2026-04-19T01:36:32.492Z - GET /v1/organization
[0] Session not found for token starting with: 45QPhy7JWU
[0] 2026-04-19T01:36:33.499Z - GET /v1/organization
[0] Session not found for token starting with: 45QPhy7JWU
[0] 2026-04-19T01:36:34.508Z - OPTIONS /v1/organization
[0] 2026-04-19T01:36:34.510Z - GET /v1/organization
[0] Session not found for token starting with: 45QPhy7JWU
[0] 2026-04-19T01:36:35.516Z - GET /v1/organization
[0] Session not found for token starting with: 45QPhy7JWU
[0] 2026-04-19T01:36:36.524Z - GET /v1/organization
[0] Session not found for token starting with: 45QPhy7JWU
[0] 2026-04-19T01:36:37.532Z - GET /v1/organization
[0] Session not found for token starting with: 45QPhy7JWU
[0] 2026-04-19T01:36:38.540Z - GET /v1/organization
[0] Session not found for token starting with: 45QPhy7JWU
[0] 2026-04-19T01:36:39.549Z - OPTIONS /v1/organization
[0] 2026-04-19T01:36:39.552Z - GET /v1/organization
[0] Session not found for token starting with: 45QPhy7JWU
[0] 2026-04-19T01:36:40.560Z - GET /v1/organization
[0] Session not found for token starting with: 45QPhy7JWU
[0] 2026-04-19T01:36:41.569Z - GET /v1/organization
[0] Session not found for token starting with: 45QPhy7JWU
[0] 2026-04-19T01:36:42.578Z - GET /v1/organization
[0] Session not found for token starting with: 45QPhy7JWU
[0] 2026-04-19T01:36:43.585Z - GET /v1/organization
[0] Session not found for token starting with: 45QPhy7JWU
[0] 2026-04-19T01:36:44.592Z - OPTIONS /v1/organization
[0] 2026-04-19T01:36:44.593Z - GET /v1/organization
[0] Session not found for token starting with: 45QPhy7JWU
[0] 2026-04-19T01:36:45.602Z - GET /v1/organization
[0] Session not found for token starting with: 45QPhy7JWU
[0] 2026-04-19T01:36:46.608Z - GET /v1/organization
[0] Session not found for token starting with: 45QPhy7JWU
[0] 2026-04-19T01:36:47.616Z - GET /v1/organization
[0] Session not found for token starting with: 45QPhy7JWU
[0] 2026-04-19T01:36:48.624Z - GET /v1/organization
[0] Session not found for token starting with: 45QPhy7JWU
[0] 2026-04-19T01:36:49.631Z - OPTIONS /v1/organization
[0] 2026-04-19T01:36:49.634Z - GET /v1/organization
[0] Session not found for token starting with: 45QPhy7JWU
[0] 2026-04-19T01:36:50.642Z - GET /v1/organization
[0] Session not found for token starting with: 45QPhy7JWU
[0] 2026-04-19T01:36:51.651Z - GET /v1/organization
[0] Session not found for token starting with: 45QPhy7JWU
[0] 2026-04-19T01:36:52.660Z - GET /v1/organization
[0] Session not found for token starting with: 45QPhy7JWU
[0] 2026-04-19T01:36:53.667Z - GET /v1/organization
[0] Session not found for token starting with: 45QPhy7JWU
[0] 2026-04-19T01:36:54.675Z - OPTIONS /v1/organization
[0] 2026-04-19T01:36:54.676Z - GET /v1/organization
[0] Session not found for token starting with: 45QPhy7JWU
[0] 2026-04-19T01:36:55.682Z - GET /v1/organization
[0] Session not found for token starting with: 45QPhy7JWU
[0] 2026-04-19T01:36:56.690Z - GET /v1/organization
[0] Session not found for token starting with: 45QPhy7JWU
[0] 2026-04-19T01:36:57.697Z - GET /v1/organization
[0] Session not found for token starting with: 45QPhy7JWU
[0] 2026-04-19T01:36:58.703Z - GET /v1/organization
[0] Session not found for token starting with: 45QPhy7JWU
[0] 2026-04-19T01:36:59.710Z - OPTIONS /v1/organization
[0] 2026-04-19T01:36:59.712Z - GET /v1/organization
[0] Session not found for token starting with: 45QPhy7JWU
[0] 2026-04-19T01:37:00.721Z - GET /v1/organization
[0] Session not found for token starting with: 45QPhy7JWU
[0] 2026-04-19T01:37:01.728Z - GET /v1/organization
[0] Session not found for token starting with: 45QPhy7JWU
[0] 2026-04-19T01:37:02.736Z - GET /v1/organization
[0] Session not found for token starting with: 45QPhy7JWU
[0] 2026-04-19T01:37:03.745Z - GET /v1/organization
[0] Session not found for token starting with: 45QPhy7JWU
[0] 2026-04-19T01:37:04.754Z - OPTIONS /v1/organization
[0] 2026-04-19T01:37:04.756Z - GET /v1/organization
[0] Session not found for token starting with: 45QPhy7JWU
[0] 2026-04-19T01:37:05.764Z - GET /v1/organization
[0] Session not found for token starting with: 45QPhy7JWU
[0] 2026-04-19T01:37:06.771Z - GET /v1/organization
[0] Session not found for token starting with: 45QPhy7JWU
[0] 2026-04-19T01:37:07.779Z - GET /v1/organization
[0] Session not found for token starting with: 45QPhy7JWU
[0] 2026-04-19T01:37:08.786Z - GET /v1/organization
[0] Session not found for token starting with: 45QPhy7JWU
[0] 2026-04-19T01:37:09.795Z - OPTIONS /v1/organization
[0] 2026-04-19T01:37:09.796Z - GET /v1/organization
[0] Session not found for token starting with: 45QPhy7JWU
[0] 2026-04-19T01:37:10.806Z - GET /v1/organization
[0] Session not found for token starting with: 45QPhy7JWU
[0] 2026-04-19T01:37:11.813Z - GET /v1/organization
[0] Session not found for token starting with: 45QPhy7JWU
[0] 2026-04-19T01:37:12.821Z - GET /v1/organization
[0] Session not found for token starting with: 45QPhy7JWU
[0] 2026-04-19T01:37:13.829Z - GET /v1/organization
[0] Session not found for token starting with: 45QPhy7JWU
[0] 2026-04-19T01:37:14.837Z - OPTIONS /v1/organization
[0] 2026-04-19T01:37:14.839Z - GET /v1/organization
[0] Session not found for token starting with: 45QPhy7JWU
[0] 2026-04-19T01:37:15.847Z - GET /v1/organization
[0] Session not found for token starting with: 45QPhy7JWU
[0] 2026-04-19T01:37:16.856Z - GET /v1/organization
[0] Session not found for token starting with: 45QPhy7JWU
[0] 2026-04-19T01:37:17.865Z - GET /v1/organization
[0] Session not found for token starting with: 45QPhy7JWU
[0] 2026-04-19T01:37:18.873Z - GET /v1/organization
[0] Session not found for token starting with: 45QPhy7JWU
[0] 2026-04-19T01:37:19.881Z - OPTIONS /v1/organization
[0] 2026-04-19T01:37:19.883Z - GET /v1/organization
[0] Session not found for token starting with: 45QPhy7JWU
[0] 2026-04-19T01:37:20.891Z - GET /v1/organization
[0] Session not found for token starting with: 45QPhy7JWU
[0] 2026-04-19T01:37:21.898Z - GET /v1/organization
[0] Session not found for token starting with: 45QPhy7JWU
[0] 2026-04-19T01:37:22.906Z - GET /v1/organization
[0] Session not found for token starting with: 45QPhy7JWU
[0] 2026-04-19T01:37:23.914Z - GET /v1/organization
[0] Session not found for token starting with: 45QPhy7JWU
[0] 2026-04-19T01:37:24.921Z - OPTIONS /v1/organization
[0] 2026-04-19T01:37:24.922Z - GET /v1/organization
[0] Session not found for token starting with: 45QPhy7JWU
[0] 2026-04-19T01:37:25.931Z - GET /v1/organization
[0] Session not found for token starting with: 45QPhy7JWU
[0] 2026-04-19T01:37:26.940Z - GET /v1/organization
[0] Session not found for token starting with: 45QPhy7JWU
[0] 2026-04-19T01:37:27.948Z - GET /v1/organization
[0] Session not found for token starting with: 45QPhy7JWU
[0] 2026-04-19T01:37:28.960Z - GET /v1/organization
[0] Session not found for token starting with: 45QPhy7JWU
[0] 2026-04-19T01:37:29.971Z - OPTIONS /v1/organization
[0] 2026-04-19T01:37:29.973Z - GET /v1/organization
[0] Session not found for token starting with: 45QPhy7JWU
[0] 2026-04-19T01:37:30.978Z - GET /v1/organization
[0] Session not found for token starting with: 45QPhy7JWU
[0] 2026-04-19T01:37:31.984Z - GET /v1/organization
[0] Session not found for token starting with: 45QPhy7JWU
[0] 2026-04-19T01:37:32.991Z - GET /v1/organization
[0] Session not found for token starting with: 45QPhy7JWU
[0] 2026-04-19T01:37:33.996Z - GET /v1/organization
[0] Session not found for token starting with: 45QPhy7JWU
[0] 2026-04-19T01:37:35.003Z - OPTIONS /v1/organization
[0] 2026-04-19T01:37:35.005Z - GET /v1/organization
[0] Session not found for token starting with: 45QPhy7JWU
[0] 2026-04-19T01:37:36.021Z - GET /v1/organization
[0] Session not found for token starting with: 45QPhy7JWU
[0] 2026-04-19T01:37:37.033Z - GET /v1/organization
[0] Session not found for token starting with: 45QPhy7JWU
[0] 2026-04-19T01:37:38.047Z - GET /v1/organization
[0] Session not found for token starting with: 45QPhy7JWU
[0] 2026-04-19T01:37:39.062Z - GET /v1/organization
[0] Session not found for token starting with: 45QPhy7JWU
[0] 2026-04-19T01:37:40.080Z - OPTIONS /v1/organization
[0] 2026-04-19T01:37:40.081Z - GET /v1/organization
[0] Session not found for token starting with: 45QPhy7JWU
[0] 2026-04-19T01:37:41.099Z - GET /v1/organization
[0] Session not found for token starting with: 45QPhy7JWU
[0] 2026-04-19T01:37:42.114Z - GET /v1/organization
[0] Session not found for token starting with: 45QPhy7JWU
[0] 2026-04-19T01:37:43.127Z - GET /v1/organization
[0] Session not found for token starting with: 45QPhy7JWU
[0] 2026-04-19T01:37:44.136Z - GET /v1/organization
[0] Session not found for token starting with: 45QPhy7JWU
[0] 2026-04-19T01:37:45.144Z - OPTIONS /v1/organization
[0] 2026-04-19T01:37:45.145Z - GET /v1/organization
[0] Session not found for token starting with: 45QPhy7JWU
[0] 2026-04-19T01:37:46.150Z - GET /v1/organization
[0] Session not found for token starting with: 45QPhy7JWU
[0] 2026-04-19T01:37:47.159Z - GET /v1/organization
[0] Session not found for token starting with: 45QPhy7JWU
[0] 2026-04-19T01:37:48.166Z - GET /v1/organization
[0] Session not found for token starting with: 45QPhy7JWU
[0] 2026-04-19T01:37:49.178Z - GET /v1/organization
[0] Session not found for token starting with: 45QPhy7JWU
[0] 2026-04-19T01:37:50.185Z - OPTIONS /v1/organization
[0] 2026-04-19T01:37:50.186Z - GET /v1/organization
[0] Session not found for token starting with: 45QPhy7JWU
[0] 2026-04-19T01:37:51.196Z - GET /v1/organization
[0] Session not found for token starting with: 45QPhy7JWU
[0] 2026-04-19T01:37:52.204Z - GET /v1/organization
[0] Session not found for token starting with: 45QPhy7JWU
[0] 2026-04-19T01:37:53.212Z - GET /v1/organization
[0] Session not found for token starting with: 45QPhy7JWU
[0] 2026-04-19T01:37:54.221Z - GET /v1/organization
[0] Session not found for token starting with: 45QPhy7JWU
[0] 2026-04-19T01:37:55.228Z - OPTIONS /v1/organization
[0] 2026-04-19T01:37:55.230Z - GET /v1/organization
[0] Session not found for token starting with: 45QPhy7JWU
[0] 2026-04-19T01:37:56.241Z - GET /v1/organization
[0] Session not found for token starting with: 45QPhy7JWU
[0] 2026-04-19T01:37:57.250Z - GET /v1/organization
[0] Session not found for token starting with: 45QPhy7JWU
[0] 2026-04-19T01:37:58.255Z - GET /v1/organization
[0] Session not found for token starting with: 45QPhy7JWU
[0] 2026-04-19T01:37:59.262Z - GET /v1/organization
[0] Session not found for token starting with: 45QPhy7JWU
[0] 2026-04-19T01:38:00.271Z - OPTIONS /v1/organization
[0] 2026-04-19T01:38:00.273Z - GET /v1/organization
[0] Session not found for token starting with: 45QPhy7JWU
[0] 2026-04-19T01:38:01.282Z - GET /v1/organization
[0] Session not found for token starting with: 45QPhy7JWU
[0] 2026-04-19T01:38:02.290Z - GET /v1/organization
[0] Session not found for token starting with: 45QPhy7JWU
[0] 2026-04-19T01:38:03.298Z - GET /v1/organization
[0] Session not found for token starting with: 45QPhy7JWU
[0] 2026-04-19T01:38:04.308Z - GET /v1/organization
[0] Session not found for token starting with: 45QPhy7JWU
[0] 2026-04-19T01:38:05.315Z - OPTIONS /v1/organization
[0] 2026-04-19T01:38:05.317Z - GET /v1/organization
[0] Session not found for token starting with: 45QPhy7JWU
[0] 2026-04-19T01:38:06.326Z - GET /v1/organization
[0] Session not found for token starting with: 45QPhy7JWU
[0] 2026-04-19T01:38:07.334Z - GET /v1/organization
[0] Session not found for token starting with: 45QPhy7JWU
[0] 2026-04-19T01:38:08.342Z - GET /v1/organization
[0] Session not found for token starting with: 45QPhy7JWU
[0] 2026-04-19T01:38:09.350Z - GET /v1/organization
[0] Session not found for token starting with: 45QPhy7JWU
[0] 2026-04-19T01:38:10.359Z - OPTIONS /v1/organization
[0] 2026-04-19T01:38:10.361Z - GET /v1/organization
[0] Session not found for token starting with: 45QPhy7JWU
[0] 2026-04-19T01:38:11.369Z - GET /v1/organization
[0] Session not found for token starting with: 45QPhy7JWU
[0] 2026-04-19T01:38:12.378Z - GET /v1/organization
[0] Session not found for token starting with: 45QPhy7JWU
[0] 2026-04-19T01:38:13.385Z - GET /v1/organization
[0] Session not found for token starting with: 45QPhy7JWU
[0] 2026-04-19T01:38:14.393Z - GET /v1/organization
[0] Session not found for token starting with: 45QPhy7JWU
[0] 2026-04-19T01:38:15.401Z - OPTIONS /v1/organization
[0] 2026-04-19T01:38:15.403Z - GET /v1/organization
[0] Session not found for token starting with: 45QPhy7JWU
[0] 2026-04-19T01:38:16.411Z - GET /v1/organization
[0] Session not found for token starting with: 45QPhy7JWU
[0] 2026-04-19T01:38:17.418Z - GET /v1/organization
[0] Session not found for token starting with: 45QPhy7JWU
[0] 2026-04-19T01:38:18.424Z - GET /v1/organization
[0] Session not found for token starting with: 45QPhy7JWU
[0] 2026-04-19T01:38:19.436Z - GET /v1/organization
[0] Session not found for token starting with: 45QPhy7JWU
[0] 2026-04-19T01:38:20.447Z - OPTIONS /v1/organization
[0] 2026-04-19T01:38:20.456Z - GET /v1/organization
[0] Session not found for token starting with: 45QPhy7JWU
[0] 2026-04-19T01:38:21.464Z - GET /v1/organization
[0] Session not found for token starting with: 45QPhy7JWU
[0] 2026-04-19T01:38:22.473Z - GET /v1/organization
[0] Session not found for token starting with: 45QPhy7JWU
[0] 2026-04-19T01:38:23.480Z - GET /v1/organization
[0] Session not found for token starting with: 45QPhy7JWU
[0] 2026-04-19T01:38:24.489Z - GET /v1/organization
[0] Session not found for token starting with: 45QPhy7JWU
[0] 2026-04-19T01:38:25.496Z - OPTIONS /v1/organization
[0] 2026-04-19T01:38:25.497Z - GET /v1/organization
[0] Session not found for token starting with: 45QPhy7JWU
[0] 2026-04-19T01:38:26.504Z - GET /v1/organization
[0] Session not found for token starting with: 45QPhy7JWU
[0] 2026-04-19T01:38:27.512Z - GET /v1/organization
[0] Session not found for token starting with: 45QPhy7JWU
[0] 2026-04-19T01:38:28.520Z - GET /v1/organization
[0] Session not found for token starting with: 45QPhy7JWU
[0] 2026-04-19T01:38:29.530Z - GET /v1/organization
[0] Session not found for token starting with: 45QPhy7JWU
[0] 2026-04-19T01:38:30.539Z - OPTIONS /v1/organization
[0] 2026-04-19T01:38:30.540Z - GET /v1/organization
[0] Session not found for token starting with: 45QPhy7JWU
[0] 2026-04-19T01:38:31.549Z - GET /v1/organization
[0] Session not found for token starting with: 45QPhy7JWU
[0] 2026-04-19T01:38:32.559Z - GET /v1/organization
[0] Session not found for token starting with: 45QPhy7JWU
[0] 2026-04-19T01:38:33.566Z - GET /v1/organization
[0] Session not found for token starting with: 45QPhy7JWU
[0] 2026-04-19T01:38:34.576Z - GET /v1/organization
[0] Session not found for token starting with: 45QPhy7JWU
[0] 2026-04-19T01:38:35.584Z - OPTIONS /v1/organization
[0] 2026-04-19T01:38:35.586Z - GET /v1/organization
[0] Session not found for token starting with: 45QPhy7JWU
[0] 2026-04-19T01:38:36.595Z - GET /v1/organization
[0] Session not found for token starting with: 45QPhy7JWU
[0] 2026-04-19T01:38:37.604Z - GET /v1/organization
[0] Session not found for token starting with: 45QPhy7JWU
[0] 2026-04-19T01:38:38.612Z - GET /v1/organization
[0] Session not found for token starting with: 45QPhy7JWU
[0] 2026-04-19T01:38:39.622Z - GET /v1/organization
[0] Session not found for token starting with: 45QPhy7JWU
[0] 2026-04-19T01:38:40.631Z - OPTIONS /v1/organization
[0] 2026-04-19T01:38:40.632Z - GET /v1/organization
[0] Session not found for token starting with: 45QPhy7JWU
[0] 2026-04-19T01:38:41.640Z - GET /v1/organization
[0] Session not found for token starting with: 45QPhy7JWU
[0] 2026-04-19T01:38:42.648Z - GET /v1/organization
[0] Session not found for token starting with: 45QPhy7JWU
[0] 2026-04-19T01:38:43.656Z - GET /v1/organization
[0] Session not found for token starting with: 45QPhy7JWU
[0] 2026-04-19T01:38:44.663Z - GET /v1/organization
[0] Session not found for token starting with: 45QPhy7JWU
[0] 2026-04-19T01:38:45.671Z - OPTIONS /v1/organization
[0] 2026-04-19T01:38:45.673Z - GET /v1/organization
[0] Session not found for token starting with: 45QPhy7JWU
[0] 2026-04-19T01:38:46.681Z - GET /v1/organization
[0] Session not found for token starting with: 45QPhy7JWU
[0] 2026-04-19T01:38:47.687Z - GET /v1/organization
[0] Session not found for token starting with: 45QPhy7JWU
[0] 2026-04-19T01:38:48.696Z - GET /v1/organization
[0] Session not found for token starting with: 45QPhy7JWU
[0] 2026-04-19T01:38:49.703Z - GET /v1/organization
[0] Session not found for token starting with: 45QPhy7JWU
[0] 2026-04-19T01:38:50.712Z - OPTIONS /v1/organization
[0] 2026-04-19T01:38:50.714Z - GET /v1/organization
[0] Session not found for token starting with: 45QPhy7JWU
[0] 2026-04-19T01:38:51.723Z - GET /v1/organization
[0] Session not found for token starting with: 45QPhy7JWU
[0] 2026-04-19T01:38:52.731Z - GET /v1/organization
[0] Session not found for token starting with: 45QPhy7JWU
[0] 2026-04-19T01:38:53.739Z - GET /v1/organization
[0] Session not found for token starting with: 45QPhy7JWU
[0] 2026-04-19T01:38:54.748Z - GET /v1/organization
[0] Session not found for token starting with: 45QPhy7JWU
[0] 2026-04-19T01:38:55.757Z - OPTIONS /v1/organization
[0] 2026-04-19T01:38:55.759Z - GET /v1/organization
[0] Session not found for token starting with: 45QPhy7JWU
[0] 2026-04-19T01:38:56.767Z - GET /v1/organization
[0] Session not found for token starting with: 45QPhy7JWU
[0] 2026-04-19T01:38:57.774Z - GET /v1/organization
[0] Session not found for token starting with: 45QPhy7JWU
[0] 2026-04-19T01:38:58.782Z - GET /v1/organization
[0] Session not found for token starting with: 45QPhy7JWU
[0] 2026-04-19T01:38:59.788Z - GET /v1/organization
[0] Session not found for token starting with: 45QPhy7JWU
[0] 2026-04-19T01:39:00.796Z - OPTIONS /v1/organization
[0] 2026-04-19T01:39:00.797Z - GET /v1/organization
[0] Session not found for token starting with: 45QPhy7JWU
[0] 2026-04-19T01:39:01.803Z - GET /v1/organization
[0] Session not found for token starting with: 45QPhy7JWU
[0] 2026-04-19T01:39:02.811Z - GET /v1/organization
[0] Session not found for token starting with: 45QPhy7JWU
[0] 2026-04-19T01:39:03.819Z - GET /v1/organization
[0] Session not found for token starting with: 45QPhy7JWU
[0] 2026-04-19T01:39:04.827Z - GET /v1/organization
[0] Session not found for token starting with: 45QPhy7JWU
[0] 2026-04-19T01:39:05.836Z - OPTIONS /v1/organization
[0] 2026-04-19T01:39:05.838Z - GET /v1/organization
[0] Session not found for token starting with: 45QPhy7JWU
[0] 2026-04-19T01:39:06.845Z - GET /v1/organization
[0] Session not found for token starting with: 45QPhy7JWU
[0] 2026-04-19T01:39:07.853Z - GET /v1/organization
[0] Session not found for token starting with: 45QPhy7JWU
[0] 2026-04-19T01:39:08.860Z - GET /v1/organization
[0] Session not found for token starting with: 45QPhy7JWU
[0] 2026-04-19T01:39:09.867Z - GET /v1/organization
[0] Session not found for token starting with: 45QPhy7JWU
[0] 2026-04-19T01:39:10.876Z - OPTIONS /v1/organization
[0] 2026-04-19T01:39:10.877Z - GET /v1/organization
[0] Session not found for token starting with: 45QPhy7JWU
[0] 2026-04-19T01:39:11.884Z - GET /v1/organization
[0] Session not found for token starting with: 45QPhy7JWU
[0] 2026-04-19T01:39:12.891Z - GET /v1/organization
[0] Session not found for token starting with: 45QPhy7JWU
[0] 2026-04-19T01:39:13.899Z - GET /v1/organization
[0] Session not found for token starting with: 45QPhy7JWU
[0] 2026-04-19T01:39:14.908Z - GET /v1/organization
[0] Session not found for token starting with: 45QPhy7JWU
[0] 2026-04-19T01:39:15.916Z - OPTIONS /v1/organization
[0] 2026-04-19T01:39:15.918Z - GET /v1/organization
[0] Session not found for token starting with: 45QPhy7JWU
[0] 2026-04-19T01:39:16.927Z - GET /v1/organization
[0] Session not found for token starting with: 45QPhy7JWU
[0] 2026-04-19T01:39:17.934Z - GET /v1/organization
[0] Session not found for token starting with: 45QPhy7JWU
[0] 2026-04-19T01:39:18.943Z - GET /v1/organization
[0] Session not found for token starting with: 45QPhy7JWU
[0] 2026-04-19T01:39:19.951Z - GET /v1/organization
[0] Session not found for token starting with: 45QPhy7JWU
[0] 2026-04-19T01:39:20.960Z - OPTIONS /v1/organization
[0] 2026-04-19T01:39:20.962Z - GET /v1/organization
[0] Session not found for token starting with: 45QPhy7JWU
[0] 2026-04-19T01:39:21.968Z - GET /v1/organization
[0] Session not found for token starting with: 45QPhy7JWU
[0] 2026-04-19T01:39:22.973Z - GET /v1/organization
[0] Session not found for token starting with: 45QPhy7JWU
[0] 2026-04-19T01:39:23.979Z - GET /v1/organization
[0] Session not found for token starting with: 45QPhy7JWU
[0] 2026-04-19T01:39:24.987Z - GET /v1/organization
[0] Session not found for token starting with: 45QPhy7JWU
[0] 2026-04-19T01:39:25.994Z - OPTIONS /v1/organization
[0] 2026-04-19T01:39:25.996Z - GET /v1/organization
[0] Session not found for token starting with: 45QPhy7JWU
[0] 2026-04-19T01:39:27.003Z - GET /v1/organization
[0] Session not found for token starting with: 45QPhy7JWU
[0] 2026-04-19T01:39:28.012Z - GET /v1/organization
[0] Session not found for token starting with: 45QPhy7JWU
[0] 2026-04-19T01:39:29.021Z - GET /v1/organization
[0] Session not found for token starting with: 45QPhy7JWU
[0] 2026-04-19T01:39:30.029Z - GET /v1/organization
[0] Session not found for token starting with: 45QPhy7JWU
[0] 2026-04-19T01:39:31.038Z - OPTIONS /v1/organization
[0] 2026-04-19T01:39:31.039Z - GET /v1/organization
[0] Session not found for token starting with: 45QPhy7JWU
[0] 2026-04-19T01:39:32.047Z - GET /v1/organization
[0] Session not found for token starting with: 45QPhy7JWU
[0] 2026-04-19T01:39:33.055Z - GET /v1/organization
[0] Session not found for token starting with: 45QPhy7JWU
[0] 2026-04-19T01:39:34.063Z - GET /v1/organization
[0] Session not found for token starting with: 45QPhy7JWU
[0] 2026-04-19T01:39:35.070Z - GET /v1/organization
[0] Session not found for token starting with: 45QPhy7JWU
[0] 2026-04-19T01:39:36.078Z - OPTIONS /v1/organization
[0] 2026-04-19T01:39:36.079Z - GET /v1/organization
[0] Session not found for token starting with: 45QPhy7JWU
[0] 2026-04-19T01:39:37.086Z - GET /v1/organization
[0] Session not found for token starting with: 45QPhy7JWU
[0] 2026-04-19T01:39:38.095Z - GET /v1/organization
[0] Session not found for token starting with: 45QPhy7JWU
[0] 2026-04-19T01:39:39.102Z - GET /v1/organization
[0] Session not found for token starting with: 45QPhy7JWU
[0] 2026-04-19T01:39:40.108Z - GET /v1/organization
[0] Session not found for token starting with: 45QPhy7JWU
[0] 2026-04-19T01:39:41.116Z - OPTIONS /v1/organization
[0] 2026-04-19T01:39:41.118Z - GET /v1/organization
[0] Session not found for token starting with: 45QPhy7JWU
[0] 2026-04-19T01:39:42.127Z - GET /v1/organization
[0] Session not found for token starting with: 45QPhy7JWU
[0] 2026-04-19T01:39:43.132Z - GET /v1/organization
[0] Session not found for token starting with: 45QPhy7JWU
[0] 2026-04-19T01:39:44.140Z - GET /v1/organization
[0] Session not found for token starting with: 45QPhy7JWU
[0] 2026-04-19T01:39:45.148Z - GET /v1/organization
[0] Session not found for token starting with: 45QPhy7JWU
[0] 2026-04-19T01:39:46.155Z - OPTIONS /v1/organization
[0] 2026-04-19T01:39:46.157Z - GET /v1/organization
[0] Session not found for token starting with: 45QPhy7JWU
[0] 2026-04-19T01:39:47.165Z - GET /v1/organization
[0] Session not found for token starting with: 45QPhy7JWU
[0] 2026-04-19T01:39:48.173Z - GET /v1/organization
[0] Session not found for token starting with: 45QPhy7JWU
[0] 2026-04-19T01:39:49.180Z - GET /v1/organization
[0] Session not found for token starting with: 45QPhy7JWU
[0] 2026-04-19T01:39:50.188Z - GET /v1/organization
[0] Session not found for token starting with: 45QPhy7JWU
[0] 2026-04-19T01:39:51.197Z - OPTIONS /v1/organization
[0] 2026-04-19T01:39:51.199Z - GET /v1/organization
[0] Session not found for token starting with: 45QPhy7JWU
[0] 2026-04-19T01:39:52.208Z - GET /v1/organization
[0] Session not found for token starting with: 45QPhy7JWU
[0] 2026-04-19T01:39:53.214Z - GET /v1/organization
[0] Session not found for token starting with: 45QPhy7JWU
[0] 2026-04-19T01:39:54.222Z - GET /v1/organization
[0] Session not found for token starting with: 45QPhy7JWU
[0] 2026-04-19T01:39:55.230Z - GET /v1/organization
[0] Session not found for token starting with: 45QPhy7JWU
[0] 2026-04-19T01:39:56.239Z - OPTIONS /v1/organization
[0] 2026-04-19T01:39:56.241Z - GET /v1/organization
[0] Session not found for token starting with: 45QPhy7JWU
[0] 2026-04-19T01:39:57.248Z - GET /v1/organization
[0] Session not found for token starting with: 45QPhy7JWU
[0] 2026-04-19T01:39:58.259Z - GET /v1/organization
[0] Session not found for token starting with: 45QPhy7JWU
[0] 2026-04-19T01:39:59.273Z - GET /v1/organization
[0] Session not found for token starting with: 45QPhy7JWU
[0] 2026-04-19T01:40:00.280Z - GET /v1/organization
[0] Session not found for token starting with: 45QPhy7JWU
[0] 2026-04-19T01:40:01.286Z - OPTIONS /v1/organization
[0] 2026-04-19T01:40:01.287Z - GET /v1/organization
[0] Session not found for token starting with: 45QPhy7JWU
[0] 2026-04-19T01:40:02.294Z - GET /v1/organization
[0] Session not found for token starting with: 45QPhy7JWU
[0] 2026-04-19T01:40:03.304Z - GET /v1/organization
[0] Session not found for token starting with: 45QPhy7JWU
[0] 2026-04-19T01:40:04.313Z - GET /v1/organization
[0] Session not found for token starting with: 45QPhy7JWU
[0] 2026-04-19T01:40:05.320Z - GET /v1/organization
[0] Session not found for token starting with: 45QPhy7JWU
[0] 2026-04-19T01:40:06.330Z - OPTIONS /v1/organization
[0] 2026-04-19T01:40:06.332Z - GET /v1/organization
[0] Session not found for token starting with: 45QPhy7JWU
[0] 2026-04-19T01:40:07.339Z - GET /v1/organization
[0] Session not found for token starting with: 45QPhy7JWU
[0] 2026-04-19T01:40:08.347Z - GET /v1/organization
[0] Session not found for token starting with: 45QPhy7JWU
[0] 2026-04-19T01:40:09.361Z - GET /v1/organization
[0] Session not found for token starting with: 45QPhy7JWU
[0] 2026-04-19T01:40:10.369Z - GET /v1/organization
[0] Session not found for token starting with: 45QPhy7JWU
[0] 2026-04-19T01:40:11.375Z - OPTIONS /v1/organization
[0] 2026-04-19T01:40:11.377Z - GET /v1/organization
[0] Session not found for token starting with: 45QPhy7JWU
[0] 2026-04-19T01:40:12.384Z - GET /v1/organization
[0] Session not found for token starting with: 45QPhy7JWU
[0] 2026-04-19T01:40:13.393Z - GET /v1/organization
[0] Session not found for token starting with: 45QPhy7JWU
[0] 2026-04-19T01:40:14.401Z - GET /v1/organization
[0] Session not found for token starting with: 45QPhy7JWU
[0] 2026-04-19T01:40:15.411Z - GET /v1/organization
[0] Session not found for token starting with: 45QPhy7JWU
[0] 2026-04-19T01:40:16.419Z - OPTIONS /v1/organization
[0] 2026-04-19T01:40:16.420Z - GET /v1/organization
[0] Session not found for token starting with: 45QPhy7JWU
[0] 2026-04-19T01:40:17.429Z - GET /v1/organization
[0] Session not found for token starting with: 45QPhy7JWU
[0] 2026-04-19T01:40:18.439Z - GET /v1/organization
[0] Session not found for token starting with: 45QPhy7JWU
[0] 2026-04-19T01:40:19.448Z - GET /v1/organization
[0] Session not found for token starting with: 45QPhy7JWU
[0] 2026-04-19T01:40:20.457Z - GET /v1/organization
[0] Session not found for token starting with: 45QPhy7JWU
[0] 2026-04-19T01:40:21.465Z - OPTIONS /v1/organization
[0] 2026-04-19T01:40:21.467Z - GET /v1/organization
[0] Session not found for token starting with: 45QPhy7JWU
[0] 2026-04-19T01:40:22.473Z - GET /v1/organization
[0] Session not found for token starting with: 45QPhy7JWU
[0] 2026-04-19T01:40:23.479Z - GET /v1/organization
[0] Session not found for token starting with: 45QPhy7JWU
[0] 2026-04-19T01:40:24.490Z - GET /v1/organization
[0] Session not found for token starting with: 45QPhy7JWU
[0] 2026-04-19T01:40:25.499Z - GET /v1/organization
[0] Session not found for token starting with: 45QPhy7JWU
[0] 2026-04-19T01:40:26.508Z - OPTIONS /v1/organization
[0] 2026-04-19T01:40:26.509Z - GET /v1/organization
[0] Session not found for token starting with: 45QPhy7JWU
[0] 2026-04-19T01:40:27.515Z - GET /v1/organization
[0] Session not found for token starting with: 45QPhy7JWU
[0] 2026-04-19T01:40:28.523Z - GET /v1/organization
[0] Session not found for token starting with: 45QPhy7JWU
[0] 2026-04-19T01:40:29.531Z - GET /v1/organization
[0] Session not found for token starting with: 45QPhy7JWU
[0] 2026-04-19T01:40:30.540Z - GET /v1/organization
[0] Session not found for token starting with: 45QPhy7JWU
[0] 2026-04-19T01:40:31.547Z - OPTIONS /v1/organization
[0] 2026-04-19T01:40:31.549Z - GET /v1/organization
[0] Session not found for token starting with: 45QPhy7JWU
[0] 2026-04-19T01:40:32.555Z - GET /v1/organization
[0] Session not found for token starting with: 45QPhy7JWU
[0] 2026-04-19T01:40:33.563Z - GET /v1/organization
[0] Session not found for token starting with: 45QPhy7JWU
[0] 2026-04-19T01:40:34.572Z - GET /v1/organization
[0] Session not found for token starting with: 45QPhy7JWU
[0] 2026-04-19T01:40:35.578Z - GET /v1/organization
[0] Session not found for token starting with: 45QPhy7JWU
[0] 2026-04-19T01:40:36.587Z - OPTIONS /v1/organization
[0] 2026-04-19T01:40:36.588Z - GET /v1/organization
[0] Session not found for token starting with: 45QPhy7JWU
[0] 2026-04-19T01:40:37.595Z - GET /v1/organization
[0] Session not found for token starting with: 45QPhy7JWU
[0] 2026-04-19T01:40:38.601Z - GET /v1/organization
[0] Session not found for token starting with: 45QPhy7JWU
[0] 2026-04-19T01:40:39.608Z - GET /v1/organization
[0] Session not found for token starting with: 45QPhy7JWU
[0] 2026-04-19T01:40:40.616Z - GET /v1/organization
[0] Session not found for token starting with: 45QPhy7JWU
[0] 2026-04-19T01:40:41.624Z - OPTIONS /v1/organization
[0] 2026-04-19T01:40:41.626Z - GET /v1/organization
[0] Session not found for token starting with: 45QPhy7JWU
[0] 2026-04-19T01:40:42.633Z - GET /v1/organization
[0] Session not found for token starting with: 45QPhy7JWU
[0] 2026-04-19T01:40:43.640Z - GET /v1/organization
[0] Session not found for token starting with: 45QPhy7JWU
[0] 2026-04-19T01:40:44.646Z - GET /v1/organization
[0] Session not found for token starting with: 45QPhy7JWU
[0] 2026-04-19T01:40:45.653Z - GET /v1/organization
[0] Session not found for token starting with: 45QPhy7JWU
[0] 2026-04-19T01:40:46.664Z - OPTIONS /v1/organization
[0] 2026-04-19T01:40:46.665Z - GET /v1/organization
[0] Session not found for token starting with: 45QPhy7JWU
[0] 2026-04-19T01:40:47.673Z - GET /v1/organization
[0] Session not found for token starting with: 45QPhy7JWU
[0] 2026-04-19T01:40:48.680Z - GET /v1/organization
[0] Session not found for token starting with: 45QPhy7JWU
[0] 2026-04-19T01:40:49.689Z - GET /v1/organization
[0] Session not found for token starting with: 45QPhy7JWU
[0] 2026-04-19T01:40:50.695Z - GET /v1/organization
[0] Session not found for token starting with: 45QPhy7JWU
[0] 2026-04-19T01:40:51.704Z - OPTIONS /v1/organization
[0] 2026-04-19T01:40:51.705Z - GET /v1/organization
[0] Session not found for token starting with: 45QPhy7JWU
[0] 2026-04-19T01:40:52.713Z - GET /v1/organization
[0] Session not found for token starting with: 45QPhy7JWU
[0] 2026-04-19T01:40:53.722Z - GET /v1/organization
[0] Session not found for token starting with: 45QPhy7JWU
[0] 2026-04-19T01:40:54.729Z - GET /v1/organization
[0] Session not found for token starting with: 45QPhy7JWU
[0] 2026-04-19T01:40:55.737Z - GET /v1/organization
[0] Session not found for token starting with: 45QPhy7JWU
[0] 2026-04-19T01:40:56.745Z - OPTIONS /v1/organization
[0] 2026-04-19T01:40:56.746Z - GET /v1/organization
[0] Session not found for token starting with: 45QPhy7JWU
[0] 2026-04-19T01:40:57.755Z - GET /v1/organization
[0] Session not found for token starting with: 45QPhy7JWU
[0] 2026-04-19T01:40:58.762Z - GET /v1/organization
[0] Session not found for token starting with: 45QPhy7JWU
[0] 2026-04-19T01:40:59.769Z - GET /v1/organization
[0] Session not found for token starting with: 45QPhy7JWU
[0] 2026-04-19T01:41:00.776Z - GET /v1/organization
[0] Session not found for token starting with: 45QPhy7JWU
[0] 2026-04-19T01:41:01.783Z - OPTIONS /v1/organization
[0] 2026-04-19T01:41:01.785Z - GET /v1/organization
[0] Session not found for token starting with: 45QPhy7JWU
[0] 2026-04-19T01:41:02.793Z - GET /v1/organization
[0] Session not found for token starting with: 45QPhy7JWU
[0] 2026-04-19T01:41:03.802Z - GET /v1/organization
[0] Session not found for token starting with: 45QPhy7JWU
[0] 2026-04-19T01:41:04.811Z - GET /v1/organization
[0] Session not found for token starting with: 45QPhy7JWU
[0] 2026-04-19T01:41:05.820Z - GET /v1/organization
[0] Session not found for token starting with: 45QPhy7JWU
[0] 2026-04-19T01:41:06.828Z - OPTIONS /v1/organization
[0] 2026-04-19T01:41:06.830Z - GET /v1/organization
[0] Session not found for token starting with: 45QPhy7JWU
[0] 2026-04-19T01:41:07.839Z - GET /v1/organization
[0] Session not found for token starting with: 45QPhy7JWU
[0] 2026-04-19T01:41:08.847Z - GET /v1/organization
[0] Session not found for token starting with: 45QPhy7JWU
[0] 2026-04-19T01:41:09.855Z - GET /v1/organization
[0] Session not found for token starting with: 45QPhy7JWU
[0] 2026-04-19T01:41:10.863Z - GET /v1/organization
[0] Session not found for token starting with: 45QPhy7JWU
[0] 2026-04-19T01:41:11.872Z - OPTIONS /v1/organization
[0] 2026-04-19T01:41:11.874Z - GET /v1/organization
[0] Session not found for token starting with: 45QPhy7JWU
[0] 2026-04-19T01:41:12.883Z - GET /v1/organization
[0] Session not found for token starting with: 45QPhy7JWU
[0] 2026-04-19T01:41:13.892Z - GET /v1/organization
[0] Session not found for token starting with: 45QPhy7JWU
[0] 2026-04-19T01:41:14.898Z - GET /v1/organization
[0] Session not found for token starting with: 45QPhy7JWU
[0] 2026-04-19T01:41:15.907Z - GET /v1/organization
[0] Session not found for token starting with: 45QPhy7JWU
[0] 2026-04-19T01:41:16.916Z - OPTIONS /v1/organization
[0] 2026-04-19T01:41:16.917Z - GET /v1/organization
[0] Session not found for token starting with: 45QPhy7JWU
[0] 2026-04-19T01:41:17.926Z - GET /v1/organization
[0] Session not found for token starting with: 45QPhy7JWU
[0] 2026-04-19T01:41:18.933Z - GET /v1/organization
[0] Session not found for token starting with: 45QPhy7JWU
[0] 2026-04-19T01:41:19.942Z - GET /v1/organization
[0] Session not found for token starting with: 45QPhy7JWU
[0] 2026-04-19T01:41:20.949Z - GET /v1/organization
[0] Session not found for token starting with: 45QPhy7JWU
[0] 2026-04-19T01:41:21.957Z - OPTIONS /v1/organization
[0] 2026-04-19T01:41:21.958Z - GET /v1/organization
[0] Session not found for token starting with: 45QPhy7JWU
[0] 2026-04-19T01:41:22.966Z - GET /v1/organization
[0] Session not found for token starting with: 45QPhy7JWU
[0] 2026-04-19T01:41:23.974Z - GET /v1/organization
[0] Session not found for token starting with: 45QPhy7JWU
[0] 2026-04-19T01:41:24.983Z - GET /v1/organization
[0] Session not found for token starting with: 45QPhy7JWU
[0] 2026-04-19T01:41:25.990Z - GET /v1/organization
[0] Session not found for token starting with: 45QPhy7JWU
[0] 2026-04-19T01:41:26.997Z - OPTIONS /v1/organization
[0] 2026-04-19T01:41:26.998Z - GET /v1/organization
[0] Session not found for token starting with: 45QPhy7JWU
[0] 2026-04-19T01:41:28.006Z - GET /v1/organization
[0] Session not found for token starting with: 45QPhy7JWU
[0] 2026-04-19T01:41:29.012Z - GET /v1/organization
[0] Session not found for token starting with: 45QPhy7JWU
[0] 2026-04-19T01:41:30.019Z - GET /v1/organization
[0] Session not found for token starting with: 45QPhy7JWU
[0] 2026-04-19T01:41:31.057Z - GET /v1/organization
[0] Session not found for token starting with: 45QPhy7JWU
[0] 2026-04-19T01:41:32.087Z - OPTIONS /v1/organization
[0] 2026-04-19T01:41:32.089Z - GET /v1/organization
[0] Session not found for token starting with: 45QPhy7JWU
[0] 2026-04-19T01:41:33.103Z - GET /v1/organization
[0] Session not found for token starting with: 45QPhy7JWU
[0] 2026-04-19T01:41:34.113Z - GET /v1/organization
[0] Session not found for token starting with: 45QPhy7JWU
[0] 2026-04-19T01:41:35.120Z - GET /v1/organization
[0] Session not found for token starting with: 45QPhy7JWU
[0] 2026-04-19T01:41:36.126Z - GET /v1/organization
[0] Session not found for token starting with: 45QPhy7JWU
[0] 2026-04-19T01:41:37.132Z - OPTIONS /v1/organization
[0] 2026-04-19T01:41:37.133Z - GET /v1/organization
[0] Session not found for token starting with: 45QPhy7JWU
[0] 2026-04-19T01:41:38.141Z - GET /v1/organization
[0] Session not found for token starting with: 45QPhy7JWU
[0] 2026-04-19T01:41:39.150Z - GET /v1/organization
[0] Session not found for token starting with: 45QPhy7JWU
[0] 2026-04-19T01:41:40.160Z - GET /v1/organization
[0] Session not found for token starting with: 45QPhy7JWU
[0] 2026-04-19T01:41:41.168Z - GET /v1/organization
[0] Session not found for token starting with: 45QPhy7JWU
[0] 2026-04-19T01:41:42.175Z - OPTIONS /v1/organization
[0] 2026-04-19T01:41:42.177Z - GET /v1/organization
[0] Session not found for token starting with: 45QPhy7JWU
[0] 2026-04-19T01:41:43.183Z - GET /v1/organization
[0] Session not found for token starting with: 45QPhy7JWU
[0] 2026-04-19T01:41:44.192Z - GET /v1/organization
[0] Session not found for token starting with: 45QPhy7JWU
[0] 2026-04-19T01:41:45.198Z - GET /v1/organization
[0] Session not found for token starting with: 45QPhy7JWU
[0] 2026-04-19T01:41:46.205Z - GET /v1/organization
[0] Session not found for token starting with: 45QPhy7JWU
[0] 2026-04-19T01:41:47.212Z - OPTIONS /v1/organization
[0] 2026-04-19T01:41:47.213Z - GET /v1/organization
[0] Session not found for token starting with: 45QPhy7JWU
[0] 2026-04-19T01:41:48.219Z - GET /v1/organization
[0] Session not found for token starting with: 45QPhy7JWU
[0] 2026-04-19T01:41:49.231Z - GET /v1/organization
[0] Session not found for token starting with: 45QPhy7JWU
[0] 2026-04-19T01:41:50.246Z - GET /v1/organization
[0] Session not found for token starting with: 45QPhy7JWU
[0] 2026-04-19T01:41:51.256Z - GET /v1/organization
[0] Session not found for token starting with: 45QPhy7JWU
[0] 2026-04-19T01:41:52.263Z - OPTIONS /v1/organization
[0] 2026-04-19T01:41:52.264Z - GET /v1/organization
[0] Session not found for token starting with: 45QPhy7JWU
[0] 2026-04-19T01:41:53.270Z - GET /v1/organization
[0] Session not found for token starting with: 45QPhy7JWU
[0] 2026-04-19T01:41:54.277Z - GET /v1/organization
[0] Session not found for token starting with: 45QPhy7JWU
[0] 2026-04-19T01:41:55.284Z - GET /v1/organization
[0] Session not found for token starting with: 45QPhy7JWU
[0] 2026-04-19T01:41:56.292Z - GET /v1/organization
[0] Session not found for token starting with: 45QPhy7JWU
[0] 2026-04-19T01:41:57.299Z - OPTIONS /v1/organization
[0] 2026-04-19T01:41:57.301Z - GET /v1/organization
[0] Session not found for token starting with: 45QPhy7JWU
[0] 2026-04-19T01:41:58.310Z - GET /v1/organization
[0] Session not found for token starting with: 45QPhy7JWU
[0] 2026-04-19T01:41:59.320Z - GET /v1/organization
[0] Session not found for token starting with: 45QPhy7JWU
[0] 2026-04-19T01:42:00.328Z - GET /v1/organization
[0] Session not found for token starting with: 45QPhy7JWU
[0] 2026-04-19T01:42:01.335Z - GET /v1/organization
[0] Session not found for token starting with: 45QPhy7JWU
[0] 2026-04-19T01:42:02.346Z - OPTIONS /v1/organization
[0] 2026-04-19T01:42:02.348Z - GET /v1/organization
[0] Session not found for token starting with: 45QPhy7JWU
[0] 2026-04-19T01:42:03.354Z - GET /v1/organization
[0] Session not found for token starting with: 45QPhy7JWU
[0] 2026-04-19T01:42:04.362Z - GET /v1/organization
[0] Session not found for token starting with: 45QPhy7JWU
[0] 2026-04-19T01:42:05.372Z - GET /v1/organization
[0] Session not found for token starting with: 45QPhy7JWU
[0] 2026-04-19T01:42:06.379Z - GET /v1/organization
[0] Session not found for token starting with: 45QPhy7JWU
[0] 2026-04-19T01:42:07.387Z - OPTIONS /v1/organization
[0] 2026-04-19T01:42:07.388Z - GET /v1/organization
[0] Session not found for token starting with: 45QPhy7JWU
[0] 2026-04-19T01:42:08.395Z - GET /v1/organization
[0] Session not found for token starting with: 45QPhy7JWU
[0] 2026-04-19T01:42:09.401Z - GET /v1/organization
[0] Session not found for token starting with: 45QPhy7JWU
[0] 2026-04-19T01:42:10.410Z - GET /v1/organization
[0] Session not found for token starting with: 45QPhy7JWU
[0] 2026-04-19T01:42:11.416Z - GET /v1/organization
[0] Session not found for token starting with: 45QPhy7JWU
[0] 2026-04-19T01:42:12.424Z - OPTIONS /v1/organization
[0] 2026-04-19T01:42:12.426Z - GET /v1/organization
[0] Session not found for token starting with: 45QPhy7JWU
[0] 2026-04-19T01:42:13.434Z - GET /v1/organization
[0] Session not found for token starting with: 45QPhy7JWU
[0] 2026-04-19T01:42:14.443Z - GET /v1/organization
[0] Session not found for token starting with: 45QPhy7JWU
[0] 2026-04-19T01:42:15.450Z - GET /v1/organization
[0] Session not found for token starting with: 45QPhy7JWU
[0] 2026-04-19T01:42:16.457Z - GET /v1/organization
[0] Session not found for token starting with: 45QPhy7JWU
[0] 2026-04-19T01:42:17.465Z - OPTIONS /v1/organization
[0] 2026-04-19T01:42:17.466Z - GET /v1/organization
[0] Session not found for token starting with: 45QPhy7JWU
[0] 2026-04-19T01:42:18.475Z - GET /v1/organization
[0] Session not found for token starting with: 45QPhy7JWU
[0] 2026-04-19T01:42:19.484Z - GET /v1/organization
[0] Session not found for token starting with: 45QPhy7JWU
[0] 2026-04-19T01:42:20.494Z - GET /v1/organization
[0] Session not found for token starting with: 45QPhy7JWU
[0] 2026-04-19T01:42:21.501Z - GET /v1/organization
[0] Session not found for token starting with: 45QPhy7JWU
[0] 2026-04-19T01:42:22.510Z - OPTIONS /v1/organization
[0] 2026-04-19T01:42:22.511Z - GET /v1/organization
[0] Session not found for token starting with: 45QPhy7JWU
[0] 2026-04-19T01:42:23.519Z - GET /v1/organization
[0] Session not found for token starting with: 45QPhy7JWU
[0] 2026-04-19T01:42:24.530Z - GET /v1/organization
[0] Session not found for token starting with: 45QPhy7JWU
[0] 2026-04-19T01:42:25.537Z - GET /v1/organization
[0] Session not found for token starting with: 45QPhy7JWU
[0] 2026-04-19T01:42:26.545Z - GET /v1/organization
[0] Session not found for token starting with: 45QPhy7JWU
[0] 2026-04-19T01:42:27.553Z - OPTIONS /v1/organization
[0] 2026-04-19T01:42:27.554Z - GET /v1/organization
[0] Session not found for token starting with: 45QPhy7JWU
[0] 2026-04-19T01:42:28.564Z - GET /v1/organization
[0] Session not found for token starting with: 45QPhy7JWU
[0] 2026-04-19T01:42:29.573Z - GET /v1/organization
[0] Session not found for token starting with: 45QPhy7JWU
[0] 2026-04-19T01:42:30.582Z - GET /v1/organization
[0] Session not found for token starting with: 45QPhy7JWU
[0] 2026-04-19T01:42:31.590Z - GET /v1/organization
[0] Session not found for token starting with: 45QPhy7JWU
[0] 2026-04-19T01:42:32.598Z - OPTIONS /v1/organization
[0] 2026-04-19T01:42:32.600Z - GET /v1/organization
[0] Session not found for token starting with: 45QPhy7JWU
[0] 2026-04-19T01:42:33.606Z - GET /v1/organization
[0] Session not found for token starting with: 45QPhy7JWU
[0] 2026-04-19T01:42:34.615Z - GET /v1/organization
[0] Session not found for token starting with: 45QPhy7JWU
[0] 2026-04-19T01:42:35.623Z - GET /v1/organization
[0] Session not found for token starting with: 45QPhy7JWU
[0] 2026-04-19T01:42:36.632Z - GET /v1/organization
[0] Session not found for token starting with: 45QPhy7JWU
[0] 2026-04-19T01:42:37.641Z - OPTIONS /v1/organization
[0] 2026-04-19T01:42:37.643Z - GET /v1/organization
[0] Session not found for token starting with: 45QPhy7JWU
[0] 2026-04-19T01:42:38.650Z - GET /v1/organization
[0] Session not found for token starting with: 45QPhy7JWU
[0] 2026-04-19T01:42:39.658Z - GET /v1/organization
[0] Session not found for token starting with: 45QPhy7JWU
[0] 2026-04-19T01:42:40.665Z - GET /v1/organization
[0] Session not found for token starting with: 45QPhy7JWU
[0] 2026-04-19T01:42:41.672Z - GET /v1/organization
[0] Session not found for token starting with: 45QPhy7JWU
[0] 2026-04-19T01:42:42.679Z - OPTIONS /v1/organization
[0] 2026-04-19T01:42:42.680Z - GET /v1/organization
[0] Session not found for token starting with: 45QPhy7JWU
[0] 2026-04-19T01:42:43.688Z - GET /v1/organization
[0] Session not found for token starting with: 45QPhy7JWU
[0] 2026-04-19T01:42:44.696Z - GET /v1/organization
[0] Session not found for token starting with: 45QPhy7JWU
[0] 2026-04-19T01:42:45.703Z - GET /v1/organization
[0] Session not found for token starting with: 45QPhy7JWU
[0] 2026-04-19T01:42:46.710Z - GET /v1/organization
[0] Session not found for token starting with: 45QPhy7JWU
[0] 2026-04-19T01:42:47.718Z - OPTIONS /v1/organization
[0] 2026-04-19T01:42:47.720Z - GET /v1/organization
[0] Session not found for token starting with: 45QPhy7JWU
[0] 2026-04-19T01:42:48.729Z - GET /v1/organization
[0] Session not found for token starting with: 45QPhy7JWU
[0] 2026-04-19T01:42:49.738Z - GET /v1/organization
[0] Session not found for token starting with: 45QPhy7JWU
[0] 2026-04-19T01:42:50.746Z - GET /v1/organization
[0] Session not found for token starting with: 45QPhy7JWU
[0] 2026-04-19T01:42:51.754Z - GET /v1/organization
[0] Session not found for token starting with: 45QPhy7JWU
[0] 2026-04-19T01:42:52.762Z - OPTIONS /v1/organization
[0] 2026-04-19T01:42:52.763Z - GET /v1/organization
[0] Session not found for token starting with: 45QPhy7JWU
[0] 2026-04-19T01:42:53.771Z - GET /v1/organization
[0] Session not found for token starting with: 45QPhy7JWU
[0] 2026-04-19T01:42:54.777Z - GET /v1/organization
[0] Session not found for token starting with: 45QPhy7JWU
[0] 2026-04-19T01:42:55.785Z - GET /v1/organization
[0] Session not found for token starting with: 45QPhy7JWU
[0] 2026-04-19T01:42:56.794Z - GET /v1/organization
[0] Session not found for token starting with: 45QPhy7JWU
[0] 2026-04-19T01:42:57.802Z - OPTIONS /v1/organization
[0] 2026-04-19T01:42:57.804Z - GET /v1/organization
[0] Session not found for token starting with: 45QPhy7JWU
[0] 2026-04-19T01:42:58.812Z - GET /v1/organization
[0] Session not found for token starting with: 45QPhy7JWU
[0] 2026-04-19T01:42:59.819Z - GET /v1/organization
[0] Session not found for token starting with: 45QPhy7JWU
[0] 2026-04-19T01:43:00.827Z - GET /v1/organization
[0] Session not found for token starting with: 45QPhy7JWU
[0] 2026-04-19T01:43:01.835Z - GET /v1/organization
[0] Session not found for token starting with: 45QPhy7JWU
[0] 2026-04-19T01:43:02.842Z - OPTIONS /v1/organization
[0] 2026-04-19T01:43:02.844Z - GET /v1/organization
[0] Session not found for token starting with: 45QPhy7JWU
[0] 2026-04-19T01:43:03.852Z - GET /v1/organization
[0] Session not found for token starting with: 45QPhy7JWU
[0] 2026-04-19T01:43:04.860Z - GET /v1/organization
[0] Session not found for token starting with: 45QPhy7JWU
[0] 2026-04-19T01:43:05.868Z - GET /v1/organization
[0] Session not found for token starting with: 45QPhy7JWU
[0] 2026-04-19T01:43:06.875Z - GET /v1/organization
[0] Session not found for token starting with: 45QPhy7JWU
[0] 2026-04-19T01:43:07.883Z - OPTIONS /v1/organization
[0] 2026-04-19T01:43:07.885Z - GET /v1/organization
[0] Session not found for token starting with: 45QPhy7JWU
[0] 2026-04-19T01:43:08.892Z - GET /v1/organization
[0] Session not found for token starting with: 45QPhy7JWU
[0] 2026-04-19T01:43:09.902Z - GET /v1/organization
[0] Session not found for token starting with: 45QPhy7JWU
[0] 2026-04-19T01:43:10.912Z - GET /v1/organization
[0] Session not found for token starting with: 45QPhy7JWU
[0] 2026-04-19T01:43:11.919Z - GET /v1/organization
[0] Session not found for token starting with: 45QPhy7JWU
[0] 2026-04-19T01:43:12.927Z - OPTIONS /v1/organization
[0] 2026-04-19T01:43:12.929Z - GET /v1/organization
[0] Session not found for token starting with: 45QPhy7JWU
[0] 2026-04-19T01:43:13.937Z - GET /v1/organization
[0] Session not found for token starting with: 45QPhy7JWU
[0] 2026-04-19T01:43:14.944Z - GET /v1/organization
[0] Session not found for token starting with: 45QPhy7JWU
[0] 2026-04-19T01:43:15.952Z - GET /v1/organization
[0] Session not found for token starting with: 45QPhy7JWU
[0] 2026-04-19T01:43:16.961Z - GET /v1/organization
[0] Session not found for token starting with: 45QPhy7JWU
[0] 2026-04-19T01:43:17.968Z - OPTIONS /v1/organization
[0] 2026-04-19T01:43:17.970Z - GET /v1/organization
[0] Session not found for token starting with: 45QPhy7JWU
[0] 2026-04-19T01:43:18.978Z - GET /v1/organization
[0] Session not found for token starting with: 45QPhy7JWU
[0] 2026-04-19T01:43:19.985Z - GET /v1/organization
[0] Session not found for token starting with: 45QPhy7JWU
[0] 2026-04-19T01:43:20.994Z - GET /v1/organization
[0] Session not found for token starting with: 45QPhy7JWU
[0] 2026-04-19T01:43:22.000Z - GET /v1/organization
[0] Session not found for token starting with: 45QPhy7JWU
[0] 2026-04-19T01:43:23.006Z - OPTIONS /v1/organization
[0] 2026-04-19T01:43:23.007Z - GET /v1/organization
[0] Session not found for token starting with: 45QPhy7JWU
[0] 2026-04-19T01:43:24.014Z - GET /v1/organization
[0] Session not found for token starting with: 45QPhy7JWU
[0] 2026-04-19T01:43:25.020Z - GET /v1/organization
[0] Session not found for token starting with: 45QPhy7JWU
[0] 2026-04-19T01:43:26.027Z - GET /v1/organization
[0] Session not found for token starting with: 45QPhy7JWU
[0] 2026-04-19T01:43:27.036Z - GET /v1/organization
[0] Session not found for token starting with: 45QPhy7JWU
[0] 2026-04-19T01:43:28.043Z - OPTIONS /v1/organization
[0] 2026-04-19T01:43:28.044Z - GET /v1/organization
[0] Session not found for token starting with: 45QPhy7JWU
[0] 2026-04-19T01:43:29.052Z - GET /v1/organization
[0] Session not found for token starting with: 45QPhy7JWU
[0] 2026-04-19T01:43:30.061Z - GET /v1/organization
[0] Session not found for token starting with: 45QPhy7JWU
[0] 2026-04-19T01:43:31.070Z - GET /v1/organization
[0] Session not found for token starting with: 45QPhy7JWU
[0] 2026-04-19T01:43:32.077Z - GET /v1/organization
[0] Session not found for token starting with: 45QPhy7JWU
[0] 2026-04-19T01:43:33.083Z - OPTIONS /v1/organization
[0] 2026-04-19T01:43:33.085Z - GET /v1/organization
[0] Session not found for token starting with: 45QPhy7JWU
[0] 2026-04-19T01:43:34.094Z - GET /v1/organization
[0] Session not found for token starting with: 45QPhy7JWU
[0] 2026-04-19T01:43:35.103Z - GET /v1/organization
[0] Session not found for token starting with: 45QPhy7JWU
[0] 2026-04-19T01:43:36.112Z - GET /v1/organization
[0] Session not found for token starting with: 45QPhy7JWU
[0] 2026-04-19T01:43:37.119Z - GET /v1/organization
[0] Session not found for token starting with: 45QPhy7JWU
[0] 2026-04-19T01:43:38.128Z - OPTIONS /v1/organization
[0] 2026-04-19T01:43:38.130Z - GET /v1/organization
[0] Session not found for token starting with: 45QPhy7JWU
[0] 2026-04-19T01:43:39.139Z - GET /v1/organization
[0] Session not found for token starting with: 45QPhy7JWU
[0] 2026-04-19T01:43:40.148Z - GET /v1/organization
[0] Session not found for token starting with: 45QPhy7JWU
[0] 2026-04-19T01:43:41.157Z - GET /v1/organization
[0] Session not found for token starting with: 45QPhy7JWU
[0] 2026-04-19T01:43:42.166Z - GET /v1/organization
[0] Session not found for token starting with: 45QPhy7JWU
[0] 2026-04-19T01:43:43.173Z - OPTIONS /v1/organization
[0] 2026-04-19T01:43:43.175Z - GET /v1/organization
[0] Session not found for token starting with: 45QPhy7JWU
[0] 2026-04-19T01:43:44.183Z - GET /v1/organization
[0] Session not found for token starting with: 45QPhy7JWU
[0] 2026-04-19T01:43:45.190Z - GET /v1/organization
[0] Session not found for token starting with: 45QPhy7JWU
[0] 2026-04-19T01:43:46.199Z - GET /v1/organization
[0] Session not found for token starting with: 45QPhy7JWU
[0] 2026-04-19T01:43:47.222Z - GET /v1/organization
[0] Session not found for token starting with: 45QPhy7JWU
[0] 2026-04-19T01:43:48.230Z - OPTIONS /v1/organization
[0] 2026-04-19T01:43:48.232Z - GET /v1/organization
[0] Session not found for token starting with: 45QPhy7JWU
[0] 2026-04-19T01:43:49.242Z - GET /v1/organization
[0] Session not found for token starting with: 45QPhy7JWU
[0] 2026-04-19T01:43:50.249Z - GET /v1/organization
[0] Session not found for token starting with: 45QPhy7JWU
[0] 2026-04-19T01:43:51.258Z - GET /v1/organization
[0] Session not found for token starting with: 45QPhy7JWU
[0] 2026-04-19T01:43:52.265Z - GET /v1/organization
[0] Session not found for token starting with: 45QPhy7JWU
[0] 2026-04-19T01:43:53.272Z - OPTIONS /v1/organization
[0] 2026-04-19T01:43:53.274Z - GET /v1/organization
[0] Session not found for token starting with: 45QPhy7JWU
[0] 2026-04-19T01:43:54.282Z - GET /v1/organization
[0] Session not found for token starting with: 45QPhy7JWU
[0] 2026-04-19T01:43:55.291Z - GET /v1/organization
[0] Session not found for token starting with: 45QPhy7JWU
[0] 2026-04-19T01:43:56.299Z - GET /v1/organization
[0] Session not found for token starting with: 45QPhy7JWU
[0] 2026-04-19T01:43:57.307Z - GET /v1/organization
[0] Session not found for token starting with: 45QPhy7JWU
[0] 2026-04-19T01:43:58.316Z - OPTIONS /v1/organization
[0] 2026-04-19T01:43:58.318Z - GET /v1/organization
[0] Session not found for token starting with: 45QPhy7JWU
[0] 2026-04-19T01:43:59.328Z - GET /v1/organization
[0] Session not found for token starting with: 45QPhy7JWU
[0] 2026-04-19T01:44:00.337Z - GET /v1/organization
[0] Session not found for token starting with: 45QPhy7JWU
[0] 2026-04-19T01:44:01.346Z - GET /v1/organization
[0] Session not found for token starting with: 45QPhy7JWU
[0] 2026-04-19T01:44:02.354Z - GET /v1/organization
[0] Session not found for token starting with: 45QPhy7JWU
[0] 2026-04-19T01:44:03.364Z - OPTIONS /v1/organization
[0] 2026-04-19T01:44:03.365Z - GET /v1/organization
[0] Session not found for token starting with: 45QPhy7JWU
[0] 2026-04-19T01:44:04.373Z - GET /v1/organization
[0] Session not found for token starting with: 45QPhy7JWU
[0] 2026-04-19T01:44:05.382Z - GET /v1/organization
[0] Session not found for token starting with: 45QPhy7JWU
[0] 2026-04-19T01:44:06.390Z - GET /v1/organization
[0] Session not found for token starting with: 45QPhy7JWU
[0] 2026-04-19T01:44:07.399Z - GET /v1/organization
[0] Session not found for token starting with: 45QPhy7JWU
[0] 2026-04-19T01:44:08.408Z - OPTIONS /v1/organization
[0] 2026-04-19T01:44:08.409Z - GET /v1/organization
[0] Session not found for token starting with: 45QPhy7JWU
[0] 2026-04-19T01:44:09.416Z - GET /v1/organization
[0] Session not found for token starting with: 45QPhy7JWU
[0] 2026-04-19T01:44:10.422Z - GET /v1/organization
[0] Session not found for token starting with: 45QPhy7JWU
[0] 2026-04-19T01:44:11.428Z - GET /v1/organization
[0] Session not found for token starting with: 45QPhy7JWU
[0] 2026-04-19T01:44:12.435Z - GET /v1/organization
[0] Session not found for token starting with: 45QPhy7JWU
[0] 2026-04-19T01:44:13.445Z - OPTIONS /v1/organization
[0] 2026-04-19T01:44:13.447Z - GET /v1/organization
[0] Session not found for token starting with: 45QPhy7JWU
[0] 2026-04-19T01:44:14.455Z - GET /v1/organization
[0] Session not found for token starting with: 45QPhy7JWU
[0] 2026-04-19T01:44:15.463Z - GET /v1/organization
[0] Session not found for token starting with: 45QPhy7JWU
[0] 2026-04-19T01:44:16.471Z - GET /v1/organization
[0] Session not found for token starting with: 45QPhy7JWU
[0] 2026-04-19T01:44:17.478Z - GET /v1/organization
[0] Session not found for token starting with: 45QPhy7JWU
[0] 2026-04-19T01:44:18.486Z - OPTIONS /v1/organization
[0] 2026-04-19T01:44:18.487Z - GET /v1/organization
[0] Session not found for token starting with: 45QPhy7JWU
[0] 2026-04-19T01:44:19.494Z - GET /v1/organization
[0] Session not found for token starting with: 45QPhy7JWU
[0] 2026-04-19T01:44:20.500Z - GET /v1/organization
[0] Session not found for token starting with: 45QPhy7JWU
[0] 2026-04-19T01:44:21.509Z - GET /v1/organization
[0] Session not found for token starting with: 45QPhy7JWU
[0] 2026-04-19T01:44:22.516Z - GET /v1/organization
[0] Session not found for token starting with: 45QPhy7JWU
[0] 2026-04-19T01:44:23.525Z - OPTIONS /v1/organization
[0] 2026-04-19T01:44:23.527Z - GET /v1/organization
[0] Session not found for token starting with: 45QPhy7JWU
[0] 2026-04-19T01:44:24.536Z - GET /v1/organization
[0] Session not found for token starting with: 45QPhy7JWU
[0] 2026-04-19T01:44:25.546Z - GET /v1/organization
[0] Session not found for token starting with: 45QPhy7JWU
[0] 2026-04-19T01:44:26.553Z - GET /v1/organization
[0] Session not found for token starting with: 45QPhy7JWU
[0] 2026-04-19T01:44:27.561Z - GET /v1/organization
[0] Session not found for token starting with: 45QPhy7JWU
[0] 2026-04-19T01:44:28.566Z - OPTIONS /v1/organization
[0] 2026-04-19T01:44:28.568Z - GET /v1/organization
[0] Session not found for token starting with: 45QPhy7JWU
[0] 2026-04-19T01:44:29.576Z - GET /v1/organization
[0] Session not found for token starting with: 45QPhy7JWU
[0] 2026-04-19T01:44:30.584Z - GET /v1/organization
[0] Session not found for token starting with: 45QPhy7JWU
[0] 2026-04-19T01:44:31.592Z - GET /v1/organization
[0] Session not found for token starting with: 45QPhy7JWU
[0] 2026-04-19T01:44:32.599Z - GET /v1/organization
[0] Session not found for token starting with: 45QPhy7JWU
[0] 2026-04-19T01:44:33.608Z - OPTIONS /v1/organization
[0] 2026-04-19T01:44:33.609Z - GET /v1/organization
[0] Session not found for token starting with: 45QPhy7JWU
[0] 2026-04-19T01:44:34.617Z - GET /v1/organization
[0] Session not found for token starting with: 45QPhy7JWU
[0] 2026-04-19T01:44:35.624Z - GET /v1/organization
[0] Session not found for token starting with: 45QPhy7JWU
[0] 2026-04-19T01:44:36.630Z - GET /v1/organization
[0] Session not found for token starting with: 45QPhy7JWU
[0] 2026-04-19T01:44:37.638Z - GET /v1/organization
[0] Session not found for token starting with: 45QPhy7JWU
[0] 2026-04-19T01:44:38.645Z - OPTIONS /v1/organization
[0] 2026-04-19T01:44:38.647Z - GET /v1/organization
[0] Session not found for token starting with: 45QPhy7JWU
[0] 2026-04-19T01:44:39.654Z - GET /v1/organization
[0] Session not found for token starting with: 45QPhy7JWU
[0] 2026-04-19T01:44:40.661Z - GET /v1/organization
[0] Session not found for token starting with: 45QPhy7JWU
[0] 2026-04-19T01:44:41.671Z - GET /v1/organization
[0] Session not found for token starting with: 45QPhy7JWU
[0] 2026-04-19T01:44:42.680Z - GET /v1/organization
[0] Session not found for token starting with: 45QPhy7JWU
[0] 2026-04-19T01:44:43.687Z - OPTIONS /v1/organization
[0] 2026-04-19T01:44:43.688Z - GET /v1/organization
[0] Session not found for token starting with: 45QPhy7JWU
[0] 2026-04-19T01:44:44.695Z - GET /v1/organization
[0] Session not found for token starting with: 45QPhy7JWU
[0] 2026-04-19T01:44:45.703Z - GET /v1/organization
[0] Session not found for token starting with: 45QPhy7JWU
[0] 2026-04-19T01:44:46.712Z - GET /v1/organization
[0] Session not found for token starting with: 45QPhy7JWU
[0] 2026-04-19T01:44:47.720Z - GET /v1/organization
[0] Session not found for token starting with: 45QPhy7JWU
[0] 2026-04-19T01:44:48.728Z - OPTIONS /v1/organization
[0] 2026-04-19T01:44:48.729Z - GET /v1/organization
[0] Session not found for token starting with: 45QPhy7JWU
[0] 2026-04-19T01:44:49.735Z - GET /v1/organization
[0] Session not found for token starting with: 45QPhy7JWU
[0] 2026-04-19T01:44:50.744Z - GET /v1/organization
[0] Session not found for token starting with: 45QPhy7JWU
[0] 2026-04-19T01:44:51.753Z - GET /v1/organization
[0] Session not found for token starting with: 45QPhy7JWU
[0] 2026-04-19T01:44:52.763Z - GET /v1/organization
[0] Session not found for token starting with: 45QPhy7JWU
[0] 2026-04-19T01:44:53.772Z - OPTIONS /v1/organization
[0] 2026-04-19T01:44:53.774Z - GET /v1/organization
[0] Session not found for token starting with: 45QPhy7JWU
[0] 2026-04-19T01:44:54.781Z - GET /v1/organization
[0] Session not found for token starting with: 45QPhy7JWU
[0] 2026-04-19T01:44:55.788Z - GET /v1/organization
[0] Session not found for token starting with: 45QPhy7JWU
[0] 2026-04-19T01:44:56.798Z - GET /v1/organization
[0] Session not found for token starting with: 45QPhy7JWU
[0] 2026-04-19T01:44:57.807Z - GET /v1/organization
[0] Session not found for token starting with: 45QPhy7JWU
[0] 2026-04-19T01:44:58.815Z - OPTIONS /v1/organization
[0] 2026-04-19T01:44:58.817Z - GET /v1/organization
[0] Session not found for token starting with: 45QPhy7JWU
[0] 2026-04-19T01:44:59.826Z - GET /v1/organization
[0] Session not found for token starting with: 45QPhy7JWU
[0] 2026-04-19T01:45:00.834Z - GET /v1/organization
[0] Session not found for token starting with: 45QPhy7JWU
[0] 2026-04-19T01:45:01.844Z - GET /v1/organization
[0] Session not found for token starting with: 45QPhy7JWU
[0] 2026-04-19T01:45:02.854Z - GET /v1/organization
[0] Session not found for token starting with: 45QPhy7JWU
[0] 2026-04-19T01:45:03.861Z - OPTIONS /v1/organization
[0] 2026-04-19T01:45:03.862Z - GET /v1/organization
[0] Session not found for token starting with: 45QPhy7JWU
[0] 2026-04-19T01:45:04.868Z - GET /v1/organization
[0] Session not found for token starting with: 45QPhy7JWU
[0] 2026-04-19T01:45:05.874Z - GET /v1/organization
[0] Session not found for token starting with: 45QPhy7JWU
[0] 2026-04-19T01:45:06.882Z - GET /v1/organization
[0] Session not found for token starting with: 45QPhy7JWU
[0] 2026-04-19T01:45:07.888Z - GET /v1/organization
[0] Session not found for token starting with: 45QPhy7JWU
[0] 2026-04-19T01:45:08.895Z - OPTIONS /v1/organization
[0] 2026-04-19T01:45:08.897Z - GET /v1/organization
[0] Session not found for token starting with: 45QPhy7JWU
[0] 2026-04-19T01:45:09.904Z - GET /v1/organization
[0] Session not found for token starting with: 45QPhy7JWU
[0] 2026-04-19T01:45:10.914Z - GET /v1/organization
[0] Session not found for token starting with: 45QPhy7JWU
[0] 2026-04-19T01:45:11.920Z - GET /v1/organization
[0] Session not found for token starting with: 45QPhy7JWU
[0] 2026-04-19T01:45:12.928Z - GET /v1/organization
[0] Session not found for token starting with: 45QPhy7JWU
[0] 2026-04-19T01:45:13.936Z - OPTIONS /v1/organization
[0] 2026-04-19T01:45:13.938Z - GET /v1/organization
[0] Session not found for token starting with: 45QPhy7JWU
[0] 2026-04-19T01:45:14.944Z - GET /v1/organization
[0] Session not found for token starting with: 45QPhy7JWU
[0] 2026-04-19T01:45:15.950Z - GET /v1/organization
[0] Session not found for token starting with: 45QPhy7JWU
[0] 2026-04-19T01:45:16.959Z - GET /v1/organization
[0] Session not found for token starting with: 45QPhy7JWU
[0] 2026-04-19T01:45:17.965Z - GET /v1/organization
[0] Session not found for token starting with: 45QPhy7JWU
[0] 2026-04-19T01:45:18.973Z - OPTIONS /v1/organization
[0] 2026-04-19T01:45:18.974Z - GET /v1/organization
[0] Session not found for token starting with: 45QPhy7JWU
[0] 2026-04-19T01:45:19.983Z - GET /v1/organization
[0] Session not found for token starting with: 45QPhy7JWU
[0] 2026-04-19T01:45:20.991Z - GET /v1/organization
[0] Session not found for token starting with: 45QPhy7JWU
[0] 2026-04-19T01:45:21.999Z - GET /v1/organization
[0] Session not found for token starting with: 45QPhy7JWU
[0] 2026-04-19T01:45:23.005Z - GET /v1/organization
[0] Session not found for token starting with: 45QPhy7JWU
[0] 2026-04-19T01:45:24.013Z - OPTIONS /v1/organization
[0] 2026-04-19T01:45:24.015Z - GET /v1/organization
[0] Session not found for token starting with: 45QPhy7JWU
[0] 2026-04-19T01:45:25.023Z - GET /v1/organization
[0] Session not found for token starting with: 45QPhy7JWU
[0] 2026-04-19T01:45:26.031Z - GET /v1/organization
[0] Session not found for token starting with: 45QPhy7JWU
[0] 2026-04-19T01:45:27.038Z - GET /v1/organization
[0] Session not found for token starting with: 45QPhy7JWU
[0] 2026-04-19T01:45:28.049Z - GET /v1/organization
[0] Session not found for token starting with: 45QPhy7JWU
[0] 2026-04-19T01:45:29.058Z - OPTIONS /v1/organization
[0] 2026-04-19T01:45:29.060Z - GET /v1/organization
[0] Session not found for token starting with: 45QPhy7JWU
[0] 2026-04-19T01:45:30.069Z - GET /v1/organization
[0] Session not found for token starting with: 45QPhy7JWU
[0] 2026-04-19T01:45:31.078Z - GET /v1/organization
[0] Session not found for token starting with: 45QPhy7JWU
[0] 2026-04-19T01:45:32.085Z - GET /v1/organization
[0] Session not found for token starting with: 45QPhy7JWU
[0] 2026-04-19T01:45:33.092Z - GET /v1/organization
[0] Session not found for token starting with: 45QPhy7JWU
[0] 2026-04-19T01:45:34.100Z - OPTIONS /v1/organization
[0] 2026-04-19T01:45:34.101Z - GET /v1/organization
[0] Session not found for token starting with: 45QPhy7JWU
[0] 2026-04-19T01:45:35.107Z - GET /v1/organization
[0] Session not found for token starting with: 45QPhy7JWU
[0] 2026-04-19T01:45:36.117Z - GET /v1/organization
[0] Session not found for token starting with: 45QPhy7JWU
[0] 2026-04-19T01:45:37.123Z - GET /v1/organization
[0] Session not found for token starting with: 45QPhy7JWU
[0] 2026-04-19T01:45:38.131Z - GET /v1/organization
[0] Session not found for token starting with: 45QPhy7JWU
[0] 2026-04-19T01:45:39.140Z - OPTIONS /v1/organization
[0] 2026-04-19T01:45:39.142Z - GET /v1/organization
[0] Session not found for token starting with: 45QPhy7JWU
[0] 2026-04-19T01:45:40.150Z - GET /v1/organization
[0] Session not found for token starting with: 45QPhy7JWU
[0] 2026-04-19T01:45:41.160Z - GET /v1/organization
[0] Session not found for token starting with: 45QPhy7JWU
[0] 2026-04-19T01:45:42.167Z - GET /v1/organization
[0] Session not found for token starting with: 45QPhy7JWU
[0] 2026-04-19T01:45:43.175Z - GET /v1/organization
[0] Session not found for token starting with: 45QPhy7JWU
[0] 2026-04-19T01:45:44.181Z - OPTIONS /v1/organization
[0] 2026-04-19T01:45:44.183Z - GET /v1/organization
[0] Session not found for token starting with: 45QPhy7JWU
[0] 2026-04-19T01:45:45.190Z - GET /v1/organization
[0] Session not found for token starting with: 45QPhy7JWU
[0] 2026-04-19T01:45:46.197Z - GET /v1/organization
[0] Session not found for token starting with: 45QPhy7JWU
[0] 2026-04-19T01:45:47.205Z - GET /v1/organization
[0] Session not found for token starting with: 45QPhy7JWU
[0] 2026-04-19T01:45:48.214Z - GET /v1/organization
[0] Session not found for token starting with: 45QPhy7JWU
[0] 2026-04-19T01:45:49.221Z - OPTIONS /v1/organization
[0] 2026-04-19T01:45:49.223Z - GET /v1/organization
[0] Session not found for token starting with: 45QPhy7JWU
[0] 2026-04-19T01:45:50.228Z - GET /v1/organization
[0] Session not found for token starting with: 45QPhy7JWU
[0] 2026-04-19T01:45:51.233Z - GET /v1/organization
[0] Session not found for token starting with: 45QPhy7JWU
[0] 2026-04-19T01:45:52.242Z - GET /v1/organization
[0] Session not found for token starting with: 45QPhy7JWU
[0] 2026-04-19T01:45:53.250Z - GET /v1/organization
[0] Session not found for token starting with: 45QPhy7JWU
[0] 2026-04-19T01:45:54.257Z - OPTIONS /v1/organization
[0] 2026-04-19T01:45:54.259Z - GET /v1/organization
[0] Session not found for token starting with: 45QPhy7JWU
[0] 2026-04-19T01:45:55.266Z - GET /v1/organization
[0] Session not found for token starting with: 45QPhy7JWU
[0] 2026-04-19T01:45:56.275Z - GET /v1/organization
[0] Session not found for token starting with: 45QPhy7JWU
[0] 2026-04-19T01:45:57.284Z - GET /v1/organization
[0] Session not found for token starting with: 45QPhy7JWU
[0] 2026-04-19T01:45:58.292Z - GET /v1/organization
[0] Session not found for token starting with: 45QPhy7JWU
[0] 2026-04-19T01:45:59.300Z - OPTIONS /v1/organization
[0] 2026-04-19T01:45:59.301Z - GET /v1/organization
[0] Session not found for token starting with: 45QPhy7JWU
[0] 2026-04-19T01:46:00.309Z - GET /v1/organization
[0] Session not found for token starting with: 45QPhy7JWU
[0] 2026-04-19T01:46:01.317Z - GET /v1/organization
[0] Session not found for token starting with: 45QPhy7JWU
[0] 2026-04-19T01:46:02.322Z - GET /v1/organization
[0] Session not found for token starting with: 45QPhy7JWU
[0] 2026-04-19T01:46:03.330Z - GET /v1/organization
[0] Session not found for token starting with: 45QPhy7JWU
[0] 2026-04-19T01:46:04.337Z - OPTIONS /v1/organization
[0] 2026-04-19T01:46:04.338Z - GET /v1/organization
[0] Session not found for token starting with: 45QPhy7JWU
[0] 2026-04-19T01:46:05.345Z - GET /v1/organization
[0] Session not found for token starting with: 45QPhy7JWU
[0] 2026-04-19T01:46:06.352Z - GET /v1/organization
[0] Session not found for token starting with: 45QPhy7JWU
[0] 2026-04-19T01:46:07.360Z - GET /v1/organization
[0] Session not found for token starting with: 45QPhy7JWU
[0] 2026-04-19T01:46:08.370Z - GET /v1/organization
[0] Session not found for token starting with: 45QPhy7JWU
[0] 2026-04-19T01:46:09.378Z - OPTIONS /v1/organization
[0] 2026-04-19T01:46:09.380Z - GET /v1/organization
[0] Session not found for token starting with: 45QPhy7JWU
[0] 2026-04-19T01:46:10.387Z - GET /v1/organization
[0] Session not found for token starting with: 45QPhy7JWU
[0] 2026-04-19T01:46:11.396Z - GET /v1/organization
[0] Session not found for token starting with: 45QPhy7JWU
[0] 2026-04-19T01:46:12.404Z - GET /v1/organization
[0] Session not found for token starting with: 45QPhy7JWU
[0] 2026-04-19T01:46:13.413Z - GET /v1/organization
[0] Session not found for token starting with: 45QPhy7JWU
[0] 2026-04-19T01:46:14.420Z - OPTIONS /v1/organization
[0] 2026-04-19T01:46:14.423Z - GET /v1/organization
[0] Session not found for token starting with: 45QPhy7JWU
[0] 2026-04-19T01:46:15.429Z - GET /v1/organization
[0] Session not found for token starting with: 45QPhy7JWU
[0] 2026-04-19T01:46:16.436Z - GET /v1/organization
[0] Session not found for token starting with: 45QPhy7JWU
[0] 2026-04-19T01:46:17.443Z - GET /v1/organization
[0] Session not found for token starting with: 45QPhy7JWU
[0] 2026-04-19T01:46:18.451Z - GET /v1/organization
[0] Session not found for token starting with: 45QPhy7JWU
[0] 2026-04-19T01:46:19.457Z - OPTIONS /v1/organization
[0] 2026-04-19T01:46:19.458Z - GET /v1/organization
[0] Session not found for token starting with: 45QPhy7JWU
[0] 2026-04-19T01:46:20.466Z - GET /v1/organization
[0] Session not found for token starting with: 45QPhy7JWU
[0] 2026-04-19T01:46:21.474Z - GET /v1/organization
[0] Session not found for token starting with: 45QPhy7JWU
[0] 2026-04-19T01:46:22.481Z - GET /v1/organization
[0] Session not found for token starting with: 45QPhy7JWU
[0] 2026-04-19T01:46:23.488Z - GET /v1/organization
[0] Session not found for token starting with: 45QPhy7JWU
[0] 2026-04-19T01:46:24.497Z - OPTIONS /v1/organization
[0] 2026-04-19T01:46:24.499Z - GET /v1/organization
[0] Session not found for token starting with: 45QPhy7JWU
[0] 2026-04-19T01:46:25.507Z - GET /v1/organization
[0] Session not found for token starting with: 45QPhy7JWU
[0] 2026-04-19T01:46:26.517Z - GET /v1/organization
[0] Session not found for token starting with: 45QPhy7JWU
[0] 2026-04-19T01:46:27.526Z - GET /v1/organization
[0] Session not found for token starting with: 45QPhy7JWU
[0] 2026-04-19T01:46:28.534Z - GET /v1/organization
[0] Session not found for token starting with: 45QPhy7JWU
[0] 2026-04-19T01:46:29.541Z - OPTIONS /v1/organization
[0] 2026-04-19T01:46:29.543Z - GET /v1/organization
[0] Session not found for token starting with: 45QPhy7JWU
[0] 2026-04-19T01:46:30.549Z - GET /v1/organization
[0] Session not found for token starting with: 45QPhy7JWU
[0] 2026-04-19T01:46:31.557Z - GET /v1/organization
[0] Session not found for token starting with: 45QPhy7JWU
[0] 2026-04-19T01:46:32.567Z - GET /v1/organization
[0] Session not found for token starting with: 45QPhy7JWU
[0] 2026-04-19T01:46:33.576Z - GET /v1/organization
[0] Session not found for token starting with: 45QPhy7JWU
[0] 2026-04-19T01:46:34.585Z - OPTIONS /v1/organization
[0] 2026-04-19T01:46:34.586Z - GET /v1/organization
[0] Session not found for token starting with: 45QPhy7JWU
[0] 2026-04-19T01:46:35.593Z - GET /v1/organization
[0] Session not found for token starting with: 45QPhy7JWU
[0] 2026-04-19T01:46:36.601Z - GET /v1/organization
[0] Session not found for token starting with: 45QPhy7JWU
[0] 2026-04-19T01:46:37.612Z - GET /v1/organization
[0] Session not found for token starting with: 45QPhy7JWU
[0] 2026-04-19T01:46:38.620Z - GET /v1/organization
[0] Session not found for token starting with: 45QPhy7JWU
[0] 2026-04-19T01:46:39.628Z - OPTIONS /v1/organization
[0] 2026-04-19T01:46:39.630Z - GET /v1/organization
[0] Session not found for token starting with: 45QPhy7JWU
[0] 2026-04-19T01:46:40.637Z - GET /v1/organization
[0] Session not found for token starting with: 45QPhy7JWU
[0] 2026-04-19T01:46:41.646Z - GET /v1/organization
[0] Session not found for token starting with: 45QPhy7JWU
[0] 2026-04-19T01:46:42.652Z - GET /v1/organization
[0] Session not found for token starting with: 45QPhy7JWU
[0] 2026-04-19T01:46:43.661Z - GET /v1/organization
[0] Session not found for token starting with: 45QPhy7JWU
[0] 2026-04-19T01:46:44.670Z - OPTIONS /v1/organization
[0] 2026-04-19T01:46:44.671Z - GET /v1/organization
[0] Session not found for token starting with: 45QPhy7JWU
[0] 2026-04-19T01:46:45.679Z - GET /v1/organization
[0] Session not found for token starting with: 45QPhy7JWU
[0] 2026-04-19T01:46:46.686Z - GET /v1/organization
[0] Session not found for token starting with: 45QPhy7JWU
[0] 2026-04-19T01:46:47.693Z - GET /v1/organization
[0] Session not found for token starting with: 45QPhy7JWU
[0] 2026-04-19T01:46:48.700Z - GET /v1/organization
[0] Session not found for token starting with: 45QPhy7JWU
[0] 2026-04-19T01:46:49.706Z - OPTIONS /v1/organization
[0] 2026-04-19T01:46:49.707Z - GET /v1/organization
[0] Session not found for token starting with: 45QPhy7JWU
[0] 2026-04-19T01:46:50.712Z - GET /v1/organization
[0] Session not found for token starting with: 45QPhy7JWU
[0] 2026-04-19T01:46:51.721Z - GET /v1/organization
[0] Session not found for token starting with: 45QPhy7JWU
[0] 2026-04-19T01:46:52.731Z - GET /v1/organization
[0] Session not found for token starting with: 45QPhy7JWU
[0] 2026-04-19T01:46:53.737Z - GET /v1/organization
[0] Session not found for token starting with: 45QPhy7JWU
[0] 2026-04-19T01:46:54.747Z - OPTIONS /v1/organization
[0] 2026-04-19T01:46:54.748Z - GET /v1/organization
[0] Session not found for token starting with: 45QPhy7JWU
[0] 2026-04-19T01:46:55.754Z - GET /v1/organization
[0] Session not found for token starting with: 45QPhy7JWU
[0] 2026-04-19T01:46:56.762Z - GET /v1/organization
[0] Session not found for token starting with: 45QPhy7JWU
[0] 2026-04-19T01:46:57.769Z - GET /v1/organization
[0] Session not found for token starting with: 45QPhy7JWU
[0] 2026-04-19T01:46:58.775Z - GET /v1/organization
[0] Session not found for token starting with: 45QPhy7JWU
[0] 2026-04-19T01:46:59.783Z - OPTIONS /v1/organization
[0] 2026-04-19T01:46:59.784Z - GET /v1/organization
[0] Session not found for token starting with: 45QPhy7JWU
[0] 2026-04-19T01:47:00.793Z - GET /v1/organization
[0] Session not found for token starting with: 45QPhy7JWU
[0] 2026-04-19T01:47:01.802Z - GET /v1/organization
[0] Session not found for token starting with: 45QPhy7JWU
[0] 2026-04-19T01:47:02.811Z - GET /v1/organization
[0] Session not found for token starting with: 45QPhy7JWU
[0] 2026-04-19T01:47:03.820Z - GET /v1/organization
[0] Session not found for token starting with: 45QPhy7JWU
[0] 2026-04-19T01:47:04.829Z - OPTIONS /v1/organization
[0] 2026-04-19T01:47:04.831Z - GET /v1/organization
[0] Session not found for token starting with: 45QPhy7JWU
[0] 2026-04-19T01:47:05.838Z - GET /v1/organization
[0] Session not found for token starting with: 45QPhy7JWU
[0] 2026-04-19T01:47:06.847Z - GET /v1/organization
[0] Session not found for token starting with: 45QPhy7JWU
[0] 2026-04-19T01:47:07.855Z - GET /v1/organization
[0] Session not found for token starting with: 45QPhy7JWU
[0] 2026-04-19T01:47:08.864Z - GET /v1/organization
[0] Session not found for token starting with: 45QPhy7JWU
[0] 2026-04-19T01:47:09.871Z - OPTIONS /v1/organization
[0] 2026-04-19T01:47:09.872Z - GET /v1/organization
[0] Session not found for token starting with: 45QPhy7JWU
[0] 2026-04-19T01:47:10.881Z - GET /v1/organization
[0] Session not found for token starting with: 45QPhy7JWU
[0] 2026-04-19T01:47:11.888Z - GET /v1/organization
[0] Session not found for token starting with: 45QPhy7JWU
[0] 2026-04-19T01:47:12.896Z - GET /v1/organization
[0] Session not found for token starting with: 45QPhy7JWU
[0] 2026-04-19T01:47:13.904Z - GET /v1/organization
[0] Session not found for token starting with: 45QPhy7JWU
[0] 2026-04-19T01:47:14.912Z - OPTIONS /v1/organization
[0] 2026-04-19T01:47:14.914Z - GET /v1/organization
[0] Session not found for token starting with: 45QPhy7JWU
[0] 2026-04-19T01:47:15.922Z - GET /v1/organization
[0] Session not found for token starting with: 45QPhy7JWU
[0] 2026-04-19T01:47:16.932Z - GET /v1/organization
[0] Session not found for token starting with: 45QPhy7JWU
[0] 2026-04-19T01:47:17.942Z - GET /v1/organization
[0] Session not found for token starting with: 45QPhy7JWU
[0] 2026-04-19T01:47:18.951Z - GET /v1/organization
[0] Session not found for token starting with: 45QPhy7JWU
[0] 2026-04-19T01:47:19.959Z - OPTIONS /v1/organization
[0] 2026-04-19T01:47:19.960Z - GET /v1/organization
[0] Session not found for token starting with: 45QPhy7JWU
[0] 2026-04-19T01:47:20.969Z - GET /v1/organization
[0] Session not found for token starting with: 45QPhy7JWU
[0] 2026-04-19T01:47:21.978Z - GET /v1/organization
[0] Session not found for token starting with: 45QPhy7JWU
[0] 2026-04-19T01:47:22.987Z - GET /v1/organization
[0] Session not found for token starting with: 45QPhy7JWU
[0] 2026-04-19T01:47:23.998Z - GET /v1/organization
[0] Session not found for token starting with: 45QPhy7JWU
[0] 2026-04-19T01:47:25.005Z - OPTIONS /v1/organization
[0] 2026-04-19T01:47:25.007Z - GET /v1/organization
[0] Session not found for token starting with: 45QPhy7JWU
[0] 2026-04-19T01:47:26.013Z - GET /v1/organization
[0] Session not found for token starting with: 45QPhy7JWU
[0] 2026-04-19T01:47:27.021Z - GET /v1/organization
[0] Session not found for token starting with: 45QPhy7JWU
[0] 2026-04-19T02:09:13.935Z - OPTIONS /v1/dashboard/scores/query
[0] 2026-04-19T02:09:13.938Z - OPTIONS /v1/organization
[0] 2026-04-19T02:09:13.939Z - OPTIONS /v1/alert-banner
[0] 2026-04-19T02:09:13.941Z - OPTIONS /v1/agent/threads
[0] 2026-04-19T02:09:13.949Z - OPTIONS /v1/agent/thread/905608d8-6871-4983-b8a8-50152a853f11
[0] 2026-04-19T02:09:13.949Z - POST /v1/dashboard/scores/query
[0] 2026-04-19T02:09:13.986Z - GET /v1/organization
[0] 2026-04-19T02:09:14.135Z - GET /v1/alert-banner
[0] 2026-04-19T02:09:14.139Z - GET /v1/agent/threads
[0] 2026-04-19T02:09:14.146Z - GET /v1/agent/thread/905608d8-6871-4983-b8a8-50152a853f11
[0] Session not found for token starting with: 45QPhy7JWU
[0] 401 Unauthorized: Invalid or expired session for path: /v1/alert-banner
[0] GET /v1/alert-banner 401 70 - 92.886 ms
[0] Session not found for token starting with: 45QPhy7JWU
[0] 401 Unauthorized: Invalid or expired session for path: /v1/agent/threads
[0] GET /v1/agent/threads 401 70 - 91.799 ms
[0] Session not found for token starting with: 45QPhy7JWU
[0] Session not found for token starting with: 45QPhy7JWU
[0] 401 Unauthorized: Invalid or expired session for path: /v1/agent/thread/905608d8-6871-4983-b8a8-50152a853f11
[0] GET /v1/agent/thread/905608d8-6871-4983-b8a8-50152a853f11 401 70 - 96.857 ms
[0] Session not found for token starting with: 45QPhy7JWU
[0] 401 Unauthorized: Invalid or expired session for path: /v1/dashboard/scores/query
[0] POST /v1/dashboard/scores/query 401 70 - 293.435 ms
[0] 2026-04-19T02:09:15.234Z - GET /v1/alert-banner
[0] 2026-04-19T02:09:15.235Z - GET /v1/agent/threads
[0] Session not found for token starting with: 45QPhy7JWU
[0] 401 Unauthorized: Invalid or expired session for path: /v1/alert-banner
[0] GET /v1/alert-banner 401 70 - 1.264 ms
[0] Session not found for token starting with: 45QPhy7JWU
[0] 401 Unauthorized: Invalid or expired session for path: /v1/agent/threads
[0] GET /v1/agent/threads 401 70 - 0.926 ms
[0] 2026-04-19T02:09:15.248Z - GET /v1/organization
[0] 2026-04-19T02:09:15.249Z - GET /v1/agent/thread/905608d8-6871-4983-b8a8-50152a853f11
[0] Session not found for token starting with: 45QPhy7JWU
[0] Session not found for token starting with: 45QPhy7JWU
[0] 401 Unauthorized: Invalid or expired session for path: /v1/agent/thread/905608d8-6871-4983-b8a8-50152a853f11
[0] GET /v1/agent/thread/905608d8-6871-4983-b8a8-50152a853f11 401 70 - 0.639 ms
[0] 2026-04-19T02:09:16.254Z - GET /v1/organization
[0] Session not found for token starting with: 45QPhy7JWU
[0] 2026-04-19T02:09:17.240Z - GET /v1/alert-banner
[0] 2026-04-19T02:09:17.241Z - GET /v1/agent/threads
[0] Session not found for token starting with: 45QPhy7JWU
[0] 401 Unauthorized: Invalid or expired session for path: /v1/alert-banner
[0] GET /v1/alert-banner 401 70 - 1.317 ms
[0] Session not found for token starting with: 45QPhy7JWU
[0] 401 Unauthorized: Invalid or expired session for path: /v1/agent/threads
[0] GET /v1/agent/threads 401 70 - 0.895 ms
[0] 2026-04-19T02:09:17.253Z - GET /v1/agent/thread/905608d8-6871-4983-b8a8-50152a853f11
[0] Session not found for token starting with: 45QPhy7JWU
[0] 401 Unauthorized: Invalid or expired session for path: /v1/agent/thread/905608d8-6871-4983-b8a8-50152a853f11
[0] GET /v1/agent/thread/905608d8-6871-4983-b8a8-50152a853f11 401 70 - 1.570 ms
[0] 2026-04-19T02:09:17.260Z - GET /v1/organization
[0] Session not found for token starting with: 45QPhy7JWU
[0] 2026-04-19T02:09:18.266Z - GET /v1/organization
[0] Session not found for token starting with: 45QPhy7JWU
[0] 2026-04-19T02:09:19.271Z - OPTIONS /v1/organization
[0] 2026-04-19T02:09:19.273Z - GET /v1/organization
[0] Session not found for token starting with: 45QPhy7JWU
[0] 2026-04-19T02:09:20.279Z - GET /v1/organization
[0] Session not found for token starting with: 45QPhy7JWU
[0] 2026-04-19T02:09:21.247Z - OPTIONS /v1/alert-banner
[0] 2026-04-19T02:09:21.247Z - OPTIONS /v1/agent/threads
[0] 2026-04-19T02:09:21.248Z - GET /v1/alert-banner
[0] 2026-04-19T02:09:21.253Z - GET /v1/agent/threads
[0] Session not found for token starting with: 45QPhy7JWU
[0] 401 Unauthorized: Invalid or expired session for path: /v1/alert-banner
[0] GET /v1/alert-banner 401 70 - 5.629 ms
[0] Session not found for token starting with: 45QPhy7JWU
[0] 401 Unauthorized: Invalid or expired session for path: /v1/agent/threads
[0] GET /v1/agent/threads 401 70 - 3.108 ms
[0] 2026-04-19T02:09:21.258Z - OPTIONS /v1/agent/thread/905608d8-6871-4983-b8a8-50152a853f11
[0] 2026-04-19T02:09:21.259Z - GET /v1/agent/thread/905608d8-6871-4983-b8a8-50152a853f11
[0] Session not found for token starting with: 45QPhy7JWU
[0] 401 Unauthorized: Invalid or expired session for path: /v1/agent/thread/905608d8-6871-4983-b8a8-50152a853f11
[0] GET /v1/agent/thread/905608d8-6871-4983-b8a8-50152a853f11 401 70 - 1.081 ms
[0] 2026-04-19T02:09:21.287Z - GET /v1/organization
[0] Session not found for token starting with: 45QPhy7JWU
[0] 2026-04-19T02:09:22.294Z - GET /v1/organization
[0] Session not found for token starting with: 45QPhy7JWU
[0] 2026-04-19T02:09:23.301Z - GET /v1/organization
[0] Session not found for token starting with: 45QPhy7JWU
[0] 2026-04-19T02:09:24.307Z - OPTIONS /v1/organization
[0] 2026-04-19T02:09:24.311Z - GET /v1/organization
[0] Session not found for token starting with: 45QPhy7JWU
[0] 2026-04-19T02:09:25.318Z - GET /v1/organization
[0] Session not found for token starting with: 45QPhy7JWU
[0] 2026-04-19T02:09:26.324Z - GET /v1/organization
[0] Session not found for token starting with: 45QPhy7JWU
[0] 2026-04-19T02:09:27.330Z - GET /v1/organization
[0] Session not found for token starting with: 45QPhy7JWU
[0] 2026-04-19T02:09:28.338Z - GET /v1/organization
[0] Session not found for token starting with: 45QPhy7JWU
[0] 2026-04-19T02:09:29.347Z - OPTIONS /v1/organization
[0] 2026-04-19T02:09:29.348Z - GET /v1/organization
[0] Session not found for token starting with: 45QPhy7JWU
[0] 2026-04-19T02:09:30.356Z - GET /v1/organization
[0] Session not found for token starting with: 45QPhy7JWU
[0] 2026-04-19T02:09:31.361Z - GET /v1/organization
[0] Session not found for token starting with: 45QPhy7JWU
[0] 2026-04-19T02:09:32.368Z - GET /v1/organization
[0] Session not found for token starting with: 45QPhy7JWU
[0] 2026-04-19T02:09:33.374Z - GET /v1/organization
[0] Error executing query:  SELECT id, "userId", "expiresAt" FROM "session" WHERE token = $1
[0] Error: Connection terminated unexpectedly
[0]     at Connection.<anonymous> (/Users/jack/typescript/helicone/node_modules/pg/lib/client.js:136:73)
[0]     at Object.onceWrapper (node:events:630:28)
[0]     at Connection.emit (node:events:509:20)
[0]     at Connection.emit (node:domain:473:12)
[0]     at Socket.<anonymous> (/Users/jack/typescript/helicone/node_modules/pg/lib/connection.js:62:12)
[0]     at Socket.emit (node:events:509:20)
[0]     at Socket.emit (node:domain:473:12)
[0]     at Socket.emit (/Users/jack/typescript/helicone/node_modules/dd-trace/packages/datadog-instrumentations/src/net.js:65:25)
[0]     at TCP.<anonymous> (node:net:350:12) {
[0]   query: `SELECT id, "userId", "expiresAt" FROM "session" WHERE token = '45QPhy7JWUPrAPxMET1hdvu4TCbGt47Q.GK5DWFer1aTsofnvSU6CS4zsm0ugu5Fmd+v6FjQvxcE='`,
[0]   params: undefined
[0] }
[0] Session not found for token starting with: 45QPhy7JWU
[0] 2026-04-19T02:09:38.346Z - OPTIONS /v1/organization
[0] 2026-04-19T02:09:38.347Z - GET /v1/organization
[0] Error executing query:  SELECT id, "userId", "expiresAt" FROM "session" WHERE token = $1
[0] AggregateError
[0]     at internalConnectMultiple (node:net:1193:18)
[0]     at afterConnectMultiple (node:net:1783:7) {
[0]   code: 'ECONNREFUSED',
[0]   [errors]: [
[0]     Error: connect ECONNREFUSED ::1:54388
[0]         at createConnectionError (node:net:1746:14)
[0]         at afterConnectMultiple (node:net:1776:16) {
[0]       errno: -61,
[0]       code: 'ECONNREFUSED',
[0]       syscall: 'connect',
[0]       address: '::1',
[0]       port: 54388
[0]     },
[0]     Error: connect ECONNREFUSED 127.0.0.1:54388
[0]         at createConnectionError (node:net:1746:14)
[0]         at afterConnectMultiple (node:net:1776:16) {
[0]       errno: -61,
[0]       code: 'ECONNREFUSED',
[0]       syscall: 'connect',
[0]       address: '127.0.0.1',
[0]       port: 54388
[0]     }
[0]   ]
[0] }
[0] Session not found for token starting with: 45QPhy7JWU
[0] 2026-04-19T02:09:39.357Z - GET /v1/organization
[0] Error executing query:  SELECT id, "userId", "expiresAt" FROM "session" WHERE token = $1
[0] AggregateError
[0]     at internalConnectMultiple (node:net:1193:18)
[0]     at afterConnectMultiple (node:net:1783:7) {
[0]   code: 'ECONNREFUSED',
[0]   [errors]: [
[0]     Error: connect ECONNREFUSED ::1:54388
[0]         at createConnectionError (node:net:1746:14)
[0]         at afterConnectMultiple (node:net:1776:16) {
[0]       errno: -61,
[0]       code: 'ECONNREFUSED',
[0]       syscall: 'connect',
[0]       address: '::1',
[0]       port: 54388
[0]     },
[0]     Error: connect ECONNREFUSED 127.0.0.1:54388
[0]         at createConnectionError (node:net:1746:14)
[0]         at afterConnectMultiple (node:net:1776:16) {
[0]       errno: -61,
[0]       code: 'ECONNREFUSED',
[0]       syscall: 'connect',
[0]       address: '127.0.0.1',
[0]       port: 54388
[0]     }
[0]   ]
[0] }
[0] Session not found for token starting with: 45QPhy7JWU
[0] 2026-04-19T02:09:40.363Z - GET /v1/organization
[0] Error executing query:  SELECT id, "userId", "expiresAt" FROM "session" WHERE token = $1
[0] AggregateError
[0]     at internalConnectMultiple (node:net:1193:18)
[0]     at afterConnectMultiple (node:net:1783:7) {
[0]   code: 'ECONNREFUSED',
[0]   [errors]: [
[0]     Error: connect ECONNREFUSED ::1:54388
[0]         at createConnectionError (node:net:1746:14)
[0]         at afterConnectMultiple (node:net:1776:16) {
[0]       errno: -61,
[0]       code: 'ECONNREFUSED',
[0]       syscall: 'connect',
[0]       address: '::1',
[0]       port: 54388
[0]     },
[0]     Error: connect ECONNREFUSED 127.0.0.1:54388
[0]         at createConnectionError (node:net:1746:14)
[0]         at afterConnectMultiple (node:net:1776:16) {
[0]       errno: -61,
[0]       code: 'ECONNREFUSED',
[0]       syscall: 'connect',
[0]       address: '127.0.0.1',
[0]       port: 54388
[0]     }
[0]   ]
[0] }
[0] Session not found for token starting with: 45QPhy7JWU
[0] 2026-04-19T02:09:41.370Z - GET /v1/organization
[0] Error executing query:  SELECT id, "userId", "expiresAt" FROM "session" WHERE token = $1
[0] AggregateError
[0]     at internalConnectMultiple (node:net:1193:18)
[0]     at afterConnectMultiple (node:net:1783:7) {
[0]   code: 'ECONNREFUSED',
[0]   [errors]: [
[0]     Error: connect ECONNREFUSED ::1:54388
[0]         at createConnectionError (node:net:1746:14)
[0]         at afterConnectMultiple (node:net:1776:16) {
[0]       errno: -61,
[0]       code: 'ECONNREFUSED',
[0]       syscall: 'connect',
[0]       address: '::1',
[0]       port: 54388
[0]     },
[0]     Error: connect ECONNREFUSED 127.0.0.1:54388
[0]         at createConnectionError (node:net:1746:14)
[0]         at afterConnectMultiple (node:net:1776:16) {
[0]       errno: -61,
[0]       code: 'ECONNREFUSED',
[0]       syscall: 'connect',
[0]       address: '127.0.0.1',
[0]       port: 54388
[0]     }
[0]   ]
[0] }
[0] Session not found for token starting with: 45QPhy7JWU
[0] 2026-04-19T02:09:42.376Z - GET /v1/organization
[0] Error executing query:  SELECT id, "userId", "expiresAt" FROM "session" WHERE token = $1
[0] AggregateError
[0]     at internalConnectMultiple (node:net:1193:18)
[0]     at afterConnectMultiple (node:net:1783:7) {
[0]   code: 'ECONNREFUSED',
[0]   [errors]: [
[0]     Error: connect ECONNREFUSED ::1:54388
[0]         at createConnectionError (node:net:1746:14)
[0]         at afterConnectMultiple (node:net:1776:16) {
[0]       errno: -61,
[0]       code: 'ECONNREFUSED',
[0]       syscall: 'connect',
[0]       address: '::1',
[0]       port: 54388
[0]     },
[0]     Error: connect ECONNREFUSED 127.0.0.1:54388
[0]         at createConnectionError (node:net:1746:14)
[0]         at afterConnectMultiple (node:net:1776:16) {
[0]       errno: -61,
[0]       code: 'ECONNREFUSED',
[0]       syscall: 'connect',
[0]       address: '127.0.0.1',
[0]       port: 54388
[0]     }
[0]   ]
[0] }
[0] Session not found for token starting with: 45QPhy7JWU
[0] 2026-04-19T02:09:43.388Z - OPTIONS /v1/organization
[0] 2026-04-19T02:09:43.391Z - GET /v1/organization
[0] Error executing query:  SELECT id, "userId", "expiresAt" FROM "session" WHERE token = $1
[0] AggregateError
[0]     at internalConnectMultiple (node:net:1193:18)
[0]     at afterConnectMultiple (node:net:1783:7) {
[0]   code: 'ECONNREFUSED',
[0]   [errors]: [
[0]     Error: connect ECONNREFUSED ::1:54388
[0]         at createConnectionError (node:net:1746:14)
[0]         at afterConnectMultiple (node:net:1776:16) {
[0]       errno: -61,
[0]       code: 'ECONNREFUSED',
[0]       syscall: 'connect',
[0]       address: '::1',
[0]       port: 54388
[0]     },
[0]     Error: connect ECONNREFUSED 127.0.0.1:54388
[0]         at createConnectionError (node:net:1746:14)
[0]         at afterConnectMultiple (node:net:1776:16) {
[0]       errno: -61,
[0]       code: 'ECONNREFUSED',
[0]       syscall: 'connect',
[0]       address: '127.0.0.1',
[0]       port: 54388
[0]     }
[0]   ]
[0] }
[0] Session not found for token starting with: 45QPhy7JWU
[0] 2026-04-19T02:09:44.401Z - GET /v1/organization
[0] Error executing query:  SELECT id, "userId", "expiresAt" FROM "session" WHERE token = $1
[0] AggregateError
[0]     at internalConnectMultiple (node:net:1193:18)
[0]     at afterConnectMultiple (node:net:1783:7) {
[0]   code: 'ECONNREFUSED',
[0]   [errors]: [
[0]     Error: connect ECONNREFUSED ::1:54388
[0]         at createConnectionError (node:net:1746:14)
[0]         at afterConnectMultiple (node:net:1776:16) {
[0]       errno: -61,
[0]       code: 'ECONNREFUSED',
[0]       syscall: 'connect',
[0]       address: '::1',
[0]       port: 54388
[0]     },
[0]     Error: connect ECONNREFUSED 127.0.0.1:54388
[0]         at createConnectionError (node:net:1746:14)
[0]         at afterConnectMultiple (node:net:1776:16) {
[0]       errno: -61,
[0]       code: 'ECONNREFUSED',
[0]       syscall: 'connect',
[0]       address: '127.0.0.1',
[0]       port: 54388
[0]     }
[0]   ]
[0] }
[0] Session not found for token starting with: 45QPhy7JWU
[0] 2026-04-19T02:09:45.408Z - GET /v1/organization
[0] Error executing query:  SELECT id, "userId", "expiresAt" FROM "session" WHERE token = $1
[0] AggregateError
[0]     at internalConnectMultiple (node:net:1193:18)
[0]     at afterConnectMultiple (node:net:1783:7) {
[0]   code: 'ECONNREFUSED',
[0]   [errors]: [
[0]     Error: connect ECONNREFUSED ::1:54388
[0]         at createConnectionError (node:net:1746:14)
[0]         at afterConnectMultiple (node:net:1776:16) {
[0]       errno: -61,
[0]       code: 'ECONNREFUSED',
[0]       syscall: 'connect',
[0]       address: '::1',
[0]       port: 54388
[0]     },
[0]     Error: connect ECONNREFUSED 127.0.0.1:54388
[0]         at createConnectionError (node:net:1746:14)
[0]         at afterConnectMultiple (node:net:1776:16) {
[0]       errno: -61,
[0]       code: 'ECONNREFUSED',
[0]       syscall: 'connect',
[0]       address: '127.0.0.1',
[0]       port: 54388
[0]     }
[0]   ]
[0] }
[0] Session not found for token starting with: 45QPhy7JWU
[0] 2026-04-19T02:09:46.416Z - GET /v1/organization
[0] Error executing query:  SELECT id, "userId", "expiresAt" FROM "session" WHERE token = $1
[0] AggregateError
[0]     at internalConnectMultiple (node:net:1193:18)
[0]     at afterConnectMultiple (node:net:1783:7) {
[0]   code: 'ECONNREFUSED',
[0]   [errors]: [
[0]     Error: connect ECONNREFUSED ::1:54388
[0]         at createConnectionError (node:net:1746:14)
[0]         at afterConnectMultiple (node:net:1776:16) {
[0]       errno: -61,
[0]       code: 'ECONNREFUSED',
[0]       syscall: 'connect',
[0]       address: '::1',
[0]       port: 54388
[0]     },
[0]     Error: connect ECONNREFUSED 127.0.0.1:54388
[0]         at createConnectionError (node:net:1746:14)
[0]         at afterConnectMultiple (node:net:1776:16) {
[0]       errno: -61,
[0]       code: 'ECONNREFUSED',
[0]       syscall: 'connect',
[0]       address: '127.0.0.1',
[0]       port: 54388
[0]     }
[0]   ]
[0] }
[0] Session not found for token starting with: 45QPhy7JWU
[0] 2026-04-19T02:09:47.421Z - GET /v1/organization
[0] Error executing query:  SELECT id, "userId", "expiresAt" FROM "session" WHERE token = $1
[0] AggregateError
[0]     at internalConnectMultiple (node:net:1193:18)
[0]     at afterConnectMultiple (node:net:1783:7) {
[0]   code: 'ECONNREFUSED',
[0]   [errors]: [
[0]     Error: connect ECONNREFUSED ::1:54388
[0]         at createConnectionError (node:net:1746:14)
[0]         at afterConnectMultiple (node:net:1776:16) {
[0]       errno: -61,
[0]       code: 'ECONNREFUSED',
[0]       syscall: 'connect',
[0]       address: '::1',
[0]       port: 54388
[0]     },
[0]     Error: connect ECONNREFUSED 127.0.0.1:54388
[0]         at createConnectionError (node:net:1746:14)
[0]         at afterConnectMultiple (node:net:1776:16) {
[0]       errno: -61,
[0]       code: 'ECONNREFUSED',
[0]       syscall: 'connect',
[0]       address: '127.0.0.1',
[0]       port: 54388
[0]     }
[0]   ]
[0] }
[0] Session not found for token starting with: 45QPhy7JWU
[0] 2026-04-19T02:09:48.429Z - OPTIONS /v1/organization
[0] 2026-04-19T02:09:48.431Z - GET /v1/organization
[0] Error executing query:  SELECT id, "userId", "expiresAt" FROM "session" WHERE token = $1
[0] AggregateError
[0]     at internalConnectMultiple (node:net:1193:18)
[0]     at afterConnectMultiple (node:net:1783:7) {
[0]   code: 'ECONNREFUSED',
[0]   [errors]: [
[0]     Error: connect ECONNREFUSED ::1:54388
[0]         at createConnectionError (node:net:1746:14)
[0]         at afterConnectMultiple (node:net:1776:16) {
[0]       errno: -61,
[0]       code: 'ECONNREFUSED',
[0]       syscall: 'connect',
[0]       address: '::1',
[0]       port: 54388
[0]     },
[0]     Error: connect ECONNREFUSED 127.0.0.1:54388
[0]         at createConnectionError (node:net:1746:14)
[0]         at afterConnectMultiple (node:net:1776:16) {
[0]       errno: -61,
[0]       code: 'ECONNREFUSED',
[0]       syscall: 'connect',
[0]       address: '127.0.0.1',
[0]       port: 54388
[0]     }
[0]   ]
[0] }
[0] Session not found for token starting with: 45QPhy7JWU
[0] 2026-04-19T02:09:49.440Z - GET /v1/organization
[0] Error executing query:  SELECT id, "userId", "expiresAt" FROM "session" WHERE token = $1
[0] AggregateError
[0]     at internalConnectMultiple (node:net:1193:18)
[0]     at afterConnectMultiple (node:net:1783:7) {
[0]   code: 'ECONNREFUSED',
[0]   [errors]: [
[0]     Error: connect ECONNREFUSED ::1:54388
[0]         at createConnectionError (node:net:1746:14)
[0]         at afterConnectMultiple (node:net:1776:16) {
[0]       errno: -61,
[0]       code: 'ECONNREFUSED',
[0]       syscall: 'connect',
[0]       address: '::1',
[0]       port: 54388
[0]     },
[0]     Error: connect ECONNREFUSED 127.0.0.1:54388
[0]         at createConnectionError (node:net:1746:14)
[0]         at afterConnectMultiple (node:net:1776:16) {
[0]       errno: -61,
[0]       code: 'ECONNREFUSED',
[0]       syscall: 'connect',
[0]       address: '127.0.0.1',
[0]       port: 54388
[0]     }
[0]   ]
[0] }
[0] Session not found for token starting with: 45QPhy7JWU
[0] 2026-04-19T02:09:50.446Z - GET /v1/organization
[0] Session not found for token starting with: 45QPhy7JWU
[0] Error executing query:  SELECT id, "userId", "expiresAt" FROM "session" WHERE token = $1
[0] AggregateError
[0]     at internalConnectMultiple (node:net:1193:18)
[0]     at afterConnectMultiple (node:net:1783:7) {
[0]   code: 'ECONNREFUSED',
[0]   [errors]: [
[0]     Error: connect ECONNREFUSED ::1:54388
[0]         at createConnectionError (node:net:1746:14)
[0]         at afterConnectMultiple (node:net:1776:16) {
[0]       errno: -61,
[0]       code: 'ECONNREFUSED',
[0]       syscall: 'connect',
[0]       address: '::1',
[0]       port: 54388
[0]     },
[0]     Error: connect ECONNREFUSED 127.0.0.1:54388
[0]         at createConnectionError (node:net:1746:14)
[0]         at afterConnectMultiple (node:net:1776:16) {
[0]       errno: -61,
[0]       code: 'ECONNREFUSED',
[0]       syscall: 'connect',
[0]       address: '127.0.0.1',
[0]       port: 54388
[0]     }
[0]   ]
[0] }
[0] 2026-04-19T02:09:51.462Z - GET /v1/organization
[0] Error executing query:  SELECT id, "userId", "expiresAt" FROM "session" WHERE token = $1
[0] AggregateError
[0]     at internalConnectMultiple (node:net:1193:18)
[0]     at afterConnectMultiple (node:net:1783:7) {
[0]   code: 'ECONNREFUSED',
[0]   [errors]: [
[0]     Error: connect ECONNREFUSED ::1:54388
[0]         at createConnectionError (node:net:1746:14)
[0]         at afterConnectMultiple (node:net:1776:16) {
[0]       errno: -61,
[0]       code: 'ECONNREFUSED',
[0]       syscall: 'connect',
[0]       address: '::1',
[0]       port: 54388
[0]     },
[0]     Error: connect ECONNREFUSED 127.0.0.1:54388
[0]         at createConnectionError (node:net:1746:14)
[0]         at afterConnectMultiple (node:net:1776:16) {
[0]       errno: -61,
[0]       code: 'ECONNREFUSED',
[0]       syscall: 'connect',
[0]       address: '127.0.0.1',
[0]       port: 54388
[0]     }
[0]   ]
[0] }
[0] Session not found for token starting with: 45QPhy7JWU
[0] 2026-04-19T02:09:52.466Z - GET /v1/organization
[0] Error executing query:  SELECT id, "userId", "expiresAt" FROM "session" WHERE token = $1
[0] AggregateError
[0]     at internalConnectMultiple (node:net:1193:18)
[0]     at afterConnectMultiple (node:net:1783:7) {
[0]   code: 'ECONNREFUSED',
[0]   [errors]: [
[0]     Error: connect ECONNREFUSED ::1:54388
[0]         at createConnectionError (node:net:1746:14)
[0]         at afterConnectMultiple (node:net:1776:16) {
[0]       errno: -61,
[0]       code: 'ECONNREFUSED',
[0]       syscall: 'connect',
[0]       address: '::1',
[0]       port: 54388
[0]     },
[0]     Error: connect ECONNREFUSED 127.0.0.1:54388
[0]         at createConnectionError (node:net:1746:14)
[0]         at afterConnectMultiple (node:net:1776:16) {
[0]       errno: -61,
[0]       code: 'ECONNREFUSED',
[0]       syscall: 'connect',
[0]       address: '127.0.0.1',
[0]       port: 54388
[0]     }
[0]   ]
[0] }
[0] Session not found for token starting with: 45QPhy7JWU
[0] 2026-04-19T02:09:53.472Z - OPTIONS /v1/organization
[0] 2026-04-19T02:09:53.475Z - GET /v1/organization
[0] Error executing query:  SELECT id, "userId", "expiresAt" FROM "session" WHERE token = $1
[0] AggregateError
[0]     at internalConnectMultiple (node:net:1193:18)
[0]     at afterConnectMultiple (node:net:1783:7) {
[0]   code: 'ECONNREFUSED',
[0]   [errors]: [
[0]     Error: connect ECONNREFUSED ::1:54388
[0]         at createConnectionError (node:net:1746:14)
[0]         at afterConnectMultiple (node:net:1776:16) {
[0]       errno: -61,
[0]       code: 'ECONNREFUSED',
[0]       syscall: 'connect',
[0]       address: '::1',
[0]       port: 54388
[0]     },
[0]     Error: connect ECONNREFUSED 127.0.0.1:54388
[0]         at createConnectionError (node:net:1746:14)
[0]         at afterConnectMultiple (node:net:1776:16) {
[0]       errno: -61,
[0]       code: 'ECONNREFUSED',
[0]       syscall: 'connect',
[0]       address: '127.0.0.1',
[0]       port: 54388
[0]     }
[0]   ]
[0] }
[0] Session not found for token starting with: 45QPhy7JWU
[0] 2026-04-19T02:09:54.481Z - GET /v1/organization
[0] Error executing query:  SELECT id, "userId", "expiresAt" FROM "session" WHERE token = $1
[0] AggregateError
[0]     at internalConnectMultiple (node:net:1193:18)
[0]     at afterConnectMultiple (node:net:1783:7) {
[0]   code: 'ECONNREFUSED',
[0]   [errors]: [
[0]     Error: connect ECONNREFUSED ::1:54388
[0]         at createConnectionError (node:net:1746:14)
[0]         at afterConnectMultiple (node:net:1776:16) {
[0]       errno: -61,
[0]       code: 'ECONNREFUSED',
[0]       syscall: 'connect',
[0]       address: '::1',
[0]       port: 54388
[0]     },
[0]     Error: connect ECONNREFUSED 127.0.0.1:54388
[0]         at createConnectionError (node:net:1746:14)
[0]         at afterConnectMultiple (node:net:1776:16) {
[0]       errno: -61,
[0]       code: 'ECONNREFUSED',
[0]       syscall: 'connect',
[0]       address: '127.0.0.1',
[0]       port: 54388
[0]     }
[0]   ]
[0] }
[0] Session not found for token starting with: 45QPhy7JWU
[0] 2026-04-19T02:09:55.488Z - GET /v1/organization
[0] Error executing query:  SELECT id, "userId", "expiresAt" FROM "session" WHERE token = $1
[0] AggregateError
[0]     at internalConnectMultiple (node:net:1193:18)
[0]     at afterConnectMultiple (node:net:1783:7) {
[0]   code: 'ECONNREFUSED',
[0]   [errors]: [
[0]     Error: connect ECONNREFUSED ::1:54388
[0]         at createConnectionError (node:net:1746:14)
[0]         at afterConnectMultiple (node:net:1776:16) {
[0]       errno: -61,
[0]       code: 'ECONNREFUSED',
[0]       syscall: 'connect',
[0]       address: '::1',
[0]       port: 54388
[0]     },
[0]     Error: connect ECONNREFUSED 127.0.0.1:54388
[0]         at createConnectionError (node:net:1746:14)
[0]         at afterConnectMultiple (node:net:1776:16) {
[0]       errno: -61,
[0]       code: 'ECONNREFUSED',
[0]       syscall: 'connect',
[0]       address: '127.0.0.1',
[0]       port: 54388
[0]     }
[0]   ]
[0] }
[0] Session not found for token starting with: 45QPhy7JWU
[0] 2026-04-19T02:09:56.492Z - GET /v1/organization
[0] Error executing query:  SELECT id, "userId", "expiresAt" FROM "session" WHERE token = $1
[0] AggregateError
[0]     at internalConnectMultiple (node:net:1193:18)
[0]     at afterConnectMultiple (node:net:1783:7) {
[0]   code: 'ECONNREFUSED',
[0]   [errors]: [
[0]     Error: connect ECONNREFUSED ::1:54388
[0]         at createConnectionError (node:net:1746:14)
[0]         at afterConnectMultiple (node:net:1776:16) {
[0]       errno: -61,
[0]       code: 'ECONNREFUSED',
[0]       syscall: 'connect',
[0]       address: '::1',
[0]       port: 54388
[0]     },
[0]     Error: connect ECONNREFUSED 127.0.0.1:54388
[0]         at createConnectionError (node:net:1746:14)
[0]         at afterConnectMultiple (node:net:1776:16) {
[0]       errno: -61,
[0]       code: 'ECONNREFUSED',
[0]       syscall: 'connect',
[0]       address: '127.0.0.1',
[0]       port: 54388
[0]     }
[0]   ]
[0] }
[0] Session not found for token starting with: 45QPhy7JWU
[1] [32m[nodemon] restarting child process[39m
[1] [32m[nodemon] starting `python3 genTypes.py`[39m
[0] [32m[nodemon] restarting child process[39m
[1] [32m[nodemon] restarting child process[39m
[0] [32m[nodemon] starting `ts-node src/index.ts`[39m
[0] [32m[nodemon] restarting child process[39m
[0] [32m[nodemon] starting `ts-node src/index.ts`[39m
[1] [32m[nodemon] starting `python3 genTypes.py`[39m
[0] Loading environment variables...
[1] dyld[62515]: Library not loaded: /Library/Frameworks/Python.framework/Versions/3.12/Python
[1]   Referenced from: <BFD3E8E9-B202-36F5-9E93-F56DA6168749> /Library/Frameworks/Python.framework/Versions/3.12/bin/python3.12
[1]   Reason: tried: '/Library/Frameworks/Python.framework/Versions/3.12/Python' (code signature in <18014B6A-83B2-3159-84F6-5284D0610213> '/Library/Frameworks/Python.framework/Versions/3.12/Python' not valid for use in process: library load denied by system policy), '/System/Volumes/Preboot/Cryptexes/OS/Library/Frameworks/Python.framework/Versions/3.12/Python' (no such file), '/Library/Frameworks/Python.framework/Versions/3.12/Python' (code signature in <18014B6A-83B2-3159-84F6-5284D0610213> '/Library/Frameworks/Python.framework/Versions/3.12/Python' not valid for use in process: library load denied by system policy), '/System/Library/Frameworks/Python.framework/Versions/3.12/Python' (no such file, not in dyld cache)
[1] [31m[nodemon] app crashed - waiting for file changes before starting...[39m
[0] [2026-04-19T02:09:59.261Z][WARN][@clickhouse/client][Config] "host" is deprecated. Use "url" instead.
[0] [2026-04-19T02:09:59.261Z][WARN][@clickhouse/client][Config] "host" is deprecated. Use "url" instead.
[0] [33m⚠️  Warning: @helicone/prompts package is deprecated and will no longer receive updates.[0m
[0] Server is running on http://localhost:8585
[0] Destroying pool
[0] AggregateError
[0]     at internalConnectMultiple (node:net:1193:18)
[0]     at afterConnectMultiple (node:net:1783:7) {
[0]   code: 'ECONNREFUSED',
[0]   [errors]: [
[0]     Error: connect ECONNREFUSED ::1:54388
[0]         at createConnectionError (node:net:1746:14)
[0]         at afterConnectMultiple (node:net:1776:16) {
[0]       errno: -61,
[0]       code: 'ECONNREFUSED',
[0]       syscall: 'connect',
[0]       address: '::1',
[0]       port: 54388
[0]     },
[0]     Error: connect ECONNREFUSED 127.0.0.1:54388
[0]         at createConnectionError (node:net:1746:14)
[0]         at afterConnectMultiple (node:net:1776:16) {
[0]       errno: -61,
[0]       code: 'ECONNREFUSED',
[0]       syscall: 'connect',
[0]       address: '127.0.0.1',
[0]       port: 54388
[0]     }
[0]   ]
[0] }
[0] [31m[nodemon] app crashed - waiting for file changes before starting...[39m
[0] nodemon exited with code 143
[1] nodemon -x python3 genTypes.py exited with code 143
